[buoy_visualizer-5] [INFO] [1771741073.372308216] [buoy_visualizer]: Buoy visualizer node started
[buoy_visualizer-5] [INFO] [1771741073.373315072] [buoy_visualizer]: Marker parameters: height=0.3m, radius=0.1m, lifetime=0.5s
[buoy_visualizer-5] [INFO] [1771741074.338411954] [buoy_visualizer]: Buoy 0: range=12.07m, bearing=-18.5°, position=(11.45, -3.83), confidence=0.50
[buoy_visualizer-5] [INFO] [1771741074.339321330] [buoy_visualizer]: Buoy 1: range=9.34m, bearing=-0.3°, position=(9.34, -0.04), confidence=0.38
[buoy_visualizer-5] [INFO] [1771741074.344959138] [buoy_visualizer]: Buoy 2: range=0.32m, bearing=-162.4°, position=(-0.30, -0.10), confidence=1.00
[buoy_visualizer-5] [INFO] [1771741074.346245277] [buoy_visualizer]: Buoy 3: range=1.12m, bearing=14.0°, position=(1.09, 0.27), confidence=0.38
[buoy_visualizer-5] [INFO] [1771741074.347182335] [buoy_visualizer]: Buoy 4: range=7.00m, bearing=67.3°, position=(2.70, 6.46), confidence=1.00
[buoy_visualizer-5] [INFO] [1771741074.348027291] [buoy_visualizer]: Buoy 5: range=9.46m, bearing=11.1°, position=(9.28, 1.83), confidence=0.38
[buoy_visualizer-5] [INFO] [1771741074.352323884] [buoy_visualizer]: Buoy 6: range=3.48m, bearing=-104.8°, position=(-0.89, -3.37), confidence=0.88
[buoy_visualizer-5] [INFO] [1771741074.355715132] [buoy_visualizer]: Buoy 7: range=6.89m, bearing=33.9°, position=(5.72, 3.84), confidence=0.50
[buoy_visualizer-5] [INFO] [1771741074.357290316] [buoy_visualizer]: Buoy 8: range=13.64m, bearing=-31.1°, position=(11.67, -7.05), confidence=1.00
[buoy_visualizer-5] [INFO] [1771741074.358217069] [buoy_visualizer]: Buoy 9: range=9.71m, bearing=-13.7°, position=(9.43, -2.30), confidence=0.62
[buoy_visualizer-5] [INFO] [1771741074.359022470] [buoy_visualizer]: Buoy 10: range=9.59m, bearing=45.3°, position=(6.74, 6.82), confidence=1.00
[buoy_visualizer-5] [INFO] [1771741074.359800862] [buoy_visualizer]: Buoy 11: range=8.63m, bearing=-31.0°, position=(7.40, -4.45), confidence=0.25
[buoy_visualizer-5] [INFO] [1771741074.362642279] [buoy_visualizer]: Published 12 buoy markers
[buoy_visualizer-5] [INFO] [1771741074.432269197] [buoy_visualizer]: Buoy 0: range=12.06m, bearing=-18.3°, position=(11.46, -3.78), confidence=0.75
[buoy_visualizer-5] [INFO] [1771741074.433233585] [buoy_visualizer]: Buoy 1: range=9.34m, bearing=-0.3°, position=(9.34, -0.04), confidence=0.38
[buoy_visualizer-5] [INFO] [1771741074.434410213] [buoy_visualizer]: Buoy 2: range=0.32m, bearing=-162.3°, position=(-0.30, -0.10), confidence=1.00
[buoy_visualizer-5] [INFO] [1771741074.435192380] [buoy_visualizer]: Buoy 3: range=1.12m, bearing=14.0°, position=(1.09, 0.27), confidence=0.38
[buoy_visualizer-5] [INFO] [1771741074.435942609] [buoy_visualizer]: Buoy 4: range=7.02m, bearing=67.1°, position=(2.73, 6.47), confidence=1.00
[buoy_visualizer-5] [INFO] [1771741074.437058240] [buoy_visualizer]: Buoy 5: range=9.46m, bearing=11.1°, position=(9.28, 1.83), confidence=0.38
[buoy_visualizer-5] [INFO] [1771741074.437889339] [buoy_visualizer]: Buoy 6: range=3.48m, bearing=-105.1°, position=(-0.91, -3.36), confidence=1.00
[buoy_visualizer-5] [INFO] [1771741074.439829317] [buoy_visualizer]: Buoy 7: range=6.89m, bearing=33.9°, position=(5.72, 3.84), confidence=0.50
[buoy_visualizer-5] [INFO] [1771741074.441134465] [buoy_visualizer]: Buoy 8: range=9.71m, bearing=-13.7°, position=(9.43, -2.30), confidence=0.62
[buoy_visualizer-5] [INFO] [1771741074.442201485] [buoy_visualizer]: Buoy 9: range=9.60m, bearing=45.4°, position=(6.74, 6.84), confidence=1.00
[buoy_visualizer-5] [INFO] [1771741074.443479623] [buoy_visualizer]: Buoy 10: range=8.63m, bearing=-31.0°, position=(7.40, -4.45), confidence=0.25
[buoy_visualizer-5] [INFO] [1771741074.444728512] [buoy_visualizer]: Buoy 11: range=7.36m, bearing=-24.6°, position=(6.69, -3.07), confidence=0.25
[buoy_visualizer-5] [INFO] [1771741074.446681834] [buoy_visualizer]: Published 12 buoy markers
[buoy_visualizer-5] [INFO] [1771741074.540042882] [buoy_visualizer]: Buoy 0: range=6.89m, bearing=33.8°, position=(5.72, 3.84), confidence=0.62
[buoy_visualizer-5] [INFO] [1771741074.541060810] [buoy_visualizer]: Buoy 1: range=9.71m, bearing=-13.7°, position=(9.43, -2.30), confidence=0.62
[buoy_visualizer-5] [INFO] [1771741074.541919495] [buoy_visualizer]: Buoy 2: range=9.60m, bearing=45.4°, position=(6.74, 6.84), confidence=1.00
[buoy_visualizer-5] [INFO] [1771741074.542736769] [buoy_visualizer]: Buoy 3: range=7.02m, bearing=67.2°, position=(2.73, 6.47), confidence=1.00
[buoy_visualizer-5] [INFO] [1771741074.543525753] [buoy_visualizer]: Buoy 4: range=9.44m, bearing=9.5°, position=(9.31, 1.56), confidence=0.38
[buoy_visualizer-5] [INFO] [1771741074.545069799] [buoy_visualizer]: Buoy 5: range=3.49m, bearing=-105.4°, position=(-0.92, -3.36), confidence=1.00
[buoy_visualizer-5] [INFO] [1771741074.546251354] [buoy_visualizer]: Buoy 6: range=12.03m, bearing=-17.5°, position=(11.47, -3.62), confidence=0.50
[buoy_visualizer-5] [INFO] [1771741074.547085109] [buoy_visualizer]: Buoy 7: range=0.32m, bearing=-162.5°, position=(-0.30, -0.09), confidence=1.00
[buoy_visualizer-5] [INFO] [1771741074.547847883] [buoy_visualizer]: Buoy 8: range=1.30m, bearing=10.4°, position=(1.28, 0.24), confidence=0.25
[buoy_visualizer-5] [INFO] [1771741074.548669062] [buoy_visualizer]: Buoy 9: range=9.32m, bearing=-0.6°, position=(9.32, -0.10), confidence=0.25
[buoy_visualizer-5] [INFO] [1771741074.549443933] [buoy_visualizer]: Buoy 10: range=8.63m, bearing=-31.0°, position=(7.40, -4.45), confidence=0.25
[buoy_visualizer-5] [INFO] [1771741074.550224980] [buoy_visualizer]: Buoy 11: range=7.35m, bearing=-24.3°, position=(6.70, -3.03), confidence=0.38
[buoy_visualizer-5] [INFO] [1771741074.551949070] [buoy_visualizer]: Published 12 buoy markers
[buoy_visualizer-5] [INFO] [1771741074.657754168] [buoy_visualizer]: Buoy 0: range=3.48m, bearing=-105.6°, position=(-0.93, -3.36), confidence=1.00
[buoy_visualizer-5] [INFO] [1771741074.658752159] [buoy_visualizer]: Buoy 1: range=7.02m, bearing=67.2°, position=(2.72, 6.47), confidence=1.00
[buoy_visualizer-5] [INFO] [1771741074.660131104] [buoy_visualizer]: Buoy 2: range=12.03m, bearing=-17.5°, position=(11.47, -3.62), confidence=0.50
[buoy_visualizer-5] [INFO] [1771741074.661291027] [buoy_visualizer]: Buoy 3: range=9.79m, bearing=-15.3°, position=(9.44, -2.59), confidence=0.38
[buoy_visualizer-5] [INFO] [1771741074.662428227] [buoy_visualizer]: Buoy 4: range=0.32m, bearing=-162.6°, position=(-0.31, -0.10), confidence=1.00
[buoy_visualizer-5] [INFO] [1771741074.666261715] [buoy_visualizer]: Buoy 5: range=9.63m, bearing=45.0°, position=(6.82, 6.80), confidence=1.00
[buoy_visualizer-5] [INFO] [1771741074.671544233] [buoy_visualizer]: Buoy 6: range=1.30m, bearing=10.4°, position=(1.28, 0.24), confidence=0.25
[buoy_visualizer-5] [INFO] [1771741074.673521205] [buoy_visualizer]: Buoy 7: range=6.90m, bearing=33.7°, position=(5.74, 3.82), confidence=0.50
[buoy_visualizer-5] [INFO] [1771741074.675297683] [buoy_visualizer]: Buoy 8: range=9.32m, bearing=-0.6°, position=(9.32, -0.10), confidence=0.25
[buoy_visualizer-5] [INFO] [1771741074.676427683] [buoy_visualizer]: Buoy 9: range=9.46m, bearing=9.0°, position=(9.34, 1.48), confidence=0.25
[buoy_visualizer-5] [INFO] [1771741074.677808677] [buoy_visualizer]: Buoy 10: range=8.63m, bearing=-31.0°, position=(7.40, -4.45), confidence=0.25
[buoy_visualizer-5] [INFO] [1771741074.678770441] [buoy_visualizer]: Buoy 11: range=7.35m, bearing=-24.3°, position=(6.70, -3.03), confidence=0.38
[buoy_visualizer-5] [INFO] [1771741074.680868510] [buoy_visualizer]: Published 12 buoy markers
[buoy_visualizer-5] [INFO] [1771741074.772843124] [buoy_visualizer]: Buoy 0: range=6.90m, bearing=33.6°, position=(5.75, 3.81), confidence=0.75
[buoy_visualizer-5] [INFO] [1771741074.774898117] [buoy_visualizer]: Buoy 1: range=3.49m, bearing=-105.9°, position=(-0.96, -3.35), confidence=1.00
[buoy_visualizer-5] [INFO] [1771741074.776157887] [buoy_visualizer]: Buoy 2: range=9.31m, bearing=-1.4°, position=(9.31, -0.23), confidence=1.00
[buoy_visualizer-5] [INFO] [1771741074.777380053] [buoy_visualizer]: Buoy 3: range=0.32m, bearing=-162.5°, position=(-0.31, -0.10), confidence=1.00
[buoy_visualizer-5] [INFO] [1771741074.778638606] [buoy_visualizer]: Buoy 4: range=6.99m, bearing=67.2°, position=(2.71, 6.45), confidence=1.00
[buoy_visualizer-5] [INFO] [1771741074.779827011] [buoy_visualizer]: Buoy 5: range=9.46m, bearing=9.0°, position=(9.34, 1.48), confidence=0.25
[buoy_visualizer-5] [INFO] [1771741074.781104125] [buoy_visualizer]: Buoy 6: range=1.32m, bearing=9.2°, position=(1.31, 0.21), confidence=0.38
[buoy_visualizer-5] [INFO] [1771741074.782307634] [buoy_visualizer]: Buoy 7: range=9.66m, bearing=45.0°, position=(6.83, 6.84), confidence=0.88
[buoy_visualizer-5] [INFO] [1771741074.783504455] [buoy_visualizer]: Buoy 8: range=8.63m, bearing=-31.0°, position=(7.40, -4.45), confidence=0.25
[buoy_visualizer-5] [INFO] [1771741074.785746758] [buoy_visualizer]: Published 9 buoy markers
[buoy_visualizer-5] [INFO] [1771741074.898644135] [buoy_visualizer]: Buoy 0: range=6.97m, bearing=67.6°, position=(2.65, 6.45), confidence=1.00
[buoy_visualizer-5] [INFO] [1771741074.900512139] [buoy_visualizer]: Buoy 1: range=0.31m, bearing=-163.7°, position=(-0.30, -0.09), confidence=1.00
[buoy_visualizer-5] [INFO] [1771741074.902034583] [buoy_visualizer]: Buoy 2: range=6.90m, bearing=33.6°, position=(5.74, 3.82), confidence=0.62
[buoy_visualizer-5] [INFO] [1771741074.903398391] [buoy_visualizer]: Buoy 3: range=11.43m, bearing=-32.1°, position=(9.68, -6.07), confidence=0.62
[buoy_visualizer-5] [INFO] [1771741074.905467786] [buoy_visualizer]: Buoy 4: range=9.62m, bearing=-11.6°, position=(9.42, -1.94), confidence=0.25
[buoy_visualizer-5] [INFO] [1771741074.906910576] [buoy_visualizer]: Buoy 5: range=1.31m, bearing=9.4°, position=(1.30, 0.21), confidence=0.75
[buoy_visualizer-5] [INFO] [1771741074.908546020] [buoy_visualizer]: Buoy 6: range=9.66m, bearing=45.0°, position=(6.83, 6.84), confidence=0.88
[buoy_visualizer-5] [INFO] [1771741074.910015660] [buoy_visualizer]: Buoy 7: range=8.63m, bearing=-31.0°, position=(7.40, -4.45), confidence=0.25
[buoy_visualizer-5] [INFO] [1771741074.911477812] [buoy_visualizer]: Buoy 8: range=3.46m, bearing=-106.0°, position=(-0.95, -3.33), confidence=1.00
[buoy_visualizer-5] [INFO] [1771741074.912954493] [buoy_visualizer]: Buoy 9: range=7.33m, bearing=-24.4°, position=(6.68, -3.03), confidence=0.62
[buoy_visualizer-5] [INFO] [1771741074.914310365] [buoy_visualizer]: Buoy 10: range=7.77m, bearing=-37.7°, position=(6.15, -4.75), confidence=0.25
[buoy_visualizer-5] [INFO] [1771741074.917294064] [buoy_visualizer]: Published 11 buoy markers
[buoy_visualizer-5] [INFO] [1771741075.006250864] [buoy_visualizer]: Buoy 0: range=9.61m, bearing=44.9°, position=(6.81, 6.78), confidence=1.00
[buoy_visualizer-5] [INFO] [1771741075.008211419] [buoy_visualizer]: Buoy 1: range=3.46m, bearing=-105.9°, position=(-0.95, -3.33), confidence=1.00
[buoy_visualizer-5] [INFO] [1771741075.009234211] [buoy_visualizer]: Buoy 2: range=6.97m, bearing=67.7°, position=(2.64, 6.45), confidence=1.00
[buoy_visualizer-5] [INFO] [1771741075.010171430] [buoy_visualizer]: Buoy 3: range=12.48m, bearing=-22.7°, position=(11.51, -4.82), confidence=1.00
[buoy_visualizer-5] [INFO] [1771741075.010984735] [buoy_visualizer]: Buoy 4: range=0.30m, bearing=-164.5°, position=(-0.29, -0.08), confidence=1.00
[buoy_visualizer-5] [INFO] [1771741075.011757238] [buoy_visualizer]: Buoy 5: range=7.33m, bearing=-24.4°, position=(6.68, -3.03), confidence=0.62
[buoy_visualizer-5] [INFO] [1771741075.015642505] [buoy_visualizer]: Buoy 6: range=6.90m, bearing=33.6°, position=(5.75, 3.82), confidence=0.50
[buoy_visualizer-5] [INFO] [1771741075.020637355] [buoy_visualizer]: Buoy 7: range=13.57m, bearing=-31.3°, position=(11.59, -7.04), confidence=0.25
[buoy_visualizer-5] [INFO] [1771741075.029381111] [buoy_visualizer]: Buoy 8: range=7.77m, bearing=-37.7°, position=(6.15, -4.75), confidence=0.25
[buoy_visualizer-5] [INFO] [1771741075.043719503] [buoy_visualizer]: Buoy 9: range=1.31m, bearing=10.3°, position=(1.29, 0.23), confidence=0.75
[buoy_visualizer-5] [INFO] [1771741075.057920669] [buoy_visualizer]: Published 10 buoy markers
[buoy_visualizer-5] [INFO] [1771741075.116710818] [buoy_visualizer]: Buoy 0: range=3.45m, bearing=-105.7°, position=(-0.93, -3.32), confidence=1.00
[buoy_visualizer-5] [INFO] [1771741075.118078915] [buoy_visualizer]: Buoy 1: range=7.34m, bearing=-23.0°, position=(6.75, -2.86), confidence=0.88
[buoy_visualizer-5] [INFO] [1771741075.119249654] [buoy_visualizer]: Buoy 2: range=0.31m, bearing=-164.2°, position=(-0.30, -0.08), confidence=1.00
[buoy_visualizer-5] [INFO] [1771741075.120786435] [buoy_visualizer]: Buoy 3: range=6.90m, bearing=33.6°, position=(5.75, 3.82), confidence=0.50
[buoy_visualizer-5] [INFO] [1771741075.122862358] [buoy_visualizer]: Buoy 4: range=13.57m, bearing=-31.3°, position=(11.59, -7.04), confidence=0.25
[buoy_visualizer-5] [INFO] [1771741075.124373505] [buoy_visualizer]: Buoy 5: range=9.61m, bearing=44.7°, position=(6.83, 6.76), confidence=0.88
[buoy_visualizer-5] [INFO] [1771741075.125525682] [buoy_visualizer]: Buoy 6: range=6.96m, bearing=67.8°, position=(2.63, 6.44), confidence=1.00
[buoy_visualizer-5] [INFO] [1771741075.126642337] [buoy_visualizer]: Buoy 7: range=1.29m, bearing=7.6°, position=(1.28, 0.17), confidence=1.00
[buoy_visualizer-5] [INFO] [1771741075.127768817] [buoy_visualizer]: Buoy 8: range=12.49m, bearing=-22.4°, position=(11.55, -4.76), confidence=1.00
[buoy_visualizer-5] [INFO] [1771741075.129296477] [buoy_visualizer]: Published 9 buoy markers
[buoy_visualizer-5] [INFO] [1771741075.240446880] [buoy_visualizer]: Buoy 0: range=9.61m, bearing=44.7°, position=(6.83, 6.76), confidence=0.88
[buoy_visualizer-5] [INFO] [1771741075.242296067] [buoy_visualizer]: Buoy 1: range=6.97m, bearing=67.7°, position=(2.65, 6.45), confidence=1.00
[buoy_visualizer-5] [INFO] [1771741075.245241492] [buoy_visualizer]: Buoy 2: range=3.45m, bearing=-106.0°, position=(-0.95, -3.32), confidence=0.88
[buoy_visualizer-5] [INFO] [1771741075.246668185] [buoy_visualizer]: Buoy 3: range=0.31m, bearing=-164.2°, position=(-0.30, -0.08), confidence=1.00
[buoy_visualizer-5] [INFO] [1771741075.248795792] [buoy_visualizer]: Buoy 4: range=1.31m, bearing=8.6°, position=(1.29, 0.20), confidence=1.00
[buoy_visualizer-5] [INFO] [1771741075.249761652] [buoy_visualizer]: Buoy 5: range=7.34m, bearing=-22.8°, position=(6.76, -2.85), confidence=0.75
[buoy_visualizer-5] [INFO] [1771741075.250594799] [buoy_visualizer]: Buoy 6: range=12.49m, bearing=-22.4°, position=(11.55, -4.76), confidence=1.00
[buoy_visualizer-5] [INFO] [1771741075.251386471] [buoy_visualizer]: Buoy 7: range=9.32m, bearing=-0.2°, position=(9.32, -0.03), confidence=1.00
[buoy_visualizer-5] [INFO] [1771741075.252206913] [buoy_visualizer]: Buoy 8: range=6.89m, bearing=34.0°, position=(5.71, 3.86), confidence=0.50
[buoy_visualizer-5] [INFO] [1771741075.253739854] [buoy_visualizer]: Published 9 buoy markers
[buoy_visualizer-5] [INFO] [1771741075.354118613] [buoy_visualizer]: Buoy 0: range=1.30m, bearing=8.5°, position=(1.28, 0.19), confidence=1.00
[buoy_visualizer-5] [INFO] [1771741075.355136510] [buoy_visualizer]: Buoy 1: range=9.60m, bearing=44.5°, position=(6.85, 6.73), confidence=0.75
[buoy_visualizer-5] [INFO] [1771741075.356160934] [buoy_visualizer]: Buoy 2: range=6.97m, bearing=68.4°, position=(2.56, 6.48), confidence=1.00
[buoy_visualizer-5] [INFO] [1771741075.356954878] [buoy_visualizer]: Buoy 3: range=7.34m, bearing=-22.8°, position=(6.76, -2.85), confidence=0.75
[buoy_visualizer-5] [INFO] [1771741075.357731605] [buoy_visualizer]: Buoy 4: range=12.48m, bearing=-21.9°, position=(11.58, -4.64), confidence=1.00
[buoy_visualizer-5] [INFO] [1771741075.358526862] [buoy_visualizer]: Buoy 5: range=9.30m, bearing=0.9°, position=(9.30, 0.15), confidence=1.00
[buoy_visualizer-5] [INFO] [1771741075.359582809] [buoy_visualizer]: Buoy 6: range=6.89m, bearing=34.0°, position=(5.71, 3.86), confidence=0.50
[buoy_visualizer-5] [INFO] [1771741075.361279985] [buoy_visualizer]: Buoy 7: range=3.46m, bearing=-104.5°, position=(-0.87, -3.35), confidence=1.00
[buoy_visualizer-5] [INFO] [1771741075.362352029] [buoy_visualizer]: Buoy 8: range=0.31m, bearing=-163.8°, position=(-0.30, -0.09), confidence=1.00
[buoy_visualizer-5] [INFO] [1771741075.363838502] [buoy_visualizer]: Published 9 buoy markers
[buoy_visualizer-5] [INFO] [1771741075.459008381] [buoy_visualizer]: Buoy 0: range=1.29m, bearing=9.5°, position=(1.27, 0.21), confidence=1.00
[buoy_visualizer-5] [INFO] [1771741075.459935198] [buoy_visualizer]: Buoy 1: range=6.96m, bearing=70.1°, position=(2.37, 6.54), confidence=1.00
[buoy_visualizer-5] [INFO] [1771741075.460783610] [buoy_visualizer]: Buoy 2: range=0.31m, bearing=-163.8°, position=(-0.30, -0.09), confidence=1.00
[buoy_visualizer-5] [INFO] [1771741075.461580051] [buoy_visualizer]: Buoy 3: range=12.49m, bearing=-21.6°, position=(11.61, -4.60), confidence=1.00
[buoy_visualizer-5] [INFO] [1771741075.463716426] [buoy_visualizer]: Buoy 4: range=9.32m, bearing=4.3°, position=(9.29, 0.70), confidence=1.00
[buoy_visualizer-5] [INFO] [1771741075.465153040] [buoy_visualizer]: Buoy 5: range=6.89m, bearing=34.7°, position=(5.66, 3.92), confidence=0.25
[buoy_visualizer-5] [INFO] [1771741075.466156887] [buoy_visualizer]: Buoy 6: range=9.54m, bearing=44.8°, position=(6.77, 6.72), confidence=0.50
[buoy_visualizer-5] [INFO] [1771741075.467018996] [buoy_visualizer]: Buoy 7: range=3.45m, bearing=-102.4°, position=(-0.74, -3.37), confidence=1.00
[buoy_visualizer-5] [INFO] [1771741075.467838254] [buoy_visualizer]: Buoy 8: range=7.14m, bearing=-21.6°, position=(6.64, -2.63), confidence=0.75
[buoy_visualizer-5] [INFO] [1771741075.468912570] [buoy_visualizer]: Buoy 9: range=12.13m, bearing=-10.4°, position=(11.93, -2.18), confidence=0.25
[buoy_visualizer-5] [INFO] [1771741075.470473545] [buoy_visualizer]: Published 10 buoy markers
[buoy_visualizer-5] [INFO] [1771741075.570976505] [buoy_visualizer]: Buoy 0: range=9.54m, bearing=44.8°, position=(6.77, 6.72), confidence=0.50
[buoy_visualizer-5] [INFO] [1771741075.571901851] [buoy_visualizer]: Buoy 1: range=1.28m, bearing=12.8°, position=(1.25, 0.28), confidence=1.00
[buoy_visualizer-5] [INFO] [1771741075.572766808] [buoy_visualizer]: Buoy 2: range=12.36m, bearing=-20.0°, position=(11.61, -4.23), confidence=0.75
[buoy_visualizer-5] [INFO] [1771741075.573565713] [buoy_visualizer]: Buoy 3: range=9.36m, bearing=3.9°, position=(9.33, 0.64), confidence=1.00
[buoy_visualizer-5] [INFO] [1771741075.574370986] [buoy_visualizer]: Buoy 4: range=0.33m, bearing=-162.6°, position=(-0.32, -0.10), confidence=1.00
[buoy_visualizer-5] [INFO] [1771741075.575145473] [buoy_visualizer]: Buoy 5: range=7.12m, bearing=-21.0°, position=(6.65, -2.55), confidence=0.88
[buoy_visualizer-5] [INFO] [1771741075.575889877] [buoy_visualizer]: Buoy 6: range=8.46m, bearing=37.1°, position=(6.75, 5.10), confidence=0.25
[buoy_visualizer-5] [INFO] [1771741075.576805046] [buoy_visualizer]: Buoy 7: range=12.10m, bearing=-9.6°, position=(11.93, -2.02), confidence=0.50
[buoy_visualizer-5] [INFO] [1771741075.578210234] [buoy_visualizer]: Published 8 buoy markers
[buoy_visualizer-5] [INFO] [1771741075.669756880] [buoy_visualizer]: Buoy 0: range=12.35m, bearing=-19.9°, position=(11.62, -4.20), confidence=0.62
[buoy_visualizer-5] [INFO] [1771741075.670685105] [buoy_visualizer]: Buoy 1: range=1.28m, bearing=14.1°, position=(1.24, 0.31), confidence=1.00
[buoy_visualizer-5] [INFO] [1771741075.671491146] [buoy_visualizer]: Buoy 2: range=0.32m, bearing=-164.4°, position=(-0.31, -0.09), confidence=1.00
[buoy_visualizer-5] [INFO] [1771741075.672307556] [buoy_visualizer]: Buoy 3: range=8.46m, bearing=37.1°, position=(6.75, 5.10), confidence=0.25
[buoy_visualizer-5] [INFO] [1771741075.673099356] [buoy_visualizer]: Buoy 4: range=12.04m, bearing=-7.7°, position=(11.93, -1.61), confidence=0.88
[buoy_visualizer-5] [INFO] [1771741075.673850930] [buoy_visualizer]: Buoy 5: range=6.94m, bearing=45.4°, position=(4.87, 4.94), confidence=0.25
[buoy_visualizer-5] [INFO] [1771741075.674957600] [buoy_visualizer]: Buoy 6: range=6.48m, bearing=-4.8°, position=(6.46, -0.55), confidence=0.38
[buoy_visualizer-5] [INFO] [1771741075.675785659] [buoy_visualizer]: Buoy 7: range=8.17m, bearing=16.3°, position=(7.84, 2.29), confidence=0.25
[buoy_visualizer-5] [INFO] [1771741075.677154492] [buoy_visualizer]: Published 8 buoy markers
[buoy_visualizer-5] [INFO] [1771741075.786386550] [buoy_visualizer]: Buoy 0: range=0.32m, bearing=-165.0°, position=(-0.31, -0.08), confidence=1.00
[buoy_visualizer-5] [INFO] [1771741075.788251067] [buoy_visualizer]: Buoy 1: range=6.56m, bearing=36.8°, position=(5.25, 3.93), confidence=0.25
[buoy_visualizer-5] [INFO] [1771741075.790060539] [buoy_visualizer]: Buoy 2: range=1.37m, bearing=19.7°, position=(1.29, 0.46), confidence=1.00
[buoy_visualizer-5] [INFO] [1771741075.791527843] [buoy_visualizer]: Buoy 3: range=12.39m, bearing=-19.0°, position=(11.72, -4.02), confidence=0.25
[buoy_visualizer-5] [INFO] [1771741075.792946279] [buoy_visualizer]: Buoy 4: range=8.46m, bearing=37.1°, position=(6.75, 5.10), confidence=0.25
[buoy_visualizer-5] [INFO] [1771741075.793996914] [buoy_visualizer]: Buoy 5: range=12.04m, bearing=-7.7°, position=(11.93, -1.61), confidence=0.88
[buoy_visualizer-5] [INFO] [1771741075.794907730] [buoy_visualizer]: Buoy 6: range=8.22m, bearing=6.5°, position=(8.16, 0.94), confidence=0.25
[buoy_visualizer-5] [INFO] [1771741075.795892696] [buoy_visualizer]: Buoy 7: range=9.61m, bearing=29.0°, position=(8.41, 4.66), confidence=0.75
[buoy_visualizer-5] [INFO] [1771741075.796873982] [buoy_visualizer]: Buoy 8: range=8.32m, bearing=26.3°, position=(7.46, 3.68), confidence=0.25
[buoy_visualizer-5] [INFO] [1771741075.798051761] [buoy_visualizer]: Buoy 9: range=6.92m, bearing=47.0°, position=(4.72, 5.06), confidence=0.50
[buoy_visualizer-5] [INFO] [1771741075.799003636] [buoy_visualizer]: Buoy 10: range=8.17m, bearing=16.3°, position=(7.84, 2.29), confidence=0.25
[buoy_visualizer-5] [INFO] [1771741075.800046974] [buoy_visualizer]: Buoy 11: range=7.26m, bearing=-9.4°, position=(7.16, -1.19), confidence=0.75
[buoy_visualizer-5] [INFO] [1771741075.801994504] [buoy_visualizer]: Published 12 buoy markers
[buoy_visualizer-5] [INFO] [1771741075.919474603] [buoy_visualizer]: Buoy 0: range=6.98m, bearing=79.4°, position=(1.28, 6.86), confidence=1.00
[buoy_visualizer-5] [INFO] [1771741075.922171498] [buoy_visualizer]: Buoy 1: range=12.39m, bearing=-19.0°, position=(11.72, -4.02), confidence=0.25
[buoy_visualizer-5] [INFO] [1771741075.924755778] [buoy_visualizer]: Buoy 2: range=0.32m, bearing=-165.2°, position=(-0.31, -0.08), confidence=1.00
[buoy_visualizer-5] [INFO] [1771741075.927024290] [buoy_visualizer]: Buoy 3: range=1.37m, bearing=21.8°, position=(1.27, 0.51), confidence=1.00
[buoy_visualizer-5] [INFO] [1771741075.928831906] [buoy_visualizer]: Buoy 4: range=8.46m, bearing=37.1°, position=(6.75, 5.10), confidence=0.25
[buoy_visualizer-5] [INFO] [1771741075.930701543] [buoy_visualizer]: Buoy 5: range=12.06m, bearing=-7.4°, position=(11.96, -1.54), confidence=1.00
[buoy_visualizer-5] [INFO] [1771741075.936211437] [buoy_visualizer]: Buoy 6: range=5.85m, bearing=40.2°, position=(4.47, 3.78), confidence=0.38
[buoy_visualizer-5] [INFO] [1771741075.937955561] [buoy_visualizer]: Buoy 7: range=8.32m, bearing=26.3°, position=(7.46, 3.68), confidence=0.25
[buoy_visualizer-5] [INFO] [1771741075.939253445] [buoy_visualizer]: Buoy 8: range=6.92m, bearing=47.0°, position=(4.72, 5.06), confidence=0.50
[buoy_visualizer-5] [INFO] [1771741075.940354963] [buoy_visualizer]: Buoy 9: range=1.21m, bearing=-44.4°, position=(0.86, -0.85), confidence=0.38
[buoy_visualizer-5] [INFO] [1771741075.942679703] [buoy_visualizer]: Buoy 10: range=7.75m, bearing=-23.0°, position=(7.13, -3.03), confidence=0.25
[buoy_visualizer-5] [INFO] [1771741075.943788198] [buoy_visualizer]: Buoy 11: range=7.26m, bearing=-9.4°, position=(7.16, -1.19), confidence=0.75
[buoy_visualizer-5] [INFO] [1771741075.944819503] [buoy_visualizer]: Buoy 12: range=13.58m, bearing=-15.9°, position=(13.07, -3.71), confidence=0.25
[buoy_visualizer-5] [INFO] [1771741075.946801627] [buoy_visualizer]: Published 13 buoy markers
[buoy_visualizer-5] [INFO] [1771741076.002079464] [buoy_visualizer]: Buoy 0: range=1.41m, bearing=24.6°, position=(1.28, 0.59), confidence=1.00
[buoy_visualizer-5] [INFO] [1771741076.003417639] [buoy_visualizer]: Buoy 1: range=7.04m, bearing=82.0°, position=(0.98, 6.97), confidence=1.00
[buoy_visualizer-5] [INFO] [1771741076.004626908] [buoy_visualizer]: Buoy 2: range=0.32m, bearing=-164.2°, position=(-0.30, -0.09), confidence=1.00
[buoy_visualizer-5] [INFO] [1771741076.005780654] [buoy_visualizer]: Buoy 3: range=8.46m, bearing=37.1°, position=(6.75, 5.10), confidence=0.25
[buoy_visualizer-5] [INFO] [1771741076.006913374] [buoy_visualizer]: Buoy 4: range=12.19m, bearing=-7.4°, position=(12.09, -1.57), confidence=1.00
[buoy_visualizer-5] [INFO] [1771741076.008093138] [buoy_visualizer]: Buoy 5: range=5.85m, bearing=40.2°, position=(4.47, 3.78), confidence=0.38
[buoy_visualizer-5] [INFO] [1771741076.009278182] [buoy_visualizer]: Buoy 6: range=8.20m, bearing=11.2°, position=(8.04, 1.59), confidence=0.88
[buoy_visualizer-5] [INFO] [1771741076.010930043] [buoy_visualizer]: Buoy 7: range=8.32m, bearing=26.3°, position=(7.46, 3.68), confidence=0.25
[buoy_visualizer-5] [INFO] [1771741076.012534604] [buoy_visualizer]: Buoy 8: range=6.92m, bearing=47.0°, position=(4.72, 5.06), confidence=0.50
[buoy_visualizer-5] [INFO] [1771741076.014071225] [buoy_visualizer]: Buoy 9: range=1.21m, bearing=-44.4°, position=(0.86, -0.85), confidence=0.38
[buoy_visualizer-5] [INFO] [1771741076.016047141] [buoy_visualizer]: Buoy 10: range=7.26m, bearing=-9.4°, position=(7.16, -1.19), confidence=0.75
[buoy_visualizer-5] [INFO] [1771741076.017822947] [buoy_visualizer]: Buoy 11: range=13.58m, bearing=-15.9°, position=(13.07, -3.71), confidence=0.25
[buoy_visualizer-5] [INFO] [1771741076.019465143] [buoy_visualizer]: Buoy 12: range=9.70m, bearing=60.8°, position=(4.73, 8.47), confidence=0.25
[buoy_visualizer-5] [INFO] [1771741076.022328674] [buoy_visualizer]: Published 13 buoy markers
[buoy_visualizer-5] [INFO] [1771741076.132320721] [buoy_visualizer]: Buoy 0: range=12.05m, bearing=-5.8°, position=(11.99, -1.21), confidence=1.00
[buoy_visualizer-5] [INFO] [1771741076.133273108] [buoy_visualizer]: Buoy 1: range=1.42m, bearing=24.9°, position=(1.29, 0.60), confidence=1.00
[buoy_visualizer-5] [INFO] [1771741076.134148498] [buoy_visualizer]: Buoy 2: range=0.31m, bearing=-163.9°, position=(-0.30, -0.09), confidence=1.00
[buoy_visualizer-5] [INFO] [1771741076.134977901] [buoy_visualizer]: Buoy 3: range=5.85m, bearing=40.2°, position=(4.47, 3.78), confidence=0.38
[buoy_visualizer-5] [INFO] [1771741076.135812072] [buoy_visualizer]: Buoy 4: range=7.06m, bearing=83.5°, position=(0.80, 7.01), confidence=1.00
[buoy_visualizer-5] [INFO] [1771741076.140224481] [buoy_visualizer]: Buoy 5: range=8.20m, bearing=11.2°, position=(8.04, 1.59), confidence=0.88
[buoy_visualizer-5] [INFO] [1771741076.141646245] [buoy_visualizer]: Buoy 6: range=8.32m, bearing=26.3°, position=(7.46, 3.68), confidence=0.25
[buoy_visualizer-5] [INFO] [1771741076.142761492] [buoy_visualizer]: Buoy 7: range=6.92m, bearing=47.8°, position=(4.65, 5.12), confidence=0.62
[buoy_visualizer-5] [INFO] [1771741076.146376660] [buoy_visualizer]: Buoy 8: range=1.21m, bearing=-44.4°, position=(0.86, -0.85), confidence=0.38
[buoy_visualizer-5] [INFO] [1771741076.147501348] [buoy_visualizer]: Buoy 9: range=9.80m, bearing=-3.8°, position=(9.78, -0.65), confidence=0.62
[buoy_visualizer-5] [INFO] [1771741076.149803175] [buoy_visualizer]: Buoy 10: range=8.80m, bearing=-16.3°, position=(8.45, -2.46), confidence=0.25
[buoy_visualizer-5] [INFO] [1771741076.153149652] [buoy_visualizer]: Buoy 11: range=13.61m, bearing=-15.6°, position=(13.10, -3.67), confidence=0.50
[buoy_visualizer-5] [INFO] [1771741076.155157698] [buoy_visualizer]: Buoy 12: range=9.74m, bearing=61.8°, position=(4.61, 8.58), confidence=0.38
[buoy_visualizer-5] [INFO] [1771741076.156522915] [buoy_visualizer]: Buoy 13: range=12.89m, bearing=-10.6°, position=(12.67, -2.37), confidence=0.25
[buoy_visualizer-5] [INFO] [1771741076.157603472] [buoy_visualizer]: Buoy 14: range=12.06m, bearing=-14.0°, position=(11.70, -2.92), confidence=0.50
[buoy_visualizer-5] [INFO] [1771741076.160155684] [buoy_visualizer]: Published 15 buoy markers
[buoy_visualizer-5] [INFO] [1771741076.259669997] [buoy_visualizer]: Buoy 0: range=8.20m, bearing=11.2°, position=(8.04, 1.59), confidence=0.88
[buoy_visualizer-5] [INFO] [1771741076.260667316] [buoy_visualizer]: Buoy 1: range=8.32m, bearing=26.3°, position=(7.46, 3.68), confidence=0.25
[buoy_visualizer-5] [INFO] [1771741076.261453707] [buoy_visualizer]: Buoy 2: range=6.62m, bearing=45.4°, position=(4.65, 4.71), confidence=1.00
[buoy_visualizer-5] [INFO] [1771741076.262188127] [buoy_visualizer]: Buoy 3: range=12.05m, bearing=-3.8°, position=(12.02, -0.81), confidence=1.00
[buoy_visualizer-5] [INFO] [1771741076.262912883] [buoy_visualizer]: Buoy 4: range=0.31m, bearing=-163.6°, position=(-0.29, -0.09), confidence=1.00
[buoy_visualizer-5] [INFO] [1771741076.263640902] [buoy_visualizer]: Buoy 5: range=7.05m, bearing=83.9°, position=(0.75, 7.01), confidence=1.00
[buoy_visualizer-5] [INFO] [1771741076.264955427] [buoy_visualizer]: Buoy 6: range=1.21m, bearing=-44.4°, position=(0.86, -0.85), confidence=0.38
[buoy_visualizer-5] [INFO] [1771741076.265761084] [buoy_visualizer]: Buoy 7: range=1.44m, bearing=25.5°, position=(1.30, 0.62), confidence=1.00
[buoy_visualizer-5] [INFO] [1771741076.266508401] [buoy_visualizer]: Buoy 8: range=8.80m, bearing=-16.3°, position=(8.45, -2.46), confidence=0.25
[buoy_visualizer-5] [INFO] [1771741076.267248070] [buoy_visualizer]: Buoy 9: range=13.61m, bearing=-15.6°, position=(13.10, -3.67), confidence=0.50
[buoy_visualizer-5] [INFO] [1771741076.268037470] [buoy_visualizer]: Buoy 10: range=9.74m, bearing=61.8°, position=(4.61, 8.58), confidence=0.38
[buoy_visualizer-5] [INFO] [1771741076.268801716] [buoy_visualizer]: Buoy 11: range=12.89m, bearing=-10.6°, position=(12.67, -2.37), confidence=0.25
[buoy_visualizer-5] [INFO] [1771741076.269536296] [buoy_visualizer]: Buoy 12: range=12.06m, bearing=-14.0°, position=(11.70, -2.92), confidence=0.50
[buoy_visualizer-5] [INFO] [1771741076.271150138] [buoy_visualizer]: Published 13 buoy markers
[buoy_visualizer-5] [INFO] [1771741076.401958379] [buoy_visualizer]: Buoy 0: range=6.65m, bearing=47.4°, position=(4.50, 4.90), confidence=1.00
[buoy_visualizer-5] [INFO] [1771741076.402931376] [buoy_visualizer]: Buoy 1: range=7.06m, bearing=84.5°, position=(0.68, 7.03), confidence=1.00
[buoy_visualizer-5] [INFO] [1771741076.403821519] [buoy_visualizer]: Buoy 2: range=8.17m, bearing=11.9°, position=(8.00, 1.69), confidence=0.50
[buoy_visualizer-5] [INFO] [1771741076.404757906] [buoy_visualizer]: Buoy 3: range=1.40m, bearing=26.0°, position=(1.26, 0.61), confidence=1.00
[buoy_visualizer-5] [INFO] [1771741076.405875169] [buoy_visualizer]: Buoy 4: range=1.22m, bearing=-43.4°, position=(0.89, -0.84), confidence=0.25
[buoy_visualizer-5] [INFO] [1771741076.406823076] [buoy_visualizer]: Buoy 5: range=8.80m, bearing=-16.3°, position=(8.45, -2.46), confidence=0.25
[buoy_visualizer-5] [INFO] [1771741076.407915665] [buoy_visualizer]: Buoy 6: range=13.61m, bearing=-15.6°, position=(13.10, -3.67), confidence=0.50
[buoy_visualizer-5] [INFO] [1771741076.408963675] [buoy_visualizer]: Buoy 7: range=9.75m, bearing=1.3°, position=(9.75, 0.23), confidence=1.00
[buoy_visualizer-5] [INFO] [1771741076.409946721] [buoy_visualizer]: Buoy 8: range=0.32m, bearing=-162.9°, position=(-0.30, -0.09), confidence=1.00
[buoy_visualizer-5] [INFO] [1771741076.410956329] [buoy_visualizer]: Buoy 9: range=9.74m, bearing=61.8°, position=(4.61, 8.58), confidence=0.38
[buoy_visualizer-5] [INFO] [1771741076.411905132] [buoy_visualizer]: Buoy 10: range=12.09m, bearing=-3.3°, position=(12.07, -0.69), confidence=0.75
[buoy_visualizer-5] [INFO] [1771741076.413163749] [buoy_visualizer]: Buoy 11: range=12.89m, bearing=-10.6°, position=(12.67, -2.37), confidence=0.25
[buoy_visualizer-5] [INFO] [1771741076.414153195] [buoy_visualizer]: Buoy 12: range=12.06m, bearing=-14.0°, position=(11.70, -2.92), confidence=0.50
[buoy_visualizer-5] [INFO] [1771741076.416296771] [buoy_visualizer]: Published 13 buoy markers
[buoy_visualizer-5] [INFO] [1771741076.504690200] [buoy_visualizer]: Buoy 0: range=0.32m, bearing=-162.8°, position=(-0.30, -0.09), confidence=1.00
[buoy_visualizer-5] [INFO] [1771741076.506007701] [buoy_visualizer]: Buoy 1: range=7.10m, bearing=84.5°, position=(0.68, 7.07), confidence=1.00
[buoy_visualizer-5] [INFO] [1771741076.507281391] [buoy_visualizer]: Buoy 2: range=10.10m, bearing=-20.4°, position=(9.47, -3.51), confidence=0.88
[buoy_visualizer-5] [INFO] [1771741076.508421184] [buoy_visualizer]: Buoy 3: range=12.07m, bearing=-2.9°, position=(12.05, -0.60), confidence=0.62
[buoy_visualizer-5] [INFO] [1771741076.509629558] [buoy_visualizer]: Buoy 4: range=8.20m, bearing=11.3°, position=(8.04, 1.61), confidence=0.50
[buoy_visualizer-5] [INFO] [1771741076.510708258] [buoy_visualizer]: Buoy 5: range=9.87m, bearing=62.5°, position=(4.56, 8.75), confidence=0.25
[buoy_visualizer-5] [INFO] [1771741076.511828433] [buoy_visualizer]: Buoy 6: range=12.41m, bearing=-12.8°, position=(12.10, -2.74), confidence=1.00
[buoy_visualizer-5] [INFO] [1771741076.512996484] [buoy_visualizer]: Buoy 7: range=1.32m, bearing=25.7°, position=(1.19, 0.57), confidence=1.00
[buoy_visualizer-5] [INFO] [1771741076.514087473] [buoy_visualizer]: Buoy 8: range=6.95m, bearing=50.9°, position=(4.38, 5.39), confidence=0.62
[buoy_visualizer-5] [INFO] [1771741076.515144988] [buoy_visualizer]: Buoy 9: range=13.63m, bearing=-15.4°, position=(13.14, -3.63), confidence=0.25
[buoy_visualizer-5] [INFO] [1771741076.517309302] [buoy_visualizer]: Published 10 buoy markers
[buoy_visualizer-5] [INFO] [1771741076.621883140] [buoy_visualizer]: Buoy 0: range=6.95m, bearing=50.9°, position=(4.38, 5.39), confidence=0.62
[buoy_visualizer-5] [INFO] [1771741076.623935126] [buoy_visualizer]: Buoy 1: range=13.70m, bearing=-17.3°, position=(13.08, -4.06), confidence=0.62
[buoy_visualizer-5] [INFO] [1771741076.625746678] [buoy_visualizer]: Buoy 2: range=12.28m, bearing=-13.4°, position=(11.94, -2.85), confidence=0.88
[buoy_visualizer-5] [INFO] [1771741076.627335367] [buoy_visualizer]: Buoy 3: range=0.31m, bearing=-163.8°, position=(-0.30, -0.09), confidence=1.00
[buoy_visualizer-5] [INFO] [1771741076.629321779] [buoy_visualizer]: Buoy 4: range=1.28m, bearing=23.5°, position=(1.17, 0.51), confidence=1.00
[buoy_visualizer-5] [INFO] [1771741076.630830558] [buoy_visualizer]: Buoy 5: range=7.10m, bearing=84.5°, position=(0.68, 7.06), confidence=1.00
[buoy_visualizer-5] [INFO] [1771741076.632574426] [buoy_visualizer]: Buoy 6: range=12.07m, bearing=-2.1°, position=(12.06, -0.44), confidence=0.38
[buoy_visualizer-5] [INFO] [1771741076.633914585] [buoy_visualizer]: Buoy 7: range=6.14m, bearing=42.0°, position=(4.57, 4.11), confidence=0.38
[buoy_visualizer-5] [INFO] [1771741076.635238102] [buoy_visualizer]: Buoy 8: range=8.22m, bearing=9.4°, position=(8.11, 1.34), confidence=0.38
[buoy_visualizer-5] [INFO] [1771741076.636566517] [buoy_visualizer]: Buoy 9: range=1.36m, bearing=-24.5°, position=(1.24, -0.56), confidence=0.25
[buoy_visualizer-5] [INFO] [1771741076.637880594] [buoy_visualizer]: Buoy 10: range=8.14m, bearing=20.0°, position=(7.65, 2.79), confidence=0.25
[buoy_visualizer-5] [INFO] [1771741076.640752381] [buoy_visualizer]: Published 11 buoy markers
[buoy_visualizer-5] [INFO] [1771741076.735515157] [buoy_visualizer]: Buoy 0: range=12.02m, bearing=-4.3°, position=(11.99, -0.91), confidence=0.88
[buoy_visualizer-5] [INFO] [1771741076.737312372] [buoy_visualizer]: Buoy 1: range=0.32m, bearing=-163.5°, position=(-0.30, -0.09), confidence=1.00
[buoy_visualizer-5] [INFO] [1771741076.738971498] [buoy_visualizer]: Buoy 2: range=1.26m, bearing=23.4°, position=(1.16, 0.50), confidence=1.00
[buoy_visualizer-5] [INFO] [1771741076.740785162] [buoy_visualizer]: Buoy 3: range=6.64m, bearing=45.6°, position=(4.65, 4.74), confidence=1.00
[buoy_visualizer-5] [INFO] [1771741076.742415774] [buoy_visualizer]: Buoy 4: range=7.10m, bearing=83.2°, position=(0.83, 7.05), confidence=1.00
[buoy_visualizer-5] [INFO] [1771741076.744086260] [buoy_visualizer]: Buoy 5: range=8.15m, bearing=12.3°, position=(7.96, 1.73), confidence=0.88
[buoy_visualizer-5] [INFO] [1771741076.745682597] [buoy_visualizer]: Buoy 6: range=9.58m, bearing=29.2°, position=(8.36, 4.67), confidence=0.62
[buoy_visualizer-5] [INFO] [1771741076.747229331] [buoy_visualizer]: Buoy 7: range=8.43m, bearing=32.7°, position=(7.10, 4.56), confidence=0.25
[buoy_visualizer-5] [INFO] [1771741076.748851078] [buoy_visualizer]: Buoy 8: range=12.56m, bearing=-12.8°, position=(12.25, -2.79), confidence=0.50
[buoy_visualizer-5] [INFO] [1771741076.750433078] [buoy_visualizer]: Buoy 9: range=1.36m, bearing=-24.5°, position=(1.24, -0.56), confidence=0.25
[buoy_visualizer-5] [INFO] [1771741076.752017574] [buoy_visualizer]: Buoy 10: range=13.75m, bearing=-18.5°, position=(13.04, -4.36), confidence=0.38
[buoy_visualizer-5] [INFO] [1771741076.754805643] [buoy_visualizer]: Published 11 buoy markers
[buoy_visualizer-5] [INFO] [1771741076.838133401] [buoy_visualizer]: Buoy 0: range=1.20m, bearing=18.5°, position=(1.13, 0.38), confidence=1.00
[buoy_visualizer-5] [INFO] [1771741076.839906647] [buoy_visualizer]: Buoy 1: range=6.84m, bearing=46.0°, position=(4.75, 4.91), confidence=1.00
[buoy_visualizer-5] [INFO] [1771741076.841629649] [buoy_visualizer]: Buoy 2: range=0.32m, bearing=-163.8°, position=(-0.31, -0.09), confidence=1.00
[buoy_visualizer-5] [INFO] [1771741076.843388974] [buoy_visualizer]: Buoy 3: range=8.15m, bearing=12.3°, position=(7.96, 1.73), confidence=0.88
[buoy_visualizer-5] [INFO] [1771741076.846497866] [buoy_visualizer]: Buoy 4: range=9.58m, bearing=29.2°, position=(8.36, 4.67), confidence=0.62
[buoy_visualizer-5] [INFO] [1771741076.851844549] [buoy_visualizer]: Buoy 5: range=8.43m, bearing=32.7°, position=(7.10, 4.56), confidence=0.25
[buoy_visualizer-5] [INFO] [1771741076.855640465] [buoy_visualizer]: Buoy 6: range=12.56m, bearing=-12.8°, position=(12.25, -2.79), confidence=0.50
[buoy_visualizer-5] [INFO] [1771741076.858676713] [buoy_visualizer]: Buoy 7: range=13.37m, bearing=-18.9°, position=(12.65, -4.33), confidence=0.62
[buoy_visualizer-5] [INFO] [1771741076.863253645] [buoy_visualizer]: Buoy 8: range=12.00m, bearing=-6.0°, position=(11.93, -1.26), confidence=0.50
[buoy_visualizer-5] [INFO] [1771741076.869250838] [buoy_visualizer]: Published 9 buoy markers
[buoy_visualizer-5] [INFO] [1771741076.931243100] [buoy_visualizer]: Buoy 0: range=1.18m, bearing=14.2°, position=(1.15, 0.29), confidence=1.00
[buoy_visualizer-5] [INFO] [1771741076.932096953] [buoy_visualizer]: Buoy 1: range=6.84m, bearing=45.3°, position=(4.81, 4.87), confidence=1.00
[buoy_visualizer-5] [INFO] [1771741076.932848878] [buoy_visualizer]: Buoy 2: range=0.32m, bearing=-163.5°, position=(-0.31, -0.09), confidence=1.00
[buoy_visualizer-5] [INFO] [1771741076.933569921] [buoy_visualizer]: Buoy 3: range=8.15m, bearing=12.3°, position=(7.96, 1.73), confidence=0.88
[buoy_visualizer-5] [INFO] [1771741076.935269274] [buoy_visualizer]: Buoy 4: range=9.58m, bearing=29.2°, position=(8.36, 4.67), confidence=0.62
[buoy_visualizer-5] [INFO] [1771741076.936702687] [buoy_visualizer]: Buoy 5: range=8.45m, bearing=32.3°, position=(7.14, 4.52), confidence=0.50
[buoy_visualizer-5] [INFO] [1771741076.938204682] [buoy_visualizer]: Buoy 6: range=12.56m, bearing=-12.8°, position=(12.25, -2.79), confidence=0.50
[buoy_visualizer-5] [INFO] [1771741076.939782457] [buoy_visualizer]: Buoy 7: range=12.00m, bearing=-6.0°, position=(11.93, -1.26), confidence=0.50
[buoy_visualizer-5] [INFO] [1771741076.942346479] [buoy_visualizer]: Published 8 buoy markers
[buoy_visualizer-5] [INFO] [1771741077.051339638] [buoy_visualizer]: Buoy 0: range=8.14m, bearing=12.9°, position=(7.94, 1.82), confidence=0.75
[buoy_visualizer-5] [INFO] [1771741077.053203066] [buoy_visualizer]: Buoy 1: range=9.74m, bearing=32.3°, position=(8.23, 5.20), confidence=0.25
[buoy_visualizer-5] [INFO] [1771741077.054114330] [buoy_visualizer]: Buoy 2: range=8.45m, bearing=32.3°, position=(7.14, 4.52), confidence=0.50
[buoy_visualizer-5] [INFO] [1771741077.055011034] [buoy_visualizer]: Buoy 3: range=12.56m, bearing=-12.8°, position=(12.25, -2.79), confidence=0.50
[buoy_visualizer-5] [INFO] [1771741077.056013409] [buoy_visualizer]: Buoy 4: range=9.47m, bearing=26.4°, position=(8.48, 4.22), confidence=0.25
[buoy_visualizer-5] [INFO] [1771741077.056983430] [buoy_visualizer]: Buoy 5: range=1.18m, bearing=11.5°, position=(1.15, 0.24), confidence=1.00
[buoy_visualizer-5] [INFO] [1771741077.057881893] [buoy_visualizer]: Buoy 6: range=6.83m, bearing=41.7°, position=(5.10, 4.54), confidence=0.88
[buoy_visualizer-5] [INFO] [1771741077.058729089] [buoy_visualizer]: Buoy 7: range=0.33m, bearing=-162.4°, position=(-0.31, -0.10), confidence=1.00
[buoy_visualizer-5] [INFO] [1771741077.059542299] [buoy_visualizer]: Buoy 8: range=12.00m, bearing=-6.0°, position=(11.93, -1.26), confidence=0.50
[buoy_visualizer-5] [INFO] [1771741077.061183631] [buoy_visualizer]: Published 9 buoy markers
[INFO] [launch.user]: Starting preprocessing node...
[INFO] [vision_preprocessing-2]: process started with pid [67896]
[buoy_visualizer-5] [INFO] [1771741077.155406975] [buoy_visualizer]: Buoy 0: range=1.17m, bearing=9.4°, position=(1.15, 0.19), confidence=1.00
[buoy_visualizer-5] [INFO] [1771741077.156392837] [buoy_visualizer]: Buoy 1: range=8.12m, bearing=17.7°, position=(7.74, 2.47), confidence=0.38
[buoy_visualizer-5] [INFO] [1771741077.157238017] [buoy_visualizer]: Buoy 2: range=6.83m, bearing=40.3°, position=(5.21, 4.42), confidence=0.75
[buoy_visualizer-5] [INFO] [1771741077.158073212] [buoy_visualizer]: Buoy 3: range=7.03m, bearing=75.5°, position=(1.77, 6.81), confidence=1.00
[buoy_visualizer-5] [INFO] [1771741077.158943674] [buoy_visualizer]: Buoy 4: range=0.33m, bearing=-162.4°, position=(-0.31, -0.10), confidence=1.00
[buoy_visualizer-5] [INFO] [1771741077.159785333] [buoy_visualizer]: Buoy 5: range=12.00m, bearing=-6.0°, position=(11.93, -1.26), confidence=0.50
[buoy_visualizer-5] [INFO] [1771741077.160726744] [buoy_visualizer]: Buoy 6: range=8.42m, bearing=31.4°, position=(7.19, 4.39), confidence=0.50
[buoy_visualizer-5] [INFO] [1771741077.161835591] [buoy_visualizer]: Buoy 7: range=12.21m, bearing=-15.3°, position=(11.77, -3.23), confidence=0.38
[buoy_visualizer-5] [INFO] [1771741077.163696490] [buoy_visualizer]: Buoy 8: range=9.68m, bearing=46.8°, position=(6.62, 7.06), confidence=0.25
[buoy_visualizer-5] [INFO] [1771741077.165375521] [buoy_visualizer]: Buoy 9: range=14.02m, bearing=-32.3°, position=(11.86, -7.49), confidence=0.38
[buoy_visualizer-5] [INFO] [1771741077.166155992] [buoy_visualizer]: Buoy 10: range=9.76m, bearing=-13.9°, position=(9.48, -2.34), confidence=0.25
[buoy_visualizer-5] [INFO] [1771741077.167709222] [buoy_visualizer]: Published 11 buoy markers
[buoy_visualizer-5] [INFO] [1771741077.280587680] [buoy_visualizer]: Buoy 0: range=12.00m, bearing=-6.0°, position=(11.93, -1.26), confidence=0.50
[buoy_visualizer-5] [INFO] [1771741077.281483231] [buoy_visualizer]: Buoy 1: range=8.42m, bearing=31.4°, position=(7.19, 4.39), confidence=0.50
[buoy_visualizer-5] [INFO] [1771741077.282307257] [buoy_visualizer]: Buoy 2: range=0.33m, bearing=-162.5°, position=(-0.31, -0.10), confidence=1.00
[buoy_visualizer-5] [INFO] [1771741077.283128052] [buoy_visualizer]: Buoy 3: range=1.17m, bearing=8.7°, position=(1.16, 0.18), confidence=1.00
[buoy_visualizer-5] [INFO] [1771741077.284025875] [buoy_visualizer]: Buoy 4: range=6.85m, bearing=39.1°, position=(5.32, 4.32), confidence=0.88
[buoy_visualizer-5] [INFO] [1771741077.284896241] [buoy_visualizer]: Buoy 5: range=7.02m, bearing=72.8°, position=(2.08, 6.70), confidence=1.00
[buoy_visualizer-5] [INFO] [1771741077.285759598] [buoy_visualizer]: Buoy 6: range=12.21m, bearing=-15.3°, position=(11.77, -3.23), confidence=0.38
[buoy_visualizer-5] [INFO] [1771741077.286570503] [buoy_visualizer]: Buoy 7: range=12.47m, bearing=-24.2°, position=(11.37, -5.12), confidence=1.00
[buoy_visualizer-5] [INFO] [1771741077.287387841] [buoy_visualizer]: Buoy 8: range=9.73m, bearing=46.6°, position=(6.69, 7.07), confidence=0.38
[buoy_visualizer-5] [INFO] [1771741077.288246366] [buoy_visualizer]: Buoy 9: range=14.02m, bearing=-32.3°, position=(11.86, -7.49), confidence=0.38
[buoy_visualizer-5] [INFO] [1771741077.289022357] [buoy_visualizer]: Buoy 10: range=9.77m, bearing=-13.8°, position=(9.49, -2.32), confidence=0.38
[buoy_visualizer-5] [INFO] [1771741077.289795980] [buoy_visualizer]: Buoy 11: range=6.42m, bearing=26.6°, position=(5.74, 2.88), confidence=0.25
[buoy_visualizer-5] [INFO] [1771741077.291432384] [buoy_visualizer]: Published 12 buoy markers
[buoy_visualizer-5] [INFO] [1771741077.401395242] [buoy_visualizer]: Buoy 0: range=9.63m, bearing=-29.2°, position=(8.41, -4.70), confidence=0.62
[buoy_visualizer-5] [INFO] [1771741077.402442773] [buoy_visualizer]: Buoy 1: range=6.46m, bearing=-18.8°, position=(6.12, -2.08), confidence=1.00
[buoy_visualizer-5] [INFO] [1771741077.403266383] [buoy_visualizer]: Buoy 2: range=1.18m, bearing=6.2°, position=(1.18, 0.13), confidence=1.00
[buoy_visualizer-5] [INFO] [1771741077.404254677] [buoy_visualizer]: Buoy 3: range=7.04m, bearing=70.5°, position=(2.35, 6.63), confidence=1.00
[buoy_visualizer-5] [INFO] [1771741077.405237530] [buoy_visualizer]: Buoy 4: range=3.41m, bearing=-103.6°, position=(-0.80, -3.32), confidence=1.00
[buoy_visualizer-5] [INFO] [1771741077.406135482] [buoy_visualizer]: Buoy 5: range=0.32m, bearing=-162.6°, position=(-0.31, -0.10), confidence=1.00
[buoy_visualizer-5] [INFO] [1771741077.407220615] [buoy_visualizer]: Buoy 6: range=6.91m, bearing=37.3°, position=(5.50, 4.18), confidence=0.50
[buoy_visualizer-5] [INFO] [1771741077.408373721] [buoy_visualizer]: Buoy 7: range=9.50m, bearing=-5.7°, position=(9.45, -0.95), confidence=0.25
[buoy_visualizer-5] [INFO] [1771741077.409316539] [buoy_visualizer]: Buoy 8: range=8.44m, bearing=31.1°, position=(7.22, 4.36), confidence=0.38
[buoy_visualizer-5] [INFO] [1771741077.410189177] [buoy_visualizer]: Buoy 9: range=9.73m, bearing=46.6°, position=(6.69, 7.07), confidence=0.38
[buoy_visualizer-5] [INFO] [1771741077.411135772] [buoy_visualizer]: Buoy 10: range=14.02m, bearing=-32.3°, position=(11.86, -7.49), confidence=0.38
[buoy_visualizer-5] [INFO] [1771741077.412010170] [buoy_visualizer]: Buoy 11: range=9.77m, bearing=-13.8°, position=(9.49, -2.32), confidence=0.38
[buoy_visualizer-5] [INFO] [1771741077.412840021] [buoy_visualizer]: Buoy 12: range=6.42m, bearing=26.6°, position=(5.74, 2.88), confidence=0.25
[buoy_visualizer-5] [INFO] [1771741077.414880997] [buoy_visualizer]: Published 13 buoy markers
=== Starting CV-LiDAR fusion ===
[buoy_visualizer-5] [INFO] [1771741077.531827391] [buoy_visualizer]: Buoy 0: range=0.32m, bearing=-162.6°, position=(-0.31, -0.10), confidence=1.00
[buoy_visualizer-5] [INFO] [1771741077.532804516] [buoy_visualizer]: Buoy 1: range=6.91m, bearing=37.3°, position=(5.50, 4.18), confidence=0.50
[buoy_visualizer-5] [INFO] [1771741077.533750663] [buoy_visualizer]: Buoy 2: range=1.22m, bearing=4.8°, position=(1.22, 0.10), confidence=1.00
[buoy_visualizer-5] [INFO] [1771741077.534535134] [buoy_visualizer]: Buoy 3: range=9.63m, bearing=-10.8°, position=(9.46, -1.80), confidence=0.88
[buoy_visualizer-5] [INFO] [1771741077.535251825] [buoy_visualizer]: Buoy 4: range=8.44m, bearing=31.1°, position=(7.22, 4.36), confidence=0.38
[buoy_visualizer-5] [INFO] [1771741077.536331710] [buoy_visualizer]: Buoy 5: range=3.41m, bearing=-104.6°, position=(-0.86, -3.30), confidence=1.00
[buoy_visualizer-5] [INFO] [1771741077.537263712] [buoy_visualizer]: Buoy 6: range=7.00m, bearing=70.3°, position=(2.36, 6.59), confidence=1.00
[buoy_visualizer-5] [INFO] [1771741077.538338348] [buoy_visualizer]: Buoy 7: range=9.67m, bearing=46.9°, position=(6.61, 7.06), confidence=0.75
[buoy_visualizer-5] [INFO] [1771741077.542093942] [buoy_visualizer]: Buoy 8: range=13.88m, bearing=-31.5°, position=(11.84, -7.26), confidence=0.62
[buoy_visualizer-5] [INFO] [1771741077.546310944] [buoy_visualizer]: Buoy 9: range=11.18m, bearing=-31.2°, position=(9.56, -5.78), confidence=0.25
[buoy_visualizer-5] [INFO] [1771741077.549506530] [buoy_visualizer]: Buoy 10: range=6.42m, bearing=26.6°, position=(5.74, 2.88), confidence=0.25
[buoy_visualizer-5] [INFO] [1771741077.551187610] [buoy_visualizer]: Published 11 buoy markers
[buoy_visualizer-5] [INFO] [1771741077.656516540] [buoy_visualizer]: Buoy 0: range=0.31m, bearing=-165.6°, position=(-0.30, -0.08), confidence=1.00
[buoy_visualizer-5] [INFO] [1771741077.657551397] [buoy_visualizer]: Buoy 1: range=6.91m, bearing=36.3°, position=(5.57, 4.08), confidence=0.38
[buoy_visualizer-5] [INFO] [1771741077.658451557] [buoy_visualizer]: Buoy 2: range=1.24m, bearing=8.0°, position=(1.23, 0.17), confidence=1.00
[buoy_visualizer-5] [INFO] [1771741077.659357541] [buoy_visualizer]: Buoy 3: range=9.67m, bearing=46.9°, position=(6.61, 7.06), confidence=0.75
[buoy_visualizer-5] [INFO] [1771741077.660226691] [buoy_visualizer]: Buoy 4: range=7.02m, bearing=69.7°, position=(2.44, 6.59), confidence=1.00
[buoy_visualizer-5] [INFO] [1771741077.661151492] [buoy_visualizer]: Buoy 5: range=13.88m, bearing=-31.5°, position=(11.84, -7.26), confidence=0.62
[buoy_visualizer-5] [INFO] [1771741077.662021762] [buoy_visualizer]: Buoy 6: range=11.18m, bearing=-31.2°, position=(9.56, -5.78), confidence=0.25
[buoy_visualizer-5] [INFO] [1771741077.662830779] [buoy_visualizer]: Buoy 7: range=9.60m, bearing=-10.2°, position=(9.45, -1.70), confidence=1.00
[buoy_visualizer-5] [INFO] [1771741077.663625844] [buoy_visualizer]: Buoy 8: range=6.42m, bearing=26.6°, position=(5.74, 2.88), confidence=0.25
[buoy_visualizer-5] [INFO] [1771741077.667460227] [buoy_visualizer]: Buoy 9: range=3.43m, bearing=-105.1°, position=(-0.89, -3.31), confidence=1.00
[buoy_visualizer-5] [INFO] [1771741077.670054587] [buoy_visualizer]: Published 10 buoy markers
[buoy_visualizer-5] [INFO] [1771741077.781430410] [buoy_visualizer]: Buoy 0: range=13.77m, bearing=-30.5°, position=(11.86, -6.99), confidence=1.00
[buoy_visualizer-5] [INFO] [1771741077.782439409] [buoy_visualizer]: Buoy 1: range=11.18m, bearing=-31.2°, position=(9.56, -5.78), confidence=0.25
[buoy_visualizer-5] [INFO] [1771741077.783307279] [buoy_visualizer]: Buoy 2: range=9.57m, bearing=-9.1°, position=(9.45, -1.51), confidence=1.00
[buoy_visualizer-5] [INFO] [1771741077.784137545] [buoy_visualizer]: Buoy 3: range=9.30m, bearing=8.0°, position=(9.21, 1.29), confidence=1.00
[buoy_visualizer-5] [INFO] [1771741077.787756010] [buoy_visualizer]: Buoy 4: range=6.42m, bearing=26.6°, position=(5.74, 2.88), confidence=0.25
[buoy_visualizer-5] [INFO] [1771741077.789062406] [buoy_visualizer]: Buoy 5: range=9.64m, bearing=46.3°, position=(6.66, 6.97), confidence=1.00
[buoy_visualizer-5] [INFO] [1771741077.793052609] [buoy_visualizer]: Buoy 6: range=7.02m, bearing=69.7°, position=(2.44, 6.58), confidence=1.00
[buoy_visualizer-5] [INFO] [1771741077.794119116] [buoy_visualizer]: Buoy 7: range=12.32m, bearing=-27.2°, position=(10.96, -5.62), confidence=1.00
[buoy_visualizer-5] [INFO] [1771741077.799996588] [buoy_visualizer]: Buoy 8: range=1.23m, bearing=7.6°, position=(1.22, 0.16), confidence=1.00
[buoy_visualizer-5] [INFO] [1771741077.800946992] [buoy_visualizer]: Buoy 9: range=3.43m, bearing=-105.1°, position=(-0.89, -3.31), confidence=1.00
[buoy_visualizer-5] [INFO] [1771741077.801789067] [buoy_visualizer]: Buoy 10: range=12.16m, bearing=-17.8°, position=(11.58, -3.72), confidence=1.00
[buoy_visualizer-5] [INFO] [1771741077.802603077] [buoy_visualizer]: Buoy 11: range=0.30m, bearing=-166.1°, position=(-0.29, -0.07), confidence=1.00
[buoy_visualizer-5] [INFO] [1771741077.803529414] [buoy_visualizer]: Buoy 12: range=9.73m, bearing=20.4°, position=(9.12, 3.39), confidence=0.25
[buoy_visualizer-5] [INFO] [1771741077.809428424] [buoy_visualizer]: Buoy 13: range=6.78m, bearing=-20.2°, position=(6.37, -2.35), confidence=1.00
[buoy_visualizer-5] [INFO] [1771741077.812492161] [buoy_visualizer]: Buoy 14: range=6.89m, bearing=35.7°, position=(5.60, 4.02), confidence=0.38
[buoy_visualizer-5] [INFO] [1771741077.814388455] [buoy_visualizer]: Published 15 buoy markers
[buoy_visualizer-5] [INFO] [1771741077.930418976] [buoy_visualizer]: Buoy 0: range=12.05m, bearing=-16.6°, position=(11.55, -3.44), confidence=0.50
[buoy_visualizer-5] [INFO] [1771741077.931417479] [buoy_visualizer]: Buoy 1: range=1.24m, bearing=8.8°, position=(1.23, 0.19), confidence=1.00
[buoy_visualizer-5] [INFO] [1771741077.932377835] [buoy_visualizer]: Buoy 2: range=0.30m, bearing=-167.7°, position=(-0.29, -0.06), confidence=1.00
[buoy_visualizer-5] [INFO] [1771741077.937436241] [buoy_visualizer]: Buoy 3: range=7.04m, bearing=69.7°, position=(2.44, 6.60), confidence=1.00
[buoy_visualizer-5] [INFO] [1771741077.944352699] [buoy_visualizer]: Buoy 4: range=12.41m, bearing=-27.0°, position=(11.06, -5.63), confidence=0.62
[buoy_visualizer-5] [INFO] [1771741077.945567345] [buoy_visualizer]: Buoy 5: range=7.27m, bearing=-21.0°, position=(6.79, -2.61), confidence=0.62
[buoy_visualizer-5] [INFO] [1771741077.946628156] [buoy_visualizer]: Buoy 6: range=3.43m, bearing=-105.0°, position=(-0.88, -3.31), confidence=1.00
[buoy_visualizer-5] [INFO] [1771741077.947508762] [buoy_visualizer]: Buoy 7: range=13.62m, bearing=-29.4°, position=(11.86, -6.69), confidence=0.62
[buoy_visualizer-5] [INFO] [1771741077.948631978] [buoy_visualizer]: Buoy 8: range=9.61m, bearing=46.6°, position=(6.61, 6.98), confidence=0.75
[buoy_visualizer-5] [INFO] [1771741077.949573164] [buoy_visualizer]: Buoy 9: range=6.89m, bearing=36.7°, position=(5.53, 4.12), confidence=0.38
[buoy_visualizer-5] [INFO] [1771741077.951150396] [buoy_visualizer]: Published 10 buoy markers
[buoy_visualizer-5] [INFO] [1771741078.037910779] [buoy_visualizer]: Buoy 0: range=11.63m, bearing=-29.6°, position=(10.11, -5.75), confidence=0.88
[buoy_visualizer-5] [INFO] [1771741078.038972390] [buoy_visualizer]: Buoy 1: range=13.61m, bearing=-29.6°, position=(11.83, -6.73), confidence=0.88
[buoy_visualizer-5] [INFO] [1771741078.039899592] [buoy_visualizer]: Buoy 2: range=1.28m, bearing=8.0°, position=(1.27, 0.18), confidence=1.00
[buoy_visualizer-5] [INFO] [1771741078.044138964] [buoy_visualizer]: Buoy 3: range=9.62m, bearing=46.5°, position=(6.62, 6.98), confidence=0.88
[buoy_visualizer-5] [INFO] [1771741078.045340969] [buoy_visualizer]: Buoy 4: range=7.02m, bearing=69.8°, position=(2.42, 6.59), confidence=1.00
[buoy_visualizer-5] [INFO] [1771741078.046293229] [buoy_visualizer]: Buoy 5: range=3.43m, bearing=-105.5°, position=(-0.92, -3.31), confidence=1.00
[buoy_visualizer-5] [INFO] [1771741078.047226703] [buoy_visualizer]: Buoy 6: range=0.32m, bearing=-165.9°, position=(-0.31, -0.08), confidence=1.00
[buoy_visualizer-5] [INFO] [1771741078.048223637] [buoy_visualizer]: Buoy 7: range=12.01m, bearing=-16.0°, position=(11.55, -3.30), confidence=0.25
[buoy_visualizer-5] [INFO] [1771741078.049104436] [buoy_visualizer]: Buoy 8: range=7.26m, bearing=-20.6°, position=(6.80, -2.56), confidence=0.50
[buoy_visualizer-5] [INFO] [1771741078.050033717] [buoy_visualizer]: Buoy 9: range=10.79m, bearing=34.1°, position=(8.93, 6.06), confidence=0.25
[buoy_visualizer-5] [INFO] [1771741078.051057342] [buoy_visualizer]: Buoy 10: range=6.89m, bearing=36.5°, position=(5.54, 4.09), confidence=0.50
[buoy_visualizer-5] [INFO] [1771741078.051933692] [buoy_visualizer]: Buoy 11: range=8.19m, bearing=10.2°, position=(8.06, 1.45), confidence=0.25
[buoy_visualizer-5] [INFO] [1771741078.053580400] [buoy_visualizer]: Published 12 buoy markers
[buoy_visualizer-5] [INFO] [1771741078.154080987] [buoy_visualizer]: Buoy 0: range=0.32m, bearing=-165.4°, position=(-0.31, -0.08), confidence=1.00
[buoy_visualizer-5] [INFO] [1771741078.155057601] [buoy_visualizer]: Buoy 1: range=12.39m, bearing=-20.7°, position=(11.59, -4.37), confidence=0.75
[buoy_visualizer-5] [INFO] [1771741078.155945471] [buoy_visualizer]: Buoy 2: range=1.29m, bearing=6.9°, position=(1.28, 0.15), confidence=1.00
[buoy_visualizer-5] [INFO] [1771741078.156890786] [buoy_visualizer]: Buoy 3: range=7.05m, bearing=69.1°, position=(2.52, 6.58), confidence=1.00
[buoy_visualizer-5] [INFO] [1771741078.158211776] [buoy_visualizer]: Buoy 4: range=3.44m, bearing=-105.5°, position=(-0.92, -3.31), confidence=1.00
[buoy_visualizer-5] [INFO] [1771741078.160757748] [buoy_visualizer]: Buoy 5: range=6.93m, bearing=-19.9°, position=(6.52, -2.36), confidence=1.00
[buoy_visualizer-5] [INFO] [1771741078.162364870] [buoy_visualizer]: Buoy 6: range=10.76m, bearing=33.8°, position=(8.94, 5.98), confidence=0.38
[buoy_visualizer-5] [INFO] [1771741078.163324266] [buoy_visualizer]: Buoy 7: range=6.89m, bearing=36.5°, position=(5.54, 4.09), confidence=0.50
[buoy_visualizer-5] [INFO] [1771741078.164179750] [buoy_visualizer]: Buoy 8: range=9.63m, bearing=46.0°, position=(6.69, 6.93), confidence=0.50
[buoy_visualizer-5] [INFO] [1771741078.166975692] [buoy_visualizer]: Buoy 9: range=13.58m, bearing=-29.3°, position=(11.84, -6.65), confidence=0.62
[buoy_visualizer-5] [INFO] [1771741078.171199223] [buoy_visualizer]: Buoy 10: range=8.17m, bearing=9.1°, position=(8.06, 1.29), confidence=0.50
[buoy_visualizer-5] [INFO] [1771741078.173379538] [buoy_visualizer]: Buoy 11: range=11.25m, bearing=-31.4°, position=(9.61, -5.86), confidence=0.38
[buoy_visualizer-5] [INFO] [1771741078.174189387] [buoy_visualizer]: Buoy 12: range=6.98m, bearing=24.6°, position=(6.35, 2.90), confidence=0.25
[buoy_visualizer-5] [INFO] [1771741078.176102834] [buoy_visualizer]: Published 13 buoy markers
[buoy_visualizer-5] [INFO] [1771741078.295431026] [buoy_visualizer]: Buoy 0: range=6.93m, bearing=-19.9°, position=(6.52, -2.36), confidence=1.00
[buoy_visualizer-5] [INFO] [1771741078.296388310] [buoy_visualizer]: Buoy 1: range=12.61m, bearing=-22.9°, position=(11.62, -4.91), confidence=0.50
[buoy_visualizer-5] [INFO] [1771741078.297230962] [buoy_visualizer]: Buoy 2: range=0.33m, bearing=-159.6°, position=(-0.31, -0.12), confidence=1.00
[buoy_visualizer-5] [INFO] [1771741078.298035147] [buoy_visualizer]: Buoy 3: range=10.76m, bearing=33.8°, position=(8.94, 5.98), confidence=0.38
[buoy_visualizer-5] [INFO] [1771741078.298836451] [buoy_visualizer]: Buoy 4: range=6.89m, bearing=36.1°, position=(5.57, 4.06), confidence=0.75
[buoy_visualizer-5] [INFO] [1771741078.299638044] [buoy_visualizer]: Buoy 5: range=9.63m, bearing=46.0°, position=(6.69, 6.93), confidence=0.50
[buoy_visualizer-5] [INFO] [1771741078.300484312] [buoy_visualizer]: Buoy 6: range=7.03m, bearing=69.0°, position=(2.51, 6.56), confidence=1.00
[buoy_visualizer-5] [INFO] [1771741078.301277840] [buoy_visualizer]: Buoy 7: range=13.56m, bearing=-29.4°, position=(11.81, -6.67), confidence=0.75
[buoy_visualizer-5] [INFO] [1771741078.302072744] [buoy_visualizer]: Buoy 8: range=1.29m, bearing=7.4°, position=(1.28, 0.17), confidence=1.00
[buoy_visualizer-5] [INFO] [1771741078.302903363] [buoy_visualizer]: Buoy 9: range=3.46m, bearing=-106.1°, position=(-0.96, -3.32), confidence=1.00
[buoy_visualizer-5] [INFO] [1771741078.303697852] [buoy_visualizer]: Buoy 10: range=8.19m, bearing=10.9°, position=(8.04, 1.55), confidence=0.62
[buoy_visualizer-5] [INFO] [1771741078.304562649] [buoy_visualizer]: Buoy 11: range=11.62m, bearing=-30.2°, position=(10.04, -5.85), confidence=0.62
[buoy_visualizer-5] [INFO] [1771741078.305343696] [buoy_visualizer]: Buoy 12: range=6.98m, bearing=24.6°, position=(6.35, 2.90), confidence=0.25
[buoy_visualizer-5] [INFO] [1771741078.306090757] [buoy_visualizer]: Buoy 13: range=8.67m, bearing=-30.6°, position=(7.46, -4.41), confidence=0.25
[buoy_visualizer-5] [INFO] [1771741078.307711000] [buoy_visualizer]: Published 14 buoy markers
[buoy_visualizer-5] [INFO] [1771741078.420398977] [buoy_visualizer]: Buoy 0: range=1.31m, bearing=6.7°, position=(1.31, 0.15), confidence=1.00
[buoy_visualizer-5] [INFO] [1771741078.421315298] [buoy_visualizer]: Buoy 1: range=6.89m, bearing=36.0°, position=(5.57, 4.05), confidence=0.62
[buoy_visualizer-5] [INFO] [1771741078.422162238] [buoy_visualizer]: Buoy 2: range=7.05m, bearing=68.3°, position=(2.61, 6.55), confidence=1.00
[buoy_visualizer-5] [INFO] [1771741078.423007258] [buoy_visualizer]: Buoy 3: range=8.19m, bearing=10.9°, position=(8.04, 1.55), confidence=0.62
[buoy_visualizer-5] [INFO] [1771741078.423819348] [buoy_visualizer]: Buoy 4: range=3.45m, bearing=-106.3°, position=(-0.96, -3.31), confidence=1.00
[buoy_visualizer-5] [INFO] [1771741078.424641646] [buoy_visualizer]: Buoy 5: range=0.32m, bearing=-159.8°, position=(-0.30, -0.11), confidence=1.00
[buoy_visualizer-5] [INFO] [1771741078.425463816] [buoy_visualizer]: Buoy 6: range=10.64m, bearing=33.0°, position=(8.92, 5.79), confidence=0.25
[buoy_visualizer-5] [INFO] [1771741078.427075322] [buoy_visualizer]: Buoy 7: range=11.49m, bearing=-30.6°, position=(9.89, -5.85), confidence=0.88
[buoy_visualizer-5] [INFO] [1771741078.427925942] [buoy_visualizer]: Buoy 8: range=13.60m, bearing=-30.3°, position=(11.74, -6.87), confidence=0.50
[buoy_visualizer-5] [INFO] [1771741078.428766226] [buoy_visualizer]: Buoy 9: range=8.94m, bearing=-31.1°, position=(7.65, -4.62), confidence=0.38
[buoy_visualizer-5] [INFO] [1771741078.429664529] [buoy_visualizer]: Buoy 10: range=9.71m, bearing=45.9°, position=(6.76, 6.97), confidence=0.38
[buoy_visualizer-5] [INFO] [1771741078.430477035] [buoy_visualizer]: Buoy 11: range=6.77m, bearing=-19.5°, position=(6.38, -2.26), confidence=1.00
[buoy_visualizer-5] [INFO] [1771741078.431277220] [buoy_visualizer]: Buoy 12: range=12.80m, bearing=-25.3°, position=(11.58, -5.47), confidence=0.25
[buoy_visualizer-5] [INFO] [1771741078.432950778] [buoy_visualizer]: Published 13 buoy markers
[buoy_visualizer-5] [INFO] [1771741078.539993108] [buoy_visualizer]: Buoy 0: range=10.64m, bearing=33.0°, position=(8.92, 5.79), confidence=0.25
[buoy_visualizer-5] [INFO] [1771741078.540966489] [buoy_visualizer]: Buoy 1: range=6.89m, bearing=35.5°, position=(5.61, 4.00), confidence=0.38
[buoy_visualizer-5] [INFO] [1771741078.541837975] [buoy_visualizer]: Buoy 2: range=11.95m, bearing=-28.7°, position=(10.47, -5.75), confidence=1.00
[buoy_visualizer-5] [INFO] [1771741078.542634671] [buoy_visualizer]: Buoy 3: range=1.33m, bearing=5.7°, position=(1.33, 0.13), confidence=1.00
[buoy_visualizer-5] [INFO] [1771741078.543460842] [buoy_visualizer]: Buoy 4: range=0.32m, bearing=-159.5°, position=(-0.30, -0.11), confidence=1.00
[buoy_visualizer-5] [INFO] [1771741078.544291780] [buoy_visualizer]: Buoy 5: range=7.05m, bearing=68.3°, position=(2.60, 6.55), confidence=1.00
[buoy_visualizer-5] [INFO] [1771741078.545095229] [buoy_visualizer]: Buoy 6: range=13.60m, bearing=-30.3°, position=(11.74, -6.87), confidence=0.50
[buoy_visualizer-5] [INFO] [1771741078.545858739] [buoy_visualizer]: Buoy 7: range=8.19m, bearing=10.5°, position=(8.05, 1.49), confidence=0.50
[buoy_visualizer-5] [INFO] [1771741078.550183270] [buoy_visualizer]: Buoy 8: range=9.71m, bearing=45.9°, position=(6.76, 6.97), confidence=0.38
[buoy_visualizer-5] [INFO] [1771741078.551215471] [buoy_visualizer]: Buoy 9: range=3.45m, bearing=-106.4°, position=(-0.97, -3.31), confidence=1.00
[buoy_visualizer-5] [INFO] [1771741078.554760650] [buoy_visualizer]: Published 10 buoy markers
[buoy_visualizer-5] [INFO] [1771741078.651777214] [buoy_visualizer]: Buoy 0: range=1.34m, bearing=5.4°, position=(1.34, 0.13), confidence=1.00
[buoy_visualizer-5] [INFO] [1771741078.653376335] [buoy_visualizer]: Buoy 1: range=0.32m, bearing=-159.8°, position=(-0.30, -0.11), confidence=1.00
[buoy_visualizer-5] [INFO] [1771741078.654825750] [buoy_visualizer]: Buoy 2: range=7.04m, bearing=68.6°, position=(2.56, 6.55), confidence=1.00
[buoy_visualizer-5] [INFO] [1771741078.661940397] [buoy_visualizer]: Buoy 3: range=12.18m, bearing=-27.5°, position=(10.80, -5.62), confidence=1.00
[buoy_visualizer-5] [INFO] [1771741078.665674262] [buoy_visualizer]: Buoy 4: range=8.30m, bearing=15.5°, position=(8.00, 2.22), confidence=0.25
[buoy_visualizer-5] [INFO] [1771741078.669903713] [buoy_visualizer]: Buoy 5: range=3.43m, bearing=-106.2°, position=(-0.96, -3.29), confidence=1.00
[buoy_visualizer-5] [INFO] [1771741078.671706561] [buoy_visualizer]: Buoy 6: range=6.88m, bearing=35.5°, position=(5.60, 4.00), confidence=0.38
[buoy_visualizer-5] [INFO] [1771741078.673511489] [buoy_visualizer]: Buoy 7: range=13.63m, bearing=-30.3°, position=(11.77, -6.88), confidence=0.50
[buoy_visualizer-5] [INFO] [1771741078.675027084] [buoy_visualizer]: Buoy 8: range=9.59m, bearing=46.0°, position=(6.66, 6.90), confidence=0.62
[buoy_visualizer-5] [INFO] [1771741078.678181739] [buoy_visualizer]: Published 9 buoy markers
[buoy_visualizer-5] [INFO] [1771741078.757451351] [buoy_visualizer]: Buoy 0: range=1.34m, bearing=5.4°, position=(1.34, 0.13), confidence=1.00
[buoy_visualizer-5] [INFO] [1771741078.758380217] [buoy_visualizer]: Buoy 1: range=0.32m, bearing=-160.4°, position=(-0.30, -0.11), confidence=1.00
[buoy_visualizer-5] [INFO] [1771741078.759181842] [buoy_visualizer]: Buoy 2: range=7.03m, bearing=69.0°, position=(2.52, 6.56), confidence=1.00
[buoy_visualizer-5] [INFO] [1771741078.759973226] [buoy_visualizer]: Buoy 3: range=8.30m, bearing=15.5°, position=(8.00, 2.22), confidence=0.25
[buoy_visualizer-5] [INFO] [1771741078.760761377] [buoy_visualizer]: Buoy 4: range=3.45m, bearing=-106.2°, position=(-0.96, -3.31), confidence=1.00
[buoy_visualizer-5] [INFO] [1771741078.761508566] [buoy_visualizer]: Buoy 5: range=6.88m, bearing=35.5°, position=(5.60, 4.00), confidence=0.38
[buoy_visualizer-5] [INFO] [1771741078.762547456] [buoy_visualizer]: Buoy 6: range=13.82m, bearing=-31.4°, position=(11.80, -7.20), confidence=0.75
[buoy_visualizer-5] [INFO] [1771741078.763488451] [buoy_visualizer]: Buoy 7: range=9.59m, bearing=46.0°, position=(6.66, 6.90), confidence=0.62
[buoy_visualizer-5] [INFO] [1771741078.765024079] [buoy_visualizer]: Published 8 buoy markers
[buoy_visualizer-5] [INFO] [1771741078.884430549] [buoy_visualizer]: Buoy 0: range=3.45m, bearing=-106.0°, position=(-0.95, -3.32), confidence=1.00
[buoy_visualizer-5] [INFO] [1771741078.886459716] [buoy_visualizer]: Buoy 1: range=0.32m, bearing=-160.7°, position=(-0.30, -0.10), confidence=1.00
[buoy_visualizer-5] [INFO] [1771741078.887400071] [buoy_visualizer]: Buoy 2: range=6.88m, bearing=35.7°, position=(5.59, 4.01), confidence=0.50
[buoy_visualizer-5] [INFO] [1771741078.888288998] [buoy_visualizer]: Buoy 3: range=13.82m, bearing=-31.4°, position=(11.80, -7.20), confidence=0.75
[buoy_visualizer-5] [INFO] [1771741078.889158595] [buoy_visualizer]: Buoy 4: range=1.34m, bearing=5.8°, position=(1.34, 0.14), confidence=1.00
[buoy_visualizer-5] [INFO] [1771741078.890336855] [buoy_visualizer]: Buoy 5: range=5.61m, bearing=29.8°, position=(4.87, 2.79), confidence=0.38
[buoy_visualizer-5] [INFO] [1771741078.891696983] [buoy_visualizer]: Buoy 6: range=7.00m, bearing=69.6°, position=(2.44, 6.56), confidence=1.00
[buoy_visualizer-5] [INFO] [1771741078.892681437] [buoy_visualizer]: Buoy 7: range=9.59m, bearing=46.0°, position=(6.66, 6.90), confidence=0.62
[buoy_visualizer-5] [INFO] [1771741078.894296143] [buoy_visualizer]: Published 8 buoy markers
[buoy_visualizer-5] [INFO] [1771741079.012350517] [buoy_visualizer]: Buoy 0: range=3.46m, bearing=-105.7°, position=(-0.93, -3.33), confidence=1.00
[buoy_visualizer-5] [INFO] [1771741079.013319193] [buoy_visualizer]: Buoy 1: range=6.99m, bearing=69.9°, position=(2.41, 6.56), confidence=1.00
[buoy_visualizer-5] [INFO] [1771741079.014170165] [buoy_visualizer]: Buoy 2: range=13.92m, bearing=-31.5°, position=(11.87, -7.27), confidence=1.00
[buoy_visualizer-5] [INFO] [1771741079.015090167] [buoy_visualizer]: Buoy 3: range=1.36m, bearing=4.8°, position=(1.36, 0.11), confidence=1.00
[buoy_visualizer-5] [INFO] [1771741079.015947987] [buoy_visualizer]: Buoy 4: range=0.32m, bearing=-161.8°, position=(-0.31, -0.10), confidence=1.00
[buoy_visualizer-5] [INFO] [1771741079.016820497] [buoy_visualizer]: Buoy 5: range=9.60m, bearing=46.5°, position=(6.61, 6.97), confidence=0.75
[buoy_visualizer-5] [INFO] [1771741079.017610121] [buoy_visualizer]: Buoy 6: range=9.79m, bearing=22.1°, position=(9.07, 3.69), confidence=0.25
[buoy_visualizer-5] [INFO] [1771741079.018441444] [buoy_visualizer]: Buoy 7: range=6.86m, bearing=36.0°, position=(5.55, 4.03), confidence=0.25
[buoy_visualizer-5] [INFO] [1771741079.019792067] [buoy_visualizer]: Published 8 buoy markers
[buoy_visualizer-5] [INFO] [1771741079.133104823] [buoy_visualizer]: Buoy 0: range=6.97m, bearing=70.6°, position=(2.32, 6.58), confidence=1.00
[buoy_visualizer-5] [INFO] [1771741079.134050554] [buoy_visualizer]: Buoy 1: range=9.21m, bearing=-39.3°, position=(7.13, -5.83), confidence=1.00
[buoy_visualizer-5] [INFO] [1771741079.134894742] [buoy_visualizer]: Buoy 2: range=6.95m, bearing=-17.8°, position=(6.62, -2.12), confidence=1.00
[buoy_visualizer-5] [INFO] [1771741079.135804182] [buoy_visualizer]: Buoy 3: range=12.43m, bearing=-20.5°, position=(11.63, -4.36), confidence=0.38
[buoy_visualizer-5] [INFO] [1771741079.137049327] [buoy_visualizer]: Buoy 4: range=9.30m, bearing=3.0°, position=(9.28, 0.49), confidence=1.00
[buoy_visualizer-5] [INFO] [1771741079.138264901] [buoy_visualizer]: Buoy 5: range=0.33m, bearing=-162.0°, position=(-0.31, -0.10), confidence=1.00
[buoy_visualizer-5] [INFO] [1771741079.139503068] [buoy_visualizer]: Buoy 6: range=6.86m, bearing=36.3°, position=(5.53, 4.05), confidence=0.50
[buoy_visualizer-5] [INFO] [1771741079.140805944] [buoy_visualizer]: Buoy 7: range=9.55m, bearing=-30.4°, position=(8.24, -4.84), confidence=0.38
[buoy_visualizer-5] [INFO] [1771741079.155368063] [buoy_visualizer]: Buoy 8: range=13.89m, bearing=-31.1°, position=(11.90, -7.17), confidence=0.88
[buoy_visualizer-5] [INFO] [1771741079.157303880] [buoy_visualizer]: Buoy 9: range=11.66m, bearing=-29.3°, position=(10.17, -5.71), confidence=1.00
[buoy_visualizer-5] [INFO] [1771741079.158632230] [buoy_visualizer]: Buoy 10: range=9.69m, bearing=-12.0°, position=(9.48, -2.02), confidence=0.88
[buoy_visualizer-5] [INFO] [1771741079.159859133] [buoy_visualizer]: Buoy 11: range=1.39m, bearing=7.5°, position=(1.38, 0.18), confidence=0.38
[buoy_visualizer-5] [INFO] [1771741079.161104597] [buoy_visualizer]: Buoy 12: range=9.60m, bearing=47.3°, position=(6.51, 7.05), confidence=0.62
[buoy_visualizer-5] [INFO] [1771741079.162021462] [buoy_visualizer]: Buoy 13: range=3.49m, bearing=-105.2°, position=(-0.91, -3.36), confidence=1.00
[buoy_visualizer-5] [INFO] [1771741079.163681484] [buoy_visualizer]: Published 14 buoy markers
[buoy_visualizer-5] [INFO] [1771741079.259302811] [buoy_visualizer]: Buoy 0: range=6.98m, bearing=70.3°, position=(2.35, 6.57), confidence=1.00
[buoy_visualizer-5] [INFO] [1771741079.260354822] [buoy_visualizer]: Buoy 1: range=6.95m, bearing=-17.8°, position=(6.62, -2.12), confidence=1.00
[buoy_visualizer-5] [INFO] [1771741079.261319914] [buoy_visualizer]: Buoy 2: range=0.32m, bearing=-162.7°, position=(-0.30, -0.09), confidence=1.00
[buoy_visualizer-5] [INFO] [1771741079.262223914] [buoy_visualizer]: Buoy 3: range=6.86m, bearing=36.3°, position=(5.53, 4.05), confidence=0.50
[buoy_visualizer-5] [INFO] [1771741079.269251580] [buoy_visualizer]: Buoy 4: range=9.55m, bearing=-30.4°, position=(8.24, -4.84), confidence=0.38
[buoy_visualizer-5] [INFO] [1771741079.271173668] [buoy_visualizer]: Buoy 5: range=13.92m, bearing=-31.3°, position=(11.89, -7.23), confidence=1.00
[buoy_visualizer-5] [INFO] [1771741079.272025824] [buoy_visualizer]: Buoy 6: range=9.71m, bearing=-12.6°, position=(9.47, -2.12), confidence=1.00
[buoy_visualizer-5] [INFO] [1771741079.275459731] [buoy_visualizer]: Buoy 7: range=1.44m, bearing=7.3°, position=(1.43, 0.18), confidence=0.75
[buoy_visualizer-5] [INFO] [1771741079.277093479] [buoy_visualizer]: Buoy 8: range=9.60m, bearing=47.3°, position=(6.51, 7.05), confidence=0.62
[buoy_visualizer-5] [INFO] [1771741079.277987078] [buoy_visualizer]: Buoy 9: range=3.49m, bearing=-105.2°, position=(-0.91, -3.36), confidence=1.00
[buoy_visualizer-5] [INFO] [1771741079.278749788] [buoy_visualizer]: Buoy 10: range=8.40m, bearing=29.4°, position=(7.32, 4.12), confidence=0.25
[buoy_visualizer-5] [INFO] [1771741079.280775371] [buoy_visualizer]: Published 11 buoy markers
[buoy_visualizer-5] [INFO] [1771741079.360627743] [buoy_visualizer]: Buoy 0: range=3.48m, bearing=-104.7°, position=(-0.88, -3.37), confidence=1.00
[buoy_visualizer-5] [INFO] [1771741079.363102318] [buoy_visualizer]: Buoy 1: range=6.98m, bearing=70.3°, position=(2.35, 6.57), confidence=1.00
[buoy_visualizer-5] [INFO] [1771741079.365852113] [buoy_visualizer]: Buoy 2: range=12.35m, bearing=-20.2°, position=(11.59, -4.27), confidence=0.38
[buoy_visualizer-5] [INFO] [1771741079.368010346] [buoy_visualizer]: Buoy 3: range=5.30m, bearing=-21.7°, position=(4.93, -1.96), confidence=0.50
[buoy_visualizer-5] [INFO] [1771741079.369919249] [buoy_visualizer]: Buoy 4: range=9.33m, bearing=-0.4°, position=(9.33, -0.06), confidence=0.25
[buoy_visualizer-5] [INFO] [1771741079.371668268] [buoy_visualizer]: Buoy 5: range=0.31m, bearing=-162.9°, position=(-0.30, -0.09), confidence=1.00
[buoy_visualizer-5] [INFO] [1771741079.373194168] [buoy_visualizer]: Buoy 6: range=6.86m, bearing=35.8°, position=(5.57, 4.01), confidence=0.62
[buoy_visualizer-5] [INFO] [1771741079.374695011] [buoy_visualizer]: Buoy 7: range=12.37m, bearing=-26.8°, position=(11.04, -5.59), confidence=1.00
[buoy_visualizer-5] [INFO] [1771741079.376246352] [buoy_visualizer]: Buoy 8: range=9.69m, bearing=-12.5°, position=(9.46, -2.10), confidence=1.00
[buoy_visualizer-5] [INFO] [1771741079.377692727] [buoy_visualizer]: Buoy 9: range=8.40m, bearing=29.4°, position=(7.32, 4.12), confidence=0.25
[buoy_visualizer-5] [INFO] [1771741079.379114939] [buoy_visualizer]: Buoy 10: range=9.72m, bearing=47.4°, position=(6.57, 7.16), confidence=0.50
[buoy_visualizer-5] [INFO] [1771741079.382278971] [buoy_visualizer]: Buoy 11: range=13.93m, bearing=-31.5°, position=(11.88, -7.27), confidence=0.88
[buoy_visualizer-5] [INFO] [1771741079.385240301] [buoy_visualizer]: Buoy 12: range=1.44m, bearing=7.9°, position=(1.43, 0.20), confidence=0.88
[buoy_visualizer-5] [INFO] [1771741079.386059111] [buoy_visualizer]: Buoy 13: range=9.31m, bearing=8.1°, position=(9.22, 1.31), confidence=0.50
[buoy_visualizer-5] [INFO] [1771741079.386837630] [buoy_visualizer]: Buoy 14: range=6.59m, bearing=-27.9°, position=(5.83, -3.08), confidence=0.25
[buoy_visualizer-5] [INFO] [1771741079.388517013] [buoy_visualizer]: Published 15 buoy markers
=== Starting Task Test global planner (task_id:=0, TaskTest.py) ===
=== Task Test pipelines started. MAVROS: 67448  GLOBAL_FRAME: 67508  LiDAR: 67543  CV: 67688  FUSION: 67903  PLANNER: 68006 ===
Press Ctrl+C to stop all. All node logs appear below (interleaved).
(If LiDAR is not connected, that launch may exit; other nodes keep running.)

[buoy_visualizer-5] [INFO] [1771741079.468164186] [buoy_visualizer]: Buoy 0: range=8.40m, bearing=29.4°, position=(7.32, 4.12), confidence=0.25
[buoy_visualizer-5] [INFO] [1771741079.469164961] [buoy_visualizer]: Buoy 1: range=9.72m, bearing=47.4°, position=(6.57, 7.16), confidence=0.50
[buoy_visualizer-5] [INFO] [1771741079.469970938] [buoy_visualizer]: Buoy 2: range=6.98m, bearing=70.5°, position=(2.33, 6.58), confidence=1.00
[buoy_visualizer-5] [INFO] [1771741079.470767186] [buoy_visualizer]: Buoy 3: range=3.46m, bearing=-104.9°, position=(-0.89, -3.34), confidence=1.00
[buoy_visualizer-5] [INFO] [1771741079.471533225] [buoy_visualizer]: Buoy 4: range=13.93m, bearing=-31.5°, position=(11.88, -7.27), confidence=0.88
[buoy_visualizer-5] [INFO] [1771741079.472465995] [buoy_visualizer]: Buoy 5: range=0.17m, bearing=-3.4°, position=(0.17, -0.01), confidence=1.00
[buoy_visualizer-5] [INFO] [1771741079.473267971] [buoy_visualizer]: Buoy 6: range=5.62m, bearing=-21.8°, position=(5.22, -2.09), confidence=0.25
[buoy_visualizer-5] [INFO] [1771741079.474029849] [buoy_visualizer]: Buoy 7: range=12.55m, bearing=-24.7°, position=(11.39, -5.25), confidence=1.00
[buoy_visualizer-5] [INFO] [1771741079.474768846] [buoy_visualizer]: Buoy 8: range=6.86m, bearing=35.7°, position=(5.57, 4.00), confidence=0.50
[buoy_visualizer-5] [INFO] [1771741079.477032910] [buoy_visualizer]: Buoy 9: range=6.58m, bearing=-27.4°, position=(5.84, -3.03), confidence=0.50
[buoy_visualizer-5] [INFO] [1771741079.500954955] [buoy_visualizer]: Buoy 10: range=7.17m, bearing=-19.4°, position=(6.76, -2.38), confidence=0.38
[buoy_visualizer-5] [INFO] [1771741079.504502790] [buoy_visualizer]: Published 11 buoy markers
[buoy_visualizer-5] [INFO] [1771741079.605135993] [buoy_visualizer]: Buoy 0: range=8.40m, bearing=29.4°, position=(7.32, 4.12), confidence=0.25
[buoy_visualizer-5] [INFO] [1771741079.606124575] [buoy_visualizer]: Buoy 1: range=9.72m, bearing=47.2°, position=(6.60, 7.14), confidence=0.75
[buoy_visualizer-5] [INFO] [1771741079.607041120] [buoy_visualizer]: Buoy 2: range=6.98m, bearing=70.3°, position=(2.35, 6.57), confidence=1.00
[buoy_visualizer-5] [INFO] [1771741079.607913725] [buoy_visualizer]: Buoy 3: range=3.45m, bearing=-105.0°, position=(-0.90, -3.33), confidence=1.00
[buoy_visualizer-5] [INFO] [1771741079.618277019] [buoy_visualizer]: Buoy 4: range=13.93m, bearing=-31.5°, position=(11.88, -7.27), confidence=0.88
[buoy_visualizer-5] [INFO] [1771741079.619205085] [buoy_visualizer]: Buoy 5: range=0.12m, bearing=-9.5°, position=(0.12, -0.02), confidence=1.00
[buoy_visualizer-5] [INFO] [1771741079.620128574] [buoy_visualizer]: Buoy 6: range=5.62m, bearing=-21.8°, position=(5.22, -2.09), confidence=0.25
[buoy_visualizer-5] [INFO] [1771741079.620921206] [buoy_visualizer]: Buoy 7: range=12.48m, bearing=-25.4°, position=(11.28, -5.35), confidence=1.00
[buoy_visualizer-5] [INFO] [1771741079.621665771] [buoy_visualizer]: Buoy 8: range=6.86m, bearing=35.8°, position=(5.56, 4.02), confidence=0.62
[buoy_visualizer-5] [INFO] [1771741079.622409663] [buoy_visualizer]: Buoy 9: range=7.17m, bearing=-19.4°, position=(6.76, -2.38), confidence=0.38
[buoy_visualizer-5] [INFO] [1771741079.623837732] [buoy_visualizer]: Published 10 buoy markers
[buoy_visualizer-5] [INFO] [1771741079.712937607] [buoy_visualizer]: Buoy 0: range=0.22m, bearing=1.0°, position=(0.22, 0.00), confidence=1.00
[buoy_visualizer-5] [INFO] [1771741079.715133506] [buoy_visualizer]: Buoy 1: range=5.65m, bearing=30.3°, position=(4.88, 2.85), confidence=0.38
[buoy_visualizer-5] [INFO] [1771741079.718103284] [buoy_visualizer]: Buoy 2: range=9.73m, bearing=46.9°, position=(6.65, 7.11), confidence=0.62
[buoy_visualizer-5] [INFO] [1771741079.720990401] [buoy_visualizer]: Buoy 3: range=3.44m, bearing=-105.1°, position=(-0.90, -3.33), confidence=1.00
[buoy_visualizer-5] [INFO] [1771741079.724616193] [buoy_visualizer]: Buoy 4: range=6.98m, bearing=69.9°, position=(2.40, 6.55), confidence=1.00
[buoy_visualizer-5] [INFO] [1771741079.727216441] [buoy_visualizer]: Buoy 5: range=5.62m, bearing=-21.8°, position=(5.22, -2.09), confidence=0.25
[buoy_visualizer-5] [INFO] [1771741079.731677237] [buoy_visualizer]: Buoy 6: range=12.48m, bearing=-25.4°, position=(11.28, -5.35), confidence=1.00
[buoy_visualizer-5] [INFO] [1771741079.733996793] [buoy_visualizer]: Buoy 7: range=6.86m, bearing=35.8°, position=(5.56, 4.02), confidence=0.62
[buoy_visualizer-5] [INFO] [1771741079.735086406] [buoy_visualizer]: Buoy 8: range=13.95m, bearing=-31.9°, position=(11.85, -7.37), confidence=0.50
[buoy_visualizer-5] [INFO] [1771741079.736083789] [buoy_visualizer]: Buoy 9: range=7.07m, bearing=-17.3°, position=(6.75, -2.11), confidence=1.00
[buoy_visualizer-5] [INFO] [1771741079.740548745] [buoy_visualizer]: Published 10 buoy markers
[buoy_visualizer-5] [INFO] [1771741079.844223219] [buoy_visualizer]: Buoy 0: range=12.48m, bearing=-26.1°, position=(11.20, -5.49), confidence=1.00
[buoy_visualizer-5] [INFO] [1771741079.845173622] [buoy_visualizer]: Buoy 1: range=0.24m, bearing=1.8°, position=(0.24, 0.01), confidence=1.00
[buoy_visualizer-5] [INFO] [1771741079.852277197] [buoy_visualizer]: Buoy 2: range=5.56m, bearing=30.6°, position=(4.79, 2.83), confidence=0.25
[buoy_visualizer-5] [INFO] [1771741079.853513924] [buoy_visualizer]: Buoy 3: range=8.41m, bearing=29.2°, position=(7.34, 4.11), confidence=0.25
[buoy_visualizer-5] [INFO] [1771741079.854626355] [buoy_visualizer]: Buoy 4: range=6.97m, bearing=69.9°, position=(2.40, 6.55), confidence=1.00
[buoy_visualizer-5] [INFO] [1771741079.859170101] [buoy_visualizer]: Buoy 5: range=13.95m, bearing=-31.9°, position=(11.85, -7.37), confidence=0.50
[buoy_visualizer-5] [INFO] [1771741079.872146443] [buoy_visualizer]: Buoy 6: range=9.72m, bearing=46.5°, position=(6.69, 7.05), confidence=0.50
[buoy_visualizer-5] [INFO] [1771741079.880630436] [buoy_visualizer]: Buoy 7: range=3.44m, bearing=-105.6°, position=(-0.92, -3.31), confidence=1.00
[buoy_visualizer-5] [INFO] [1771741079.882255127] [buoy_visualizer]: Buoy 8: range=6.87m, bearing=35.6°, position=(5.59, 4.00), confidence=0.62
[buoy_visualizer-5] [INFO] [1771741079.883345604] [buoy_visualizer]: Buoy 9: range=7.07m, bearing=-17.3°, position=(6.75, -2.11), confidence=1.00
[buoy_visualizer-5] [INFO] [1771741079.884958326] [buoy_visualizer]: Published 10 buoy markers
[buoy_visualizer-5] [INFO] [1771741079.942139973] [buoy_visualizer]: Buoy 0: range=13.84m, bearing=-31.5°, position=(11.80, -7.23), confidence=1.00
[buoy_visualizer-5] [INFO] [1771741079.943515687] [buoy_visualizer]: Buoy 1: range=0.15m, bearing=-6.6°, position=(0.15, -0.02), confidence=1.00
[buoy_visualizer-5] [INFO] [1771741079.944726716] [buoy_visualizer]: Buoy 2: range=9.72m, bearing=46.5°, position=(6.69, 7.05), confidence=0.50
[buoy_visualizer-5] [INFO] [1771741079.945788455] [buoy_visualizer]: Buoy 3: range=3.44m, bearing=-105.6°, position=(-0.92, -3.31), confidence=1.00
[buoy_visualizer-5] [INFO] [1771741079.948938406] [buoy_visualizer]: Buoy 4: range=6.98m, bearing=69.6°, position=(2.43, 6.54), confidence=1.00
[buoy_visualizer-5] [INFO] [1771741079.949979216] [buoy_visualizer]: Buoy 5: range=6.87m, bearing=35.6°, position=(5.59, 4.00), confidence=0.62
[buoy_visualizer-5] [INFO] [1771741079.951490139] [buoy_visualizer]: Buoy 6: range=7.07m, bearing=-17.3°, position=(6.75, -2.11), confidence=1.00
[buoy_visualizer-5] [INFO] [1771741079.955308041] [buoy_visualizer]: Buoy 7: range=6.53m, bearing=-29.1°, position=(5.71, -3.17), confidence=0.75
[buoy_visualizer-5] [INFO] [1771741079.956794418] [buoy_visualizer]: Published 8 buoy markers
[buoy_visualizer-5] [INFO] [1771741080.076752924] [buoy_visualizer]: Buoy 0: range=7.03m, bearing=-17.4°, position=(6.71, -2.11), confidence=1.00
[buoy_visualizer-5] [INFO] [1771741080.077779140] [buoy_visualizer]: Buoy 1: range=0.16m, bearing=-10.2°, position=(0.16, -0.03), confidence=1.00
[buoy_visualizer-5] [INFO] [1771741080.078766058] [buoy_visualizer]: Buoy 2: range=6.99m, bearing=69.1°, position=(2.50, 6.53), confidence=1.00
[buoy_visualizer-5] [INFO] [1771741080.079736399] [buoy_visualizer]: Buoy 3: range=6.53m, bearing=-29.1°, position=(5.71, -3.17), confidence=0.75
[buoy_visualizer-5] [INFO] [1771741080.080598988] [buoy_visualizer]: Buoy 4: range=12.43m, bearing=-26.5°, position=(11.12, -5.56), confidence=1.00
[buoy_visualizer-5] [INFO] [1771741080.081408133] [buoy_visualizer]: Buoy 5: range=3.41m, bearing=-106.1°, position=(-0.95, -3.28), confidence=1.00
[buoy_visualizer-5] [INFO] [1771741080.082201501] [buoy_visualizer]: Buoy 6: range=6.88m, bearing=35.7°, position=(5.59, 4.01), confidence=0.50
[buoy_visualizer-5] [INFO] [1771741080.089098693] [buoy_visualizer]: Buoy 7: range=9.73m, bearing=46.9°, position=(6.64, 7.10), confidence=0.25
[buoy_visualizer-5] [INFO] [1771741080.090064490] [buoy_visualizer]: Buoy 8: range=13.87m, bearing=-31.6°, position=(11.81, -7.26), confidence=1.00
[buoy_visualizer-5] [INFO] [1771741080.091174680] [buoy_visualizer]: Buoy 9: range=10.88m, bearing=-32.7°, position=(9.15, -5.88), confidence=0.25
[buoy_visualizer-5] [INFO] [1771741080.092847759] [buoy_visualizer]: Published 10 buoy markers
[INFO] [launch]: All log files can be found below /home/lorenzo/.ros/log/2026-02-22-01-18-00-177536-aqua-desktop-68006
[INFO] [launch]: Default logging verbosity is set to INFO
[buoy_visualizer-5] [INFO] [1771741080.179815384] [buoy_visualizer]: Buoy 0: range=7.05m, bearing=-18.1°, position=(6.71, -2.19), confidence=1.00
[buoy_visualizer-5] [INFO] [1771741080.181027886] [buoy_visualizer]: Buoy 1: range=0.33m, bearing=-162.0°, position=(-0.31, -0.10), confidence=1.00
[buoy_visualizer-5] [INFO] [1771741080.181961840] [buoy_visualizer]: Buoy 2: range=13.76m, bearing=-31.1°, position=(11.78, -7.11), confidence=1.00
[buoy_visualizer-5] [INFO] [1771741080.182859792] [buoy_visualizer]: Buoy 3: range=1.37m, bearing=5.1°, position=(1.36, 0.12), confidence=1.00
[buoy_visualizer-5] [INFO] [1771741080.183765936] [buoy_visualizer]: Buoy 4: range=7.02m, bearing=68.3°, position=(2.59, 6.52), confidence=1.00
[buoy_visualizer-5] [INFO] [1771741080.187453077] [buoy_visualizer]: Buoy 5: range=6.88m, bearing=35.3°, position=(5.61, 3.98), confidence=0.50
[buoy_visualizer-5] [INFO] [1771741080.194447236] [buoy_visualizer]: Buoy 6: range=3.42m, bearing=-106.2°, position=(-0.95, -3.28), confidence=0.75
[buoy_visualizer-5] [INFO] [1771741080.198228719] [buoy_visualizer]: Buoy 7: range=6.46m, bearing=-30.4°, position=(5.57, -3.27), confidence=0.38
[buoy_visualizer-5] [INFO] [1771741080.202430713] [buoy_visualizer]: Buoy 8: range=9.75m, bearing=20.1°, position=(9.16, 3.35), confidence=0.25
[buoy_visualizer-5] [INFO] [1771741080.206862290] [buoy_visualizer]: Published 9 buoy markers
[buoy_visualizer-5] [INFO] [1771741080.317489702] [buoy_visualizer]: Buoy 0: range=7.11m, bearing=-17.7°, position=(6.78, -2.17), confidence=1.00
[buoy_visualizer-5] [INFO] [1771741080.318507950] [buoy_visualizer]: Buoy 1: range=0.33m, bearing=-162.0°, position=(-0.31, -0.10), confidence=1.00
[buoy_visualizer-5] [INFO] [1771741080.319365835] [buoy_visualizer]: Buoy 2: range=13.76m, bearing=-31.1°, position=(11.78, -7.11), confidence=1.00
[buoy_visualizer-5] [INFO] [1771741080.322905734] [buoy_visualizer]: Buoy 3: range=1.38m, bearing=3.6°, position=(1.38, 0.09), confidence=1.00
[buoy_visualizer-5] [INFO] [1771741080.325689483] [buoy_visualizer]: Buoy 4: range=7.02m, bearing=68.3°, position=(2.60, 6.53), confidence=1.00
[buoy_visualizer-5] [INFO] [1771741080.328328517] [buoy_visualizer]: Buoy 5: range=6.88m, bearing=35.3°, position=(5.61, 3.98), confidence=0.50
[buoy_visualizer-5] [INFO] [1771741080.331917763] [buoy_visualizer]: Buoy 6: range=3.45m, bearing=-106.2°, position=(-0.96, -3.31), confidence=1.00
[buoy_visualizer-5] [INFO] [1771741080.335336533] [buoy_visualizer]: Buoy 7: range=9.75m, bearing=20.1°, position=(9.16, 3.35), confidence=0.25
[buoy_visualizer-5] [INFO] [1771741080.338094520] [buoy_visualizer]: Published 8 buoy markers
[buoy_visualizer-5] [INFO] [1771741080.437971092] [buoy_visualizer]: Buoy 0: range=0.33m, bearing=-162.2°, position=(-0.31, -0.10), confidence=1.00
[buoy_visualizer-5] [INFO] [1771741080.439054656] [buoy_visualizer]: Buoy 1: range=7.70m, bearing=-36.5°, position=(6.19, -4.58), confidence=0.25
[buoy_visualizer-5] [INFO] [1771741080.445020903] [buoy_visualizer]: Buoy 2: range=13.68m, bearing=-30.9°, position=(11.74, -7.02), confidence=1.00
[buoy_visualizer-5] [INFO] [1771741080.447312777] [buoy_visualizer]: Buoy 3: range=11.45m, bearing=-30.8°, position=(9.83, -5.87), confidence=0.88
[buoy_visualizer-5] [INFO] [1771741080.448372212] [buoy_visualizer]: Buoy 4: range=1.40m, bearing=2.8°, position=(1.40, 0.07), confidence=1.00
[buoy_visualizer-5] [INFO] [1771741080.449226352] [buoy_visualizer]: Buoy 5: range=7.04m, bearing=67.9°, position=(2.65, 6.52), confidence=1.00
[buoy_visualizer-5] [INFO] [1771741080.450035465] [buoy_visualizer]: Buoy 6: range=8.88m, bearing=-30.9°, position=(7.62, -4.56), confidence=0.38
[buoy_visualizer-5] [INFO] [1771741080.450844899] [buoy_visualizer]: Buoy 7: range=9.75m, bearing=20.1°, position=(9.16, 3.35), confidence=0.25
[buoy_visualizer-5] [INFO] [1771741080.451612313] [buoy_visualizer]: Buoy 8: range=6.89m, bearing=34.9°, position=(5.65, 3.94), confidence=0.38
[buoy_visualizer-5] [INFO] [1771741080.455497772] [buoy_visualizer]: Buoy 9: range=7.18m, bearing=-19.3°, position=(6.78, -2.38), confidence=1.00
[buoy_visualizer-5] [INFO] [1771741080.456642557] [buoy_visualizer]: Buoy 10: range=3.46m, bearing=-106.2°, position=(-0.97, -3.32), confidence=0.75
[buoy_visualizer-5] [INFO] [1771741080.457455862] [buoy_visualizer]: Buoy 11: range=9.47m, bearing=47.2°, position=(6.43, 6.95), confidence=0.50
[buoy_visualizer-5] [INFO] [1771741080.458934847] [buoy_visualizer]: Published 12 buoy markers
[buoy_visualizer-5] [INFO] [1771741080.535033800] [buoy_visualizer]: Buoy 0: range=9.75m, bearing=20.1°, position=(9.16, 3.35), confidence=0.25
[buoy_visualizer-5] [INFO] [1771741080.535994956] [buoy_visualizer]: Buoy 1: range=6.89m, bearing=34.9°, position=(5.65, 3.94), confidence=0.38
[buoy_visualizer-5] [INFO] [1771741080.536823655] [buoy_visualizer]: Buoy 2: range=7.21m, bearing=-18.8°, position=(6.83, -2.33), confidence=1.00
[buoy_visualizer-5] [INFO] [1771741080.537628960] [buoy_visualizer]: Buoy 3: range=1.38m, bearing=4.0°, position=(1.38, 0.10), confidence=1.00
[buoy_visualizer-5] [INFO] [1771741080.538404534] [buoy_visualizer]: Buoy 4: range=0.32m, bearing=-162.1°, position=(-0.30, -0.10), confidence=1.00
[buoy_visualizer-5] [INFO] [1771741080.539179117] [buoy_visualizer]: Buoy 5: range=7.04m, bearing=68.0°, position=(2.64, 6.53), confidence=1.00
[buoy_visualizer-5] [INFO] [1771741080.539944227] [buoy_visualizer]: Buoy 6: range=3.45m, bearing=-106.0°, position=(-0.95, -3.31), confidence=1.00
[buoy_visualizer-5] [INFO] [1771741080.542005141] [buoy_visualizer]: Buoy 7: range=9.80m, bearing=-14.5°, position=(9.49, -2.45), confidence=0.38
[buoy_visualizer-5] [INFO] [1771741080.544288599] [buoy_visualizer]: Buoy 8: range=13.54m, bearing=-30.3°, position=(11.70, -6.82), confidence=0.88
[buoy_visualizer-5] [INFO] [1771741080.546090678] [buoy_visualizer]: Buoy 9: range=9.47m, bearing=47.2°, position=(6.43, 6.95), confidence=0.50
[buoy_visualizer-5] [INFO] [1771741080.547836434] [buoy_visualizer]: Buoy 10: range=6.60m, bearing=-27.0°, position=(5.88, -3.00), confidence=0.25
[buoy_visualizer-5] [INFO] [1771741080.549424962] [buoy_visualizer]: Buoy 11: range=0.84m, bearing=61.6°, position=(0.40, 0.74), confidence=0.25
[buoy_visualizer-5] [INFO] [1771741080.551734438] [buoy_visualizer]: Published 12 buoy markers
[buoy_visualizer-5] [INFO] [1771741080.647908795] [buoy_visualizer]: Buoy 0: range=9.75m, bearing=20.1°, position=(9.16, 3.35), confidence=0.25
[buoy_visualizer-5] [INFO] [1771741080.648841181] [buoy_visualizer]: Buoy 1: range=6.90m, bearing=34.9°, position=(5.66, 3.95), confidence=0.62
[buoy_visualizer-5] [INFO] [1771741080.649621268] [buoy_visualizer]: Buoy 2: range=7.18m, bearing=-18.6°, position=(6.81, -2.29), confidence=1.00
[buoy_visualizer-5] [INFO] [1771741080.653036710] [buoy_visualizer]: Buoy 3: range=1.37m, bearing=4.5°, position=(1.37, 0.11), confidence=1.00
[buoy_visualizer-5] [INFO] [1771741080.654886153] [buoy_visualizer]: Buoy 4: range=0.32m, bearing=-162.1°, position=(-0.30, -0.10), confidence=1.00
[buoy_visualizer-5] [INFO] [1771741080.656514460] [buoy_visualizer]: Buoy 5: range=7.03m, bearing=68.4°, position=(2.58, 6.54), confidence=1.00
[buoy_visualizer-5] [INFO] [1771741080.657279666] [buoy_visualizer]: Buoy 6: range=3.45m, bearing=-105.8°, position=(-0.94, -3.31), confidence=1.00
[buoy_visualizer-5] [INFO] [1771741080.658024679] [buoy_visualizer]: Buoy 7: range=9.80m, bearing=-14.5°, position=(9.49, -2.45), confidence=0.38
[buoy_visualizer-5] [INFO] [1771741080.658756379] [buoy_visualizer]: Buoy 8: range=13.54m, bearing=-30.3°, position=(11.70, -6.82), confidence=0.88
[buoy_visualizer-5] [INFO] [1771741080.659476686] [buoy_visualizer]: Buoy 9: range=9.50m, bearing=46.8°, position=(6.50, 6.92), confidence=0.75
[buoy_visualizer-5] [INFO] [1771741080.660257477] [buoy_visualizer]: Buoy 10: range=6.60m, bearing=-27.0°, position=(5.88, -3.00), confidence=0.25
[buoy_visualizer-5] [INFO] [1771741080.661123714] [buoy_visualizer]: Buoy 11: range=0.74m, bearing=59.5°, position=(0.38, 0.64), confidence=0.50
[buoy_visualizer-5] [INFO] [1771741080.662569800] [buoy_visualizer]: Published 12 buoy markers
[buoy_visualizer-5] [INFO] [1771741080.801313026] [buoy_visualizer]: Buoy 0: range=7.25m, bearing=-19.3°, position=(6.84, -2.39), confidence=1.00
[buoy_visualizer-5] [INFO] [1771741080.802162590] [buoy_visualizer]: Buoy 1: range=9.41m, bearing=-5.1°, position=(9.37, -0.84), confidence=0.50
[buoy_visualizer-5] [INFO] [1771741080.803096576] [buoy_visualizer]: Buoy 2: range=0.32m, bearing=-162.3°, position=(-0.31, -0.10), confidence=1.00
[buoy_visualizer-5] [INFO] [1771741080.808463932] [buoy_visualizer]: Buoy 3: range=6.90m, bearing=35.1°, position=(5.64, 3.97), confidence=0.62
[buoy_visualizer-5] [INFO] [1771741080.809330329] [buoy_visualizer]: Buoy 4: range=4.40m, bearing=37.4°, position=(3.50, 2.68), confidence=0.25
[buoy_visualizer-5] [INFO] [1771741080.810813090] [buoy_visualizer]: Buoy 5: range=9.80m, bearing=-14.5°, position=(9.49, -2.45), confidence=0.38
[buoy_visualizer-5] [INFO] [1771741080.812261417] [buoy_visualizer]: Buoy 6: range=1.19m, bearing=11.2°, position=(1.17, 0.23), confidence=1.00
[buoy_visualizer-5] [INFO] [1771741080.813568613] [buoy_visualizer]: Buoy 7: range=9.33m, bearing=6.6°, position=(9.27, 1.08), confidence=0.75
[buoy_visualizer-5] [INFO] [1771741080.814852320] [buoy_visualizer]: Buoy 8: range=7.02m, bearing=68.9°, position=(2.53, 6.55), confidence=1.00
[buoy_visualizer-5] [INFO] [1771741080.818314005] [buoy_visualizer]: Buoy 9: range=13.54m, bearing=-30.3°, position=(11.70, -6.82), confidence=0.88
[buoy_visualizer-5] [INFO] [1771741080.819513194] [buoy_visualizer]: Buoy 10: range=9.50m, bearing=46.8°, position=(6.50, 6.92), confidence=0.75
[buoy_visualizer-5] [INFO] [1771741080.820347333] [buoy_visualizer]: Buoy 11: range=3.43m, bearing=-105.5°, position=(-0.92, -3.31), confidence=1.00
[buoy_visualizer-5] [INFO] [1771741080.821385134] [buoy_visualizer]: Buoy 12: range=6.60m, bearing=-27.0°, position=(5.88, -3.00), confidence=0.25
[buoy_visualizer-5] [INFO] [1771741080.823763319] [buoy_visualizer]: Published 13 buoy markers
[buoy_visualizer-5] [INFO] [1771741080.897427859] [buoy_visualizer]: Buoy 0: range=9.33m, bearing=6.2°, position=(9.28, 1.01), confidence=0.62
[buoy_visualizer-5] [INFO] [1771741080.898266735] [buoy_visualizer]: Buoy 1: range=0.26m, bearing=16.9°, position=(0.25, 0.08), confidence=1.00
[buoy_visualizer-5] [INFO] [1771741080.899039813] [buoy_visualizer]: Buoy 2: range=9.52m, bearing=46.6°, position=(6.54, 6.92), confidence=1.00
[buoy_visualizer-5] [INFO] [1771741080.900073198] [buoy_visualizer]: Buoy 3: range=3.45m, bearing=-105.5°, position=(-0.92, -3.32), confidence=1.00
[buoy_visualizer-5] [INFO] [1771741080.900882568] [buoy_visualizer]: Buoy 4: range=7.01m, bearing=69.0°, position=(2.51, 6.54), confidence=1.00
[buoy_visualizer-5] [INFO] [1771741080.901631069] [buoy_visualizer]: Buoy 5: range=7.24m, bearing=-18.8°, position=(6.86, -2.33), confidence=1.00
[buoy_visualizer-5] [INFO] [1771741080.902927768] [buoy_visualizer]: Buoy 6: range=9.41m, bearing=-4.9°, position=(9.37, -0.80), confidence=0.38
[buoy_visualizer-5] [INFO] [1771741080.904258391] [buoy_visualizer]: Buoy 7: range=6.91m, bearing=35.1°, position=(5.65, 3.97), confidence=0.50
[buoy_visualizer-5] [INFO] [1771741080.905103762] [buoy_visualizer]: Buoy 8: range=13.61m, bearing=-30.7°, position=(11.70, -6.94), confidence=0.62
[buoy_visualizer-5] [INFO] [1771741080.905837958] [buoy_visualizer]: Buoy 9: range=6.60m, bearing=-27.0°, position=(5.88, -3.00), confidence=0.25
[buoy_visualizer-5] [INFO] [1771741080.906558457] [buoy_visualizer]: Buoy 10: range=9.83m, bearing=-15.0°, position=(9.50, -2.54), confidence=0.25
[buoy_visualizer-5] [INFO] [1771741080.908168331] [buoy_visualizer]: Published 11 buoy markers
[buoy_visualizer-5] [INFO] [1771741081.019092756] [buoy_visualizer]: Buoy 0: range=7.24m, bearing=-19.1°, position=(6.84, -2.36), confidence=1.00
[buoy_visualizer-5] [INFO] [1771741081.020206531] [buoy_visualizer]: Buoy 1: range=6.18m, bearing=-24.7°, position=(5.62, -2.58), confidence=0.50
[buoy_visualizer-5] [INFO] [1771741081.021067008] [buoy_visualizer]: Buoy 2: range=0.21m, bearing=14.6°, position=(0.21, 0.05), confidence=1.00
[buoy_visualizer-5] [INFO] [1771741081.021854839] [buoy_visualizer]: Buoy 3: range=6.90m, bearing=35.7°, position=(5.60, 4.03), confidence=1.00
[buoy_visualizer-5] [INFO] [1771741081.022809339] [buoy_visualizer]: Buoy 4: range=13.79m, bearing=-31.5°, position=(11.76, -7.20), confidence=0.88
[buoy_visualizer-5] [INFO] [1771741081.023579281] [buoy_visualizer]: Buoy 5: range=9.57m, bearing=46.5°, position=(6.58, 6.95), confidence=0.88
[buoy_visualizer-5] [INFO] [1771741081.025686310] [buoy_visualizer]: Buoy 6: range=7.03m, bearing=69.0°, position=(2.51, 6.56), confidence=1.00
[buoy_visualizer-5] [INFO] [1771741081.028358820] [buoy_visualizer]: Buoy 7: range=3.44m, bearing=-105.6°, position=(-0.92, -3.31), confidence=1.00
[buoy_visualizer-5] [INFO] [1771741081.029263204] [buoy_visualizer]: Buoy 8: range=9.81m, bearing=-14.7°, position=(9.49, -2.49), confidence=0.62
[buoy_visualizer-5] [INFO] [1771741081.030628580] [buoy_visualizer]: Published 9 buoy markers
[buoy_visualizer-5] [INFO] [1771741081.141854241] [buoy_visualizer]: Buoy 0: range=12.51m, bearing=-25.0°, position=(11.34, -5.28), confidence=1.00
[buoy_visualizer-5] [INFO] [1771741081.142738943] [buoy_visualizer]: Buoy 1: range=7.04m, bearing=-19.9°, position=(6.62, -2.40), confidence=1.00
[buoy_visualizer-5] [INFO] [1771741081.143485044] [buoy_visualizer]: Buoy 2: range=0.30m, bearing=17.3°, position=(0.29, 0.09), confidence=1.00
[buoy_visualizer-5] [INFO] [1771741081.149038237] [buoy_visualizer]: Buoy 3: range=8.42m, bearing=28.9°, position=(7.37, 4.07), confidence=0.38
[buoy_visualizer-5] [INFO] [1771741081.150655887] [buoy_visualizer]: Buoy 4: range=3.44m, bearing=-105.5°, position=(-0.92, -3.32), confidence=1.00
[buoy_visualizer-5] [INFO] [1771741081.153929655] [buoy_visualizer]: Buoy 5: range=7.02m, bearing=69.6°, position=(2.45, 6.58), confidence=1.00
[buoy_visualizer-5] [INFO] [1771741081.155166446] [buoy_visualizer]: Buoy 6: range=9.61m, bearing=46.4°, position=(6.62, 6.96), confidence=0.62
[buoy_visualizer-5] [INFO] [1771741081.156215225] [buoy_visualizer]: Buoy 7: range=6.90m, bearing=35.9°, position=(5.59, 4.04), confidence=0.88
[buoy_visualizer-5] [INFO] [1771741081.157656447] [buoy_visualizer]: Buoy 8: range=14.13m, bearing=-33.1°, position=(11.84, -7.72), confidence=0.50
[buoy_visualizer-5] [INFO] [1771741081.160383359] [buoy_visualizer]: Published 9 buoy markers
[buoy_visualizer-5] [INFO] [1771741081.277927707] [buoy_visualizer]: Buoy 0: range=3.45m, bearing=-105.5°, position=(-0.92, -3.33), confidence=1.00
[buoy_visualizer-5] [INFO] [1771741081.278993158] [buoy_visualizer]: Buoy 1: range=7.01m, bearing=69.1°, position=(2.50, 6.55), confidence=1.00
[buoy_visualizer-5] [INFO] [1771741081.279891366] [buoy_visualizer]: Buoy 2: range=7.23m, bearing=-20.7°, position=(6.76, -2.56), confidence=0.88
[buoy_visualizer-5] [INFO] [1771741081.283443617] [buoy_visualizer]: Buoy 3: range=12.65m, bearing=-24.6°, position=(11.50, -5.27), confidence=0.75
[buoy_visualizer-5] [INFO] [1771741081.286757708] [buoy_visualizer]: Buoy 4: range=6.89m, bearing=36.1°, position=(5.57, 4.06), confidence=0.88
[buoy_visualizer-5] [INFO] [1771741081.290220097] [buoy_visualizer]: Buoy 5: range=11.14m, bearing=-31.5°, position=(9.50, -5.83), confidence=0.50
[buoy_visualizer-5] [INFO] [1771741081.295390478] [buoy_visualizer]: Buoy 6: range=14.13m, bearing=-33.1°, position=(11.84, -7.72), confidence=0.50
[buoy_visualizer-5] [INFO] [1771741081.299328837] [buoy_visualizer]: Buoy 7: range=9.66m, bearing=45.1°, position=(6.82, 6.85), confidence=0.75
[buoy_visualizer-5] [INFO] [1771741081.307518600] [buoy_visualizer]: Buoy 8: range=9.63m, bearing=16.8°, position=(9.22, 2.78), confidence=0.50
[buoy_visualizer-5] [INFO] [1771741081.309902449] [buoy_visualizer]: Buoy 9: range=5.71m, bearing=-20.8°, position=(5.34, -2.03), confidence=0.25
[buoy_visualizer-5] [INFO] [1771741081.312449445] [buoy_visualizer]: Buoy 10: range=8.42m, bearing=28.9°, position=(7.37, 4.08), confidence=0.25
[buoy_visualizer-5] [INFO] [1771741081.328986583] [buoy_visualizer]: Published 11 buoy markers
[buoy_visualizer-5] [INFO] [1771741081.425720178] [buoy_visualizer]: Buoy 0: range=11.14m, bearing=-31.5°, position=(9.50, -5.83), confidence=0.50
[buoy_visualizer-5] [INFO] [1771741081.426727130] [buoy_visualizer]: Buoy 1: range=14.13m, bearing=-33.1°, position=(11.84, -7.72), confidence=0.50
[buoy_visualizer-5] [INFO] [1771741081.428874545] [buoy_visualizer]: Buoy 2: range=9.67m, bearing=45.1°, position=(6.83, 6.84), confidence=0.88
[buoy_visualizer-5] [INFO] [1771741081.429921596] [buoy_visualizer]: Buoy 3: range=7.00m, bearing=69.1°, position=(2.50, 6.54), confidence=1.00
[buoy_visualizer-5] [INFO] [1771741081.430903201] [buoy_visualizer]: Buoy 4: range=3.47m, bearing=-105.6°, position=(-0.93, -3.34), confidence=1.00
[buoy_visualizer-5] [INFO] [1771741081.431742076] [buoy_visualizer]: Buoy 5: range=7.26m, bearing=-17.6°, position=(6.92, -2.20), confidence=0.38
[buoy_visualizer-5] [INFO] [1771741081.434948639] [buoy_visualizer]: Buoy 6: range=9.54m, bearing=14.8°, position=(9.22, 2.44), confidence=1.00
[buoy_visualizer-5] [INFO] [1771741081.439464383] [buoy_visualizer]: Buoy 7: range=6.89m, bearing=36.1°, position=(5.57, 4.06), confidence=1.00
[buoy_visualizer-5] [INFO] [1771741081.442460787] [buoy_visualizer]: Buoy 8: range=12.69m, bearing=-24.6°, position=(11.54, -5.28), confidence=0.88
[buoy_visualizer-5] [INFO] [1771741081.445418532] [buoy_visualizer]: Buoy 9: range=5.71m, bearing=-20.8°, position=(5.34, -2.03), confidence=0.25
[buoy_visualizer-5] [INFO] [1771741081.448861463] [buoy_visualizer]: Buoy 10: range=8.44m, bearing=29.1°, position=(7.38, 4.10), confidence=0.38
[buoy_visualizer-5] [INFO] [1771741081.452075707] [buoy_visualizer]: Published 11 buoy markers
[buoy_visualizer-5] [INFO] [1771741081.587780507] [buoy_visualizer]: Buoy 0: range=14.27m, bearing=-33.8°, position=(11.86, -7.94), confidence=0.38
[buoy_visualizer-5] [INFO] [1771741081.594508503] [buoy_visualizer]: Buoy 1: range=7.16m, bearing=-16.6°, position=(6.86, -2.05), confidence=0.62
[buoy_visualizer-5] [INFO] [1771741081.599697510] [buoy_visualizer]: Buoy 2: range=1.18m, bearing=10.4°, position=(1.16, 0.21), confidence=1.00
[buoy_visualizer-5] [INFO] [1771741081.605854394] [buoy_visualizer]: Buoy 3: range=6.89m, bearing=36.1°, position=(5.57, 4.06), confidence=1.00
[buoy_visualizer-5] [INFO] [1771741081.612987186] [buoy_visualizer]: Buoy 4: range=0.31m, bearing=-162.0°, position=(-0.29, -0.10), confidence=1.00
[buoy_visualizer-5] [INFO] [1771741081.617666813] [buoy_visualizer]: Buoy 5: range=3.45m, bearing=-105.6°, position=(-0.93, -3.33), confidence=1.00
[buoy_visualizer-5] [INFO] [1771741081.618689030] [buoy_visualizer]: Buoy 6: range=12.56m, bearing=-25.4°, position=(11.35, -5.39), confidence=1.00
[buoy_visualizer-5] [INFO] [1771741081.620685043] [buoy_visualizer]: Buoy 7: range=5.71m, bearing=-20.8°, position=(5.34, -2.03), confidence=0.25
[buoy_visualizer-5] [INFO] [1771741081.623568831] [buoy_visualizer]: Buoy 8: range=7.01m, bearing=69.5°, position=(2.46, 6.57), confidence=1.00
[buoy_visualizer-5] [INFO] [1771741081.624685326] [buoy_visualizer]: Buoy 9: range=8.44m, bearing=29.1°, position=(7.38, 4.10), confidence=0.38
[buoy_visualizer-5] [INFO] [1771741081.625618672] [buoy_visualizer]: Buoy 10: range=9.69m, bearing=45.2°, position=(6.82, 6.88), confidence=0.75
[buoy_visualizer-5] [INFO] [1771741081.627097368] [buoy_visualizer]: Buoy 11: range=6.64m, bearing=-28.6°, position=(5.83, -3.17), confidence=0.38
[buoy_visualizer-5] [INFO] [1771741081.628770191] [buoy_visualizer]: Buoy 12: range=8.28m, bearing=-6.7°, position=(8.22, -0.97), confidence=0.25
[buoy_visualizer-5] [INFO] [1771741081.629952290] [buoy_visualizer]: Buoy 13: range=8.59m, bearing=-29.0°, position=(7.51, -4.16), confidence=0.25
[buoy_visualizer-5] [INFO] [1771741081.635659574] [buoy_visualizer]: Buoy 14: range=12.02m, bearing=-15.2°, position=(11.60, -3.15), confidence=0.38
[buoy_visualizer-5] [INFO] [1771741081.643053921] [buoy_visualizer]: Published 15 buoy markers
[buoy_visualizer-5] [INFO] [1771741081.683780066] [buoy_visualizer]: Buoy 0: range=9.40m, bearing=-3.2°, position=(9.39, -0.53), confidence=1.00
[buoy_visualizer-5] [INFO] [1771741081.684707876] [buoy_visualizer]: Buoy 1: range=1.22m, bearing=9.3°, position=(1.21, 0.20), confidence=1.00
[buoy_visualizer-5] [INFO] [1771741081.685548319] [buoy_visualizer]: Buoy 2: range=8.44m, bearing=29.1°, position=(7.38, 4.10), confidence=0.38
[buoy_visualizer-5] [INFO] [1771741081.689952599] [buoy_visualizer]: Buoy 3: range=9.69m, bearing=45.2°, position=(6.82, 6.88), confidence=0.75
[buoy_visualizer-5] [INFO] [1771741081.693326822] [buoy_visualizer]: Buoy 4: range=6.99m, bearing=69.5°, position=(2.45, 6.55), confidence=1.00
[buoy_visualizer-5] [INFO] [1771741081.698229409] [buoy_visualizer]: Buoy 5: range=12.56m, bearing=-26.1°, position=(11.28, -5.53), confidence=1.00
[buoy_visualizer-5] [INFO] [1771741081.700473119] [buoy_visualizer]: Buoy 6: range=6.99m, bearing=-21.9°, position=(6.49, -2.60), confidence=1.00
[buoy_visualizer-5] [INFO] [1771741081.701392128] [buoy_visualizer]: Buoy 7: range=9.51m, bearing=14.0°, position=(9.23, 2.30), confidence=1.00
[buoy_visualizer-5] [INFO] [1771741081.702237276] [buoy_visualizer]: Buoy 8: range=5.14m, bearing=32.9°, position=(4.32, 2.79), confidence=0.25
[buoy_visualizer-5] [INFO] [1771741081.703044757] [buoy_visualizer]: Buoy 9: range=3.44m, bearing=-105.3°, position=(-0.91, -3.32), confidence=1.00
[buoy_visualizer-5] [INFO] [1771741081.703845454] [buoy_visualizer]: Buoy 10: range=0.30m, bearing=-163.3°, position=(-0.29, -0.09), confidence=1.00
[buoy_visualizer-5] [INFO] [1771741081.704701738] [buoy_visualizer]: Buoy 11: range=6.88m, bearing=35.9°, position=(5.58, 4.03), confidence=0.50
[buoy_visualizer-5] [INFO] [1771741081.705554919] [buoy_visualizer]: Buoy 12: range=8.29m, bearing=-6.2°, position=(8.25, -0.89), confidence=0.38
[buoy_visualizer-5] [INFO] [1771741081.706680342] [buoy_visualizer]: Buoy 13: range=8.63m, bearing=-29.2°, position=(7.53, -4.21), confidence=0.50
[buoy_visualizer-5] [INFO] [1771741081.707538899] [buoy_visualizer]: Buoy 14: range=8.25m, bearing=12.0°, position=(8.07, 1.72), confidence=0.25
[buoy_visualizer-5] [INFO] [1771741081.708474133] [buoy_visualizer]: Buoy 15: range=12.02m, bearing=-15.2°, position=(11.60, -3.15), confidence=0.38
[buoy_visualizer-5] [INFO] [1771741081.710647919] [buoy_visualizer]: Published 16 buoy markers
[buoy_visualizer-5] [INFO] [1771741081.805391550] [buoy_visualizer]: Buoy 0: range=1.23m, bearing=8.0°, position=(1.22, 0.17), confidence=1.00
[buoy_visualizer-5] [INFO] [1771741081.806326176] [buoy_visualizer]: Buoy 1: range=9.39m, bearing=-2.5°, position=(9.39, -0.40), confidence=1.00
[buoy_visualizer-5] [INFO] [1771741081.807867917] [buoy_visualizer]: Buoy 2: range=0.31m, bearing=-163.2°, position=(-0.30, -0.09), confidence=1.00
[buoy_visualizer-5] [INFO] [1771741081.811402055] [buoy_visualizer]: Buoy 3: range=9.53m, bearing=14.5°, position=(9.23, 2.38), confidence=1.00
[buoy_visualizer-5] [INFO] [1771741081.828760947] [buoy_visualizer]: Buoy 4: range=6.99m, bearing=69.3°, position=(2.47, 6.54), confidence=1.00
[buoy_visualizer-5] [INFO] [1771741081.830096433] [buoy_visualizer]: Buoy 5: range=9.72m, bearing=45.3°, position=(6.84, 6.90), confidence=0.88
[buoy_visualizer-5] [INFO] [1771741081.831009394] [buoy_visualizer]: Buoy 6: range=3.44m, bearing=-105.1°, position=(-0.90, -3.32), confidence=1.00
[buoy_visualizer-5] [INFO] [1771741081.831847373] [buoy_visualizer]: Buoy 7: range=6.88m, bearing=35.9°, position=(5.58, 4.03), confidence=0.50
[buoy_visualizer-5] [INFO] [1771741081.832815186] [buoy_visualizer]: Buoy 8: range=7.16m, bearing=-17.5°, position=(6.83, -2.16), confidence=1.00
[buoy_visualizer-5] [INFO] [1771741081.833756500] [buoy_visualizer]: Buoy 9: range=12.35m, bearing=-26.5°, position=(11.06, -5.51), confidence=1.00
[buoy_visualizer-5] [INFO] [1771741081.834750555] [buoy_visualizer]: Buoy 10: range=8.32m, bearing=-6.5°, position=(8.27, -0.94), confidence=0.50
[buoy_visualizer-5] [INFO] [1771741081.835666683] [buoy_visualizer]: Buoy 11: range=8.63m, bearing=-29.2°, position=(7.53, -4.21), confidence=0.50
[buoy_visualizer-5] [INFO] [1771741081.836554298] [buoy_visualizer]: Buoy 12: range=6.54m, bearing=-28.4°, position=(5.75, -3.11), confidence=0.50
[buoy_visualizer-5] [INFO] [1771741081.837518878] [buoy_visualizer]: Buoy 13: range=8.25m, bearing=12.0°, position=(8.07, 1.72), confidence=0.25
[buoy_visualizer-5] [INFO] [1771741081.838316919] [buoy_visualizer]: Buoy 14: range=12.02m, bearing=-15.2°, position=(11.60, -3.15), confidence=0.38
[buoy_visualizer-5] [INFO] [1771741081.840119446] [buoy_visualizer]: Published 15 buoy markers
[buoy_visualizer-5] [INFO] [1771741081.929714169] [buoy_visualizer]: Buoy 0: range=9.41m, bearing=-2.8°, position=(9.40, -0.45), confidence=1.00
[buoy_visualizer-5] [INFO] [1771741081.930840168] [buoy_visualizer]: Buoy 1: range=1.18m, bearing=9.6°, position=(1.17, 0.20), confidence=1.00
[buoy_visualizer-5] [INFO] [1771741081.931920245] [buoy_visualizer]: Buoy 2: range=0.32m, bearing=-163.3°, position=(-0.31, -0.09), confidence=1.00
[buoy_visualizer-5] [INFO] [1771741081.946114049] [buoy_visualizer]: Buoy 3: range=9.44m, bearing=11.6°, position=(9.24, 1.89), confidence=0.75
[buoy_visualizer-5] [INFO] [1771741081.950695685] [buoy_visualizer]: Buoy 4: range=3.44m, bearing=-104.9°, position=(-0.88, -3.32), confidence=1.00
[buoy_visualizer-5] [INFO] [1771741081.952361499] [buoy_visualizer]: Buoy 5: range=6.99m, bearing=69.7°, position=(2.43, 6.56), confidence=1.00
[buoy_visualizer-5] [INFO] [1771741081.958808835] [buoy_visualizer]: Buoy 6: range=12.38m, bearing=-25.4°, position=(11.19, -5.30), confidence=1.00
[buoy_visualizer-5] [INFO] [1771741081.960943930] [buoy_visualizer]: Buoy 7: range=8.29m, bearing=-5.8°, position=(8.25, -0.84), confidence=0.62
[buoy_visualizer-5] [INFO] [1771741081.968062065] [buoy_visualizer]: Buoy 8: range=6.88m, bearing=35.7°, position=(5.59, 4.01), confidence=0.25
[buoy_visualizer-5] [INFO] [1771741081.969989722] [buoy_visualizer]: Buoy 9: range=9.75m, bearing=46.6°, position=(6.70, 7.08), confidence=0.50
[buoy_visualizer-5] [INFO] [1771741081.971249907] [buoy_visualizer]: Buoy 10: range=8.63m, bearing=-29.2°, position=(7.53, -4.21), confidence=0.50
[buoy_visualizer-5] [INFO] [1771741081.972480394] [buoy_visualizer]: Buoy 11: range=6.54m, bearing=-28.4°, position=(5.75, -3.11), confidence=0.50
[buoy_visualizer-5] [INFO] [1771741081.973647229] [buoy_visualizer]: Buoy 12: range=8.25m, bearing=12.0°, position=(8.07, 1.72), confidence=0.25
[buoy_visualizer-5] [INFO] [1771741081.975919805] [buoy_visualizer]: Buoy 13: range=7.18m, bearing=-17.8°, position=(6.84, -2.19), confidence=1.00
[buoy_visualizer-5] [INFO] [1771741081.980446462] [buoy_visualizer]: Buoy 14: range=12.02m, bearing=-15.2°, position=(11.60, -3.15), confidence=0.38
[buoy_visualizer-5] [INFO] [1771741081.983049334] [buoy_visualizer]: Buoy 15: range=2.38m, bearing=-12.4°, position=(2.33, -0.51), confidence=0.25
[buoy_visualizer-5] [INFO] [1771741081.993067354] [buoy_visualizer]: Published 16 buoy markers
[buoy_visualizer-5] [INFO] [1771741082.040024436] [buoy_visualizer]: Buoy 0: range=6.99m, bearing=69.5°, position=(2.44, 6.55), confidence=1.00
[buoy_visualizer-5] [INFO] [1771741082.042708466] [buoy_visualizer]: Buoy 1: range=12.48m, bearing=-25.6°, position=(11.25, -5.40), confidence=1.00
[buoy_visualizer-5] [INFO] [1771741082.058027789] [buoy_visualizer]: Buoy 2: range=8.63m, bearing=-29.2°, position=(7.53, -4.21), confidence=0.50
[buoy_visualizer-5] [INFO] [1771741082.061873277] [buoy_visualizer]: Buoy 3: range=7.01m, bearing=-20.5°, position=(6.57, -2.45), confidence=1.00
[buoy_visualizer-5] [INFO] [1771741082.065526047] [buoy_visualizer]: Buoy 4: range=9.46m, bearing=-3.2°, position=(9.45, -0.52), confidence=1.00
[buoy_visualizer-5] [INFO] [1771741082.069406578] [buoy_visualizer]: Buoy 5: range=8.32m, bearing=-6.2°, position=(8.27, -0.89), confidence=0.50
[buoy_visualizer-5] [INFO] [1771741082.071832253] [buoy_visualizer]: Buoy 6: range=9.40m, bearing=9.2°, position=(9.28, 1.50), confidence=0.25
[buoy_visualizer-5] [INFO] [1771741082.073623452] [buoy_visualizer]: Buoy 7: range=8.25m, bearing=12.0°, position=(8.07, 1.72), confidence=0.25
[buoy_visualizer-5] [INFO] [1771741082.077569939] [buoy_visualizer]: Buoy 8: range=9.77m, bearing=47.3°, position=(6.63, 7.17), confidence=0.38
[buoy_visualizer-5] [INFO] [1771741082.079889975] [buoy_visualizer]: Buoy 9: range=3.44m, bearing=-104.7°, position=(-0.87, -3.33), confidence=1.00
[buoy_visualizer-5] [INFO] [1771741082.084814964] [buoy_visualizer]: Buoy 10: range=12.02m, bearing=-15.2°, position=(11.60, -3.15), confidence=0.38
[buoy_visualizer-5] [INFO] [1771741082.087197468] [buoy_visualizer]: Buoy 11: range=1.16m, bearing=10.8°, position=(1.14, 0.22), confidence=1.00
[buoy_visualizer-5] [INFO] [1771741082.089799380] [buoy_visualizer]: Buoy 12: range=2.38m, bearing=-12.4°, position=(2.33, -0.51), confidence=0.25
[buoy_visualizer-5] [INFO] [1771741082.091826756] [buoy_visualizer]: Buoy 13: range=0.33m, bearing=-163.5°, position=(-0.31, -0.09), confidence=1.00
[buoy_visualizer-5] [INFO] [1771741082.093257417] [buoy_visualizer]: Buoy 14: range=9.81m, bearing=20.2°, position=(9.20, 3.39), confidence=0.25
[buoy_visualizer-5] [INFO] [1771741082.094980035] [buoy_visualizer]: Published 15 buoy markers
[buoy_visualizer-5] [INFO] [1771741082.156301236] [buoy_visualizer]: Buoy 0: range=7.00m, bearing=69.2°, position=(2.48, 6.54), confidence=1.00
[buoy_visualizer-5] [INFO] [1771741082.157247126] [buoy_visualizer]: Buoy 1: range=8.30m, bearing=-5.2°, position=(8.27, -0.76), confidence=0.38
[buoy_visualizer-5] [INFO] [1771741082.158109331] [buoy_visualizer]: Buoy 2: range=1.15m, bearing=11.5°, position=(1.13, 0.23), confidence=1.00
[buoy_visualizer-5] [INFO] [1771741082.158925901] [buoy_visualizer]: Buoy 3: range=3.44m, bearing=-104.3°, position=(-0.85, -3.33), confidence=1.00
[buoy_visualizer-5] [INFO] [1771741082.159667394] [buoy_visualizer]: Buoy 4: range=7.16m, bearing=-19.8°, position=(6.74, -2.42), confidence=1.00
[buoy_visualizer-5] [INFO] [1771741082.163165017] [buoy_visualizer]: Buoy 5: range=8.67m, bearing=-29.4°, position=(7.56, -4.25), confidence=0.25
[buoy_visualizer-5] [INFO] [1771741082.165089057] [buoy_visualizer]: Buoy 6: range=12.54m, bearing=-24.9°, position=(11.38, -5.28), confidence=1.00
[buoy_visualizer-5] [INFO] [1771741082.167141778] [buoy_visualizer]: Buoy 7: range=2.38m, bearing=-12.4°, position=(2.33, -0.51), confidence=0.25
[buoy_visualizer-5] [INFO] [1771741082.169043097] [buoy_visualizer]: Buoy 8: range=9.62m, bearing=46.3°, position=(6.65, 6.96), confidence=0.75
[buoy_visualizer-5] [INFO] [1771741082.170986210] [buoy_visualizer]: Buoy 9: range=0.35m, bearing=-164.7°, position=(-0.33, -0.09), confidence=1.00
[buoy_visualizer-5] [INFO] [1771741082.172734238] [buoy_visualizer]: Buoy 10: range=9.81m, bearing=20.2°, position=(9.20, 3.39), confidence=0.25
[buoy_visualizer-5] [INFO] [1771741082.174322510] [buoy_visualizer]: Buoy 11: range=6.97m, bearing=35.0°, position=(5.71, 3.99), confidence=0.38
[buoy_visualizer-5] [INFO] [1771741082.176413378] [buoy_visualizer]: Buoy 12: range=12.03m, bearing=-15.2°, position=(11.61, -3.15), confidence=0.25
[buoy_visualizer-5] [INFO] [1771741082.179354674] [buoy_visualizer]: Published 13 buoy markers
[buoy_visualizer-5] [INFO] [1771741082.266209713] [buoy_visualizer]: Buoy 0: range=1.14m, bearing=10.7°, position=(1.12, 0.21), confidence=1.00
[buoy_visualizer-5] [INFO] [1771741082.267186870] [buoy_visualizer]: Buoy 1: range=9.62m, bearing=46.3°, position=(6.65, 6.96), confidence=0.75
[buoy_visualizer-5] [INFO] [1771741082.268115448] [buoy_visualizer]: Buoy 2: range=7.02m, bearing=68.9°, position=(2.53, 6.54), confidence=1.00
[buoy_visualizer-5] [INFO] [1771741082.273912594] [buoy_visualizer]: Buoy 3: range=7.11m, bearing=-19.6°, position=(6.70, -2.39), confidence=1.00
[buoy_visualizer-5] [INFO] [1771741082.274916025] [buoy_visualizer]: Buoy 4: range=9.46m, bearing=-1.8°, position=(9.46, -0.30), confidence=0.88
[buoy_visualizer-5] [INFO] [1771741082.277786468] [buoy_visualizer]: Buoy 5: range=8.29m, bearing=-5.3°, position=(8.26, -0.76), confidence=0.25
[buoy_visualizer-5] [INFO] [1771741082.280152747] [buoy_visualizer]: Buoy 6: range=3.45m, bearing=-104.1°, position=(-0.84, -3.34), confidence=1.00
[buoy_visualizer-5] [INFO] [1771741082.282614937] [buoy_visualizer]: Buoy 7: range=0.36m, bearing=-165.1°, position=(-0.34, -0.09), confidence=1.00
[buoy_visualizer-5] [INFO] [1771741082.285642415] [buoy_visualizer]: Buoy 8: range=9.81m, bearing=20.2°, position=(9.20, 3.39), confidence=0.25
[buoy_visualizer-5] [INFO] [1771741082.288471575] [buoy_visualizer]: Buoy 9: range=6.97m, bearing=35.0°, position=(5.71, 3.99), confidence=0.38
[buoy_visualizer-5] [INFO] [1771741082.291713885] [buoy_visualizer]: Buoy 10: range=9.87m, bearing=-14.5°, position=(9.56, -2.47), confidence=0.25
[buoy_visualizer-5] [INFO] [1771741082.298452697] [buoy_visualizer]: Published 11 buoy markers
[buoy_visualizer-5] [INFO] [1771741082.381003688] [buoy_visualizer]: Buoy 0: range=7.03m, bearing=68.4°, position=(2.59, 6.54), confidence=1.00
[buoy_visualizer-5] [INFO] [1771741082.381970572] [buoy_visualizer]: Buoy 1: range=7.23m, bearing=-20.8°, position=(6.76, -2.57), confidence=1.00
[buoy_visualizer-5] [INFO] [1771741082.382810952] [buoy_visualizer]: Buoy 2: range=9.47m, bearing=-1.5°, position=(9.47, -0.25), confidence=0.62
[buoy_visualizer-5] [INFO] [1771741082.383661188] [buoy_visualizer]: Buoy 3: range=1.11m, bearing=11.4°, position=(1.09, 0.22), confidence=1.00
[buoy_visualizer-5] [INFO] [1771741082.386732061] [buoy_visualizer]: Buoy 4: range=3.45m, bearing=-104.1°, position=(-0.84, -3.34), confidence=1.00
[buoy_visualizer-5] [INFO] [1771741082.389516034] [buoy_visualizer]: Buoy 5: range=0.40m, bearing=-167.2°, position=(-0.39, -0.09), confidence=1.00
[buoy_visualizer-5] [INFO] [1771741082.391450443] [buoy_visualizer]: Buoy 6: range=6.97m, bearing=35.0°, position=(5.71, 3.99), confidence=0.38
[buoy_visualizer-5] [INFO] [1771741082.400078189] [buoy_visualizer]: Buoy 7: range=11.22m, bearing=-30.5°, position=(9.66, -5.70), confidence=0.50
[buoy_visualizer-5] [INFO] [1771741082.401309028] [buoy_visualizer]: Buoy 8: range=9.87m, bearing=-14.5°, position=(9.56, -2.47), confidence=0.25
[buoy_visualizer-5] [INFO] [1771741082.402217924] [buoy_visualizer]: Buoy 9: range=9.60m, bearing=46.4°, position=(6.63, 6.95), confidence=0.75
[buoy_visualizer-5] [INFO] [1771741082.404621454] [buoy_visualizer]: Published 10 buoy markers
[buoy_visualizer-5] [INFO] [1771741082.501864844] [buoy_visualizer]: Buoy 0: range=7.03m, bearing=68.2°, position=(2.61, 6.53), confidence=1.00
[buoy_visualizer-5] [INFO] [1771741082.508320949] [buoy_visualizer]: Buoy 1: range=7.22m, bearing=-19.1°, position=(6.82, -2.36), confidence=1.00
[buoy_visualizer-5] [INFO] [1771741082.510022733] [buoy_visualizer]: Buoy 2: range=9.47m, bearing=-0.8°, position=(9.47, -0.13), confidence=0.75
[buoy_visualizer-5] [INFO] [1771741082.511020468] [buoy_visualizer]: Buoy 3: range=1.11m, bearing=10.7°, position=(1.09, 0.21), confidence=1.00
[buoy_visualizer-5] [INFO] [1771741082.511913907] [buoy_visualizer]: Buoy 4: range=3.45m, bearing=-104.1°, position=(-0.84, -3.34), confidence=1.00
[buoy_visualizer-5] [INFO] [1771741082.512808754] [buoy_visualizer]: Buoy 5: range=0.38m, bearing=-166.3°, position=(-0.37, -0.09), confidence=1.00
[buoy_visualizer-5] [INFO] [1771741082.513883262] [buoy_visualizer]: Buoy 6: range=6.97m, bearing=35.0°, position=(5.71, 3.99), confidence=0.38
[buoy_visualizer-5] [INFO] [1771741082.515048560] [buoy_visualizer]: Buoy 7: range=14.34m, bearing=-33.1°, position=(12.02, -7.83), confidence=0.50
[buoy_visualizer-5] [INFO] [1771741082.518579818] [buoy_visualizer]: Buoy 8: range=9.87m, bearing=-14.5°, position=(9.56, -2.47), confidence=0.25
[buoy_visualizer-5] [INFO] [1771741082.520041554] [buoy_visualizer]: Buoy 9: range=9.64m, bearing=46.1°, position=(6.68, 6.95), confidence=0.88
[buoy_visualizer-5] [INFO] [1771741082.521602016] [buoy_visualizer]: Published 10 buoy markers
[buoy_visualizer-5] [INFO] [1771741082.603507457] [buoy_visualizer]: Buoy 0: range=0.41m, bearing=-167.4°, position=(-0.40, -0.09), confidence=1.00
[buoy_visualizer-5] [INFO] [1771741082.604477989] [buoy_visualizer]: Buoy 1: range=6.97m, bearing=35.0°, position=(5.71, 3.99), confidence=0.88
[buoy_visualizer-5] [INFO] [1771741082.605378821] [buoy_visualizer]: Buoy 2: range=1.10m, bearing=8.4°, position=(1.09, 0.16), confidence=1.00
[buoy_visualizer-5] [INFO] [1771741082.606221185] [buoy_visualizer]: Buoy 3: range=7.04m, bearing=68.1°, position=(2.63, 6.53), confidence=1.00
[buoy_visualizer-5] [INFO] [1771741082.607023322] [buoy_visualizer]: Buoy 4: range=3.42m, bearing=-103.9°, position=(-0.82, -3.32), confidence=1.00
[buoy_visualizer-5] [INFO] [1771741082.607829491] [buoy_visualizer]: Buoy 5: range=14.34m, bearing=-33.1°, position=(12.02, -7.83), confidence=0.50
[buoy_visualizer-5] [INFO] [1771741082.613632589] [buoy_visualizer]: Buoy 6: range=9.87m, bearing=-14.5°, position=(9.56, -2.47), confidence=0.25
[buoy_visualizer-5] [INFO] [1771741082.615354823] [buoy_visualizer]: Buoy 7: range=9.64m, bearing=46.1°, position=(6.68, 6.95), confidence=0.88
[buoy_visualizer-5] [INFO] [1771741082.616305034] [buoy_visualizer]: Buoy 8: range=9.47m, bearing=1.5°, position=(9.47, 0.24), confidence=0.38
[buoy_visualizer-5] [INFO] [1771741082.617681003] [buoy_visualizer]: Published 9 buoy markers
[buoy_visualizer-5] [INFO] [1771741082.715582071] [buoy_visualizer]: Buoy 0: range=9.87m, bearing=-14.5°, position=(9.56, -2.47), confidence=0.25
[buoy_visualizer-5] [INFO] [1771741082.716975578] [buoy_visualizer]: Buoy 1: range=7.33m, bearing=-17.4°, position=(7.00, -2.19), confidence=1.00
[buoy_visualizer-5] [INFO] [1771741082.717907676] [buoy_visualizer]: Buoy 2: range=1.10m, bearing=7.1°, position=(1.09, 0.14), confidence=1.00
[buoy_visualizer-5] [INFO] [1771741082.719941516] [buoy_visualizer]: Buoy 3: range=0.40m, bearing=-166.9°, position=(-0.39, -0.09), confidence=1.00
[buoy_visualizer-5] [INFO] [1771741082.722274289] [buoy_visualizer]: Buoy 4: range=7.05m, bearing=67.6°, position=(2.69, 6.52), confidence=1.00
[buoy_visualizer-5] [INFO] [1771741082.724953774] [buoy_visualizer]: Buoy 5: range=9.64m, bearing=46.1°, position=(6.68, 6.95), confidence=0.88
[buoy_visualizer-5] [INFO] [1771741082.727038690] [buoy_visualizer]: Buoy 6: range=3.42m, bearing=-103.9°, position=(-0.82, -3.32), confidence=1.00
[buoy_visualizer-5] [INFO] [1771741082.732759510] [buoy_visualizer]: Buoy 7: range=6.98m, bearing=34.8°, position=(5.73, 3.98), confidence=0.75
[buoy_visualizer-5] [INFO] [1771741082.735229285] [buoy_visualizer]: Buoy 8: range=9.47m, bearing=1.5°, position=(9.47, 0.24), confidence=0.38
[buoy_visualizer-5] [INFO] [1771741082.737654673] [buoy_visualizer]: Buoy 9: range=8.55m, bearing=28.9°, position=(7.48, 4.13), confidence=0.25
[buoy_visualizer-5] [INFO] [1771741082.739410221] [buoy_visualizer]: Buoy 10: range=14.35m, bearing=-33.1°, position=(12.02, -7.85), confidence=0.50
[buoy_visualizer-5] [INFO] [1771741082.741683534] [buoy_visualizer]: Published 11 buoy markers
[buoy_visualizer-5] [INFO] [1771741082.822461727] [buoy_visualizer]: Buoy 0: range=7.31m, bearing=-17.9°, position=(6.96, -2.25), confidence=1.00
[buoy_visualizer-5] [INFO] [1771741082.823847905] [buoy_visualizer]: Buoy 1: range=9.47m, bearing=1.5°, position=(9.47, 0.24), confidence=0.38
[buoy_visualizer-5] [INFO] [1771741082.824971280] [buoy_visualizer]: Buoy 2: range=1.09m, bearing=5.4°, position=(1.08, 0.10), confidence=1.00
[buoy_visualizer-5] [INFO] [1771741082.825989304] [buoy_visualizer]: Buoy 3: range=0.42m, bearing=-167.8°, position=(-0.41, -0.09), confidence=1.00
[buoy_visualizer-5] [INFO] [1771741082.828797855] [buoy_visualizer]: Buoy 4: range=7.04m, bearing=67.6°, position=(2.68, 6.51), confidence=1.00
[buoy_visualizer-5] [INFO] [1771741082.829959153] [buoy_visualizer]: Buoy 5: range=9.71m, bearing=46.5°, position=(6.69, 7.04), confidence=0.75
[buoy_visualizer-5] [INFO] [1771741082.831204969] [buoy_visualizer]: Buoy 6: range=8.55m, bearing=28.9°, position=(7.48, 4.13), confidence=0.25
[buoy_visualizer-5] [INFO] [1771741082.832026787] [buoy_visualizer]: Buoy 7: range=3.44m, bearing=-103.8°, position=(-0.82, -3.34), confidence=1.00
[buoy_visualizer-5] [INFO] [1771741082.832756855] [buoy_visualizer]: Buoy 8: range=14.35m, bearing=-33.1°, position=(12.02, -7.85), confidence=0.50
[buoy_visualizer-5] [INFO] [1771741082.833460201] [buoy_visualizer]: Buoy 9: range=6.97m, bearing=35.0°, position=(5.71, 3.99), confidence=0.88
[buoy_visualizer-5] [INFO] [1771741082.835288490] [buoy_visualizer]: Published 10 buoy markers
[buoy_visualizer-5] [INFO] [1771741082.945490748] [buoy_visualizer]: Buoy 0: range=9.71m, bearing=46.5°, position=(6.69, 7.04), confidence=0.75
[buoy_visualizer-5] [INFO] [1771741082.948663068] [buoy_visualizer]: Buoy 1: range=7.01m, bearing=68.1°, position=(2.62, 6.50), confidence=1.00
[buoy_visualizer-5] [INFO] [1771741082.949618048] [buoy_visualizer]: Buoy 2: range=8.55m, bearing=28.9°, position=(7.48, 4.13), confidence=0.25
[buoy_visualizer-5] [INFO] [1771741082.950544866] [buoy_visualizer]: Buoy 3: range=3.44m, bearing=-103.8°, position=(-0.82, -3.34), confidence=1.00
[buoy_visualizer-5] [INFO] [1771741082.951403198] [buoy_visualizer]: Buoy 4: range=7.32m, bearing=-17.9°, position=(6.97, -2.25), confidence=1.00
[buoy_visualizer-5] [INFO] [1771741082.952307326] [buoy_visualizer]: Buoy 5: range=14.35m, bearing=-33.1°, position=(12.02, -7.85), confidence=0.50
[buoy_visualizer-5] [INFO] [1771741082.953206718] [buoy_visualizer]: Buoy 6: range=6.97m, bearing=35.1°, position=(5.70, 4.00), confidence=1.00
[buoy_visualizer-5] [INFO] [1771741082.954288458] [buoy_visualizer]: Buoy 7: range=8.76m, bearing=-27.9°, position=(7.74, -4.10), confidence=0.25
[buoy_visualizer-5] [INFO] [1771741082.969892666] [buoy_visualizer]: Buoy 8: range=4.68m, bearing=37.2°, position=(3.72, 2.83), confidence=0.25
[buoy_visualizer-5] [INFO] [1771741082.970994440] [buoy_visualizer]: Buoy 9: range=9.52m, bearing=13.8°, position=(9.25, 2.27), confidence=0.25
[buoy_visualizer-5] [INFO] [1771741082.973101181] [buoy_visualizer]: Published 10 buoy markers
[buoy_visualizer-5] [INFO] [1771741083.075176175] [buoy_visualizer]: Buoy 0: range=7.28m, bearing=-17.3°, position=(6.95, -2.17), confidence=1.00
[buoy_visualizer-5] [INFO] [1771741083.076254939] [buoy_visualizer]: Buoy 1: range=7.04m, bearing=68.2°, position=(2.61, 6.54), confidence=1.00
[buoy_visualizer-5] [INFO] [1771741083.077128921] [buoy_visualizer]: Buoy 2: range=11.09m, bearing=-31.4°, position=(9.47, -5.78), confidence=0.88
[buoy_visualizer-5] [INFO] [1771741083.078264905] [buoy_visualizer]: Buoy 3: range=14.28m, bearing=-32.4°, position=(12.05, -7.66), confidence=0.88
[buoy_visualizer-5] [INFO] [1771741083.079149352] [buoy_visualizer]: Buoy 4: range=9.70m, bearing=46.1°, position=(6.72, 6.99), confidence=0.50
[buoy_visualizer-5] [INFO] [1771741083.080004708] [buoy_visualizer]: Buoy 5: range=12.60m, bearing=-24.5°, position=(11.47, -5.22), confidence=1.00
[buoy_visualizer-5] [INFO] [1771741083.086610232] [buoy_visualizer]: Buoy 6: range=6.97m, bearing=35.1°, position=(5.70, 4.00), confidence=1.00
[buoy_visualizer-5] [INFO] [1771741083.087696164] [buoy_visualizer]: Buoy 7: range=3.45m, bearing=-103.1°, position=(-0.78, -3.36), confidence=1.00
[buoy_visualizer-5] [INFO] [1771741083.088800658] [buoy_visualizer]: Buoy 8: range=6.50m, bearing=-28.6°, position=(5.70, -3.11), confidence=0.25
[buoy_visualizer-5] [INFO] [1771741083.089602347] [buoy_visualizer]: Buoy 9: range=8.76m, bearing=-27.9°, position=(7.74, -4.10), confidence=0.25
[buoy_visualizer-5] [INFO] [1771741083.090672791] [buoy_visualizer]: Buoy 10: range=9.81m, bearing=20.8°, position=(9.17, 3.49), confidence=0.25
[buoy_visualizer-5] [INFO] [1771741083.091595896] [buoy_visualizer]: Buoy 11: range=9.52m, bearing=13.8°, position=(9.25, 2.27), confidence=0.25
[buoy_visualizer-5] [INFO] [1771741083.093674763] [buoy_visualizer]: Published 12 buoy markers
[buoy_visualizer-5] [INFO] [1771741083.191465902] [buoy_visualizer]: Buoy 0: range=12.63m, bearing=-24.2°, position=(11.53, -5.17), confidence=1.00
[buoy_visualizer-5] [INFO] [1771741083.192643329] [buoy_visualizer]: Buoy 1: range=6.96m, bearing=35.4°, position=(5.68, 4.03), confidence=1.00
[buoy_visualizer-5] [INFO] [1771741083.193585988] [buoy_visualizer]: Buoy 2: range=3.43m, bearing=-102.9°, position=(-0.77, -3.34), confidence=1.00
[buoy_visualizer-5] [INFO] [1771741083.194468002] [buoy_visualizer]: Buoy 3: range=8.76m, bearing=-27.9°, position=(7.74, -4.10), confidence=0.25
[buoy_visualizer-5] [INFO] [1771741083.195362209] [buoy_visualizer]: Buoy 4: range=7.04m, bearing=68.5°, position=(2.58, 6.55), confidence=1.00
[buoy_visualizer-5] [INFO] [1771741083.196274594] [buoy_visualizer]: Buoy 5: range=14.23m, bearing=-32.0°, position=(12.06, -7.55), confidence=0.50
[buoy_visualizer-5] [INFO] [1771741083.197176322] [buoy_visualizer]: Buoy 6: range=9.64m, bearing=46.5°, position=(6.63, 7.00), confidence=0.38
[buoy_visualizer-5] [INFO] [1771741083.198203146] [buoy_visualizer]: Buoy 7: range=9.61m, bearing=17.1°, position=(9.18, 2.82), confidence=0.88
[buoy_visualizer-5] [INFO] [1771741083.199109066] [buoy_visualizer]: Buoy 8: range=4.41m, bearing=-23.5°, position=(4.05, -1.76), confidence=0.38
[buoy_visualizer-5] [INFO] [1771741083.201302373] [buoy_visualizer]: Published 9 buoy markers
[buoy_visualizer-5] [INFO] [1771741083.315571893] [buoy_visualizer]: Buoy 0: range=7.05m, bearing=68.9°, position=(2.54, 6.58), confidence=1.00
[buoy_visualizer-5] [INFO] [1771741083.319348640] [buoy_visualizer]: Buoy 1: range=14.03m, bearing=-30.3°, position=(12.11, -7.08), confidence=0.88
[buoy_visualizer-5] [INFO] [1771741083.321125854] [buoy_visualizer]: Buoy 2: range=9.64m, bearing=46.5°, position=(6.63, 7.00), confidence=0.38
[buoy_visualizer-5] [INFO] [1771741083.322963456] [buoy_visualizer]: Buoy 3: range=6.96m, bearing=35.7°, position=(5.65, 4.06), confidence=0.62
[buoy_visualizer-5] [INFO] [1771741083.326649765] [buoy_visualizer]: Buoy 4: range=3.44m, bearing=-102.5°, position=(-0.75, -3.36), confidence=1.00
[buoy_visualizer-5] [INFO] [1771741083.329130900] [buoy_visualizer]: Buoy 5: range=9.57m, bearing=15.8°, position=(9.21, 2.61), confidence=1.00
[buoy_visualizer-5] [INFO] [1771741083.331995071] [buoy_visualizer]: Buoy 6: range=8.84m, bearing=-26.0°, position=(7.95, -3.87), confidence=0.25
[buoy_visualizer-5] [INFO] [1771741083.337188398] [buoy_visualizer]: Published 7 buoy markers
[buoy_visualizer-5] [INFO] [1771741083.418677904] [buoy_visualizer]: Buoy 0: range=9.55m, bearing=14.9°, position=(9.22, 2.46), confidence=1.00
[buoy_visualizer-5] [INFO] [1771741083.422000411] [buoy_visualizer]: Buoy 1: range=8.84m, bearing=-26.0°, position=(7.95, -3.87), confidence=0.25
[buoy_visualizer-5] [INFO] [1771741083.428011876] [buoy_visualizer]: Buoy 2: range=6.96m, bearing=36.5°, position=(5.60, 4.13), confidence=0.50
[buoy_visualizer-5] [INFO] [1771741083.431540349] [buoy_visualizer]: Buoy 3: range=14.08m, bearing=-29.9°, position=(12.20, -7.02), confidence=1.00
[buoy_visualizer-5] [INFO] [1771741083.440580701] [buoy_visualizer]: Buoy 4: range=11.10m, bearing=-30.0°, position=(9.61, -5.54), confidence=0.25
[buoy_visualizer-5] [INFO] [1771741083.443360257] [buoy_visualizer]: Buoy 5: range=7.10m, bearing=69.5°, position=(2.49, 6.65), confidence=1.00
[buoy_visualizer-5] [INFO] [1771741083.445953816] [buoy_visualizer]: Buoy 6: range=3.43m, bearing=-101.9°, position=(-0.70, -3.35), confidence=0.62
[buoy_visualizer-5] [INFO] [1771741083.449022673] [buoy_visualizer]: Buoy 7: range=9.80m, bearing=48.5°, position=(6.49, 7.33), confidence=0.25
[buoy_visualizer-5] [INFO] [1771741083.451693358] [buoy_visualizer]: Published 8 buoy markers
[buoy_visualizer-5] [INFO] [1771741083.547320856] [buoy_visualizer]: Buoy 0: range=14.08m, bearing=-29.9°, position=(12.20, -7.02), confidence=1.00
[buoy_visualizer-5] [INFO] [1771741083.548372962] [buoy_visualizer]: Buoy 1: range=11.10m, bearing=-30.0°, position=(9.61, -5.54), confidence=0.25
[buoy_visualizer-5] [INFO] [1771741083.549254337] [buoy_visualizer]: Buoy 2: range=1.16m, bearing=1.2°, position=(1.16, 0.02), confidence=1.00
[buoy_visualizer-5] [INFO] [1771741083.550111997] [buoy_visualizer]: Buoy 3: range=7.10m, bearing=69.5°, position=(2.49, 6.65), confidence=1.00
[buoy_visualizer-5] [INFO] [1771741083.550959897] [buoy_visualizer]: Buoy 4: range=3.44m, bearing=-101.0°, position=(-0.66, -3.38), confidence=1.00
[buoy_visualizer-5] [INFO] [1771741083.551781011] [buoy_visualizer]: Buoy 5: range=12.49m, bearing=-23.2°, position=(11.48, -4.92), confidence=1.00
[buoy_visualizer-5] [INFO] [1771741083.552970376] [buoy_visualizer]: Buoy 6: range=9.53m, bearing=14.6°, position=(9.22, 2.40), confidence=1.00
[buoy_visualizer-5] [INFO] [1771741083.555375858] [buoy_visualizer]: Buoy 7: range=0.36m, bearing=-161.8°, position=(-0.34, -0.11), confidence=1.00
[buoy_visualizer-5] [INFO] [1771741083.557346173] [buoy_visualizer]: Buoy 8: range=6.96m, bearing=36.7°, position=(5.58, 4.15), confidence=0.38
[buoy_visualizer-5] [INFO] [1771741083.559172702] [buoy_visualizer]: Buoy 9: range=9.77m, bearing=-27.6°, position=(8.66, -4.52), confidence=0.25
[buoy_visualizer-5] [INFO] [1771741083.560089631] [buoy_visualizer]: Buoy 10: range=9.80m, bearing=48.5°, position=(6.49, 7.33), confidence=0.25
[buoy_visualizer-5] [INFO] [1771741083.562231030] [buoy_visualizer]: Published 11 buoy markers
[buoy_visualizer-5] [INFO] [1771741083.663458188] [buoy_visualizer]: Buoy 0: range=1.17m, bearing=0.6°, position=(1.17, 0.01), confidence=1.00
[buoy_visualizer-5] [INFO] [1771741083.664488597] [buoy_visualizer]: Buoy 1: range=12.49m, bearing=-23.2°, position=(11.48, -4.92), confidence=1.00
[buoy_visualizer-5] [INFO] [1771741083.666076677] [buoy_visualizer]: Buoy 2: range=9.50m, bearing=13.7°, position=(9.23, 2.25), confidence=1.00
[buoy_visualizer-5] [INFO] [1771741083.667148049] [buoy_visualizer]: Buoy 3: range=3.44m, bearing=-101.1°, position=(-0.66, -3.37), confidence=1.00
[buoy_visualizer-5] [INFO] [1771741083.669762250] [buoy_visualizer]: Buoy 4: range=0.35m, bearing=-163.4°, position=(-0.33, -0.10), confidence=1.00
[buoy_visualizer-5] [INFO] [1771741083.670879257] [buoy_visualizer]: Buoy 5: range=6.96m, bearing=37.0°, position=(5.56, 4.19), confidence=0.50
[buoy_visualizer-5] [INFO] [1771741083.671672401] [buoy_visualizer]: Buoy 6: range=7.08m, bearing=70.0°, position=(2.42, 6.65), confidence=1.00
[buoy_visualizer-5] [INFO] [1771741083.673059507] [buoy_visualizer]: Buoy 7: range=9.77m, bearing=-27.6°, position=(8.66, -4.52), confidence=0.25
[buoy_visualizer-5] [INFO] [1771741083.675282064] [buoy_visualizer]: Buoy 8: range=13.93m, bearing=-28.5°, position=(12.24, -6.65), confidence=1.00
[buoy_visualizer-5] [INFO] [1771741083.676336155] [buoy_visualizer]: Buoy 9: range=9.80m, bearing=48.5°, position=(6.49, 7.33), confidence=0.25
[buoy_visualizer-5] [INFO] [1771741083.678164220] [buoy_visualizer]: Published 10 buoy markers
[buoy_visualizer-5] [INFO] [1771741083.791886405] [buoy_visualizer]: Buoy 0: range=1.17m, bearing=1.7°, position=(1.17, 0.04), confidence=1.00
[buoy_visualizer-5] [INFO] [1771741083.792917934] [buoy_visualizer]: Buoy 1: range=12.54m, bearing=-23.2°, position=(11.52, -4.95), confidence=1.00
[buoy_visualizer-5] [INFO] [1771741083.800747672] [buoy_visualizer]: Buoy 2: range=3.46m, bearing=-101.0°, position=(-0.66, -3.39), confidence=1.00
[buoy_visualizer-5] [INFO] [1771741083.805201939] [buoy_visualizer]: Buoy 3: range=0.36m, bearing=-164.3°, position=(-0.35, -0.10), confidence=1.00
[buoy_visualizer-5] [INFO] [1771741083.810359903] [buoy_visualizer]: Buoy 4: range=6.96m, bearing=37.0°, position=(5.56, 4.19), confidence=0.50
[buoy_visualizer-5] [INFO] [1771741083.811531026] [buoy_visualizer]: Buoy 5: range=7.11m, bearing=69.8°, position=(2.46, 6.67), confidence=1.00
[buoy_visualizer-5] [INFO] [1771741083.812531929] [buoy_visualizer]: Buoy 6: range=9.77m, bearing=-27.6°, position=(8.66, -4.52), confidence=0.25
[buoy_visualizer-5] [INFO] [1771741083.813789042] [buoy_visualizer]: Buoy 7: range=13.93m, bearing=-28.5°, position=(12.24, -6.65), confidence=1.00
[buoy_visualizer-5] [INFO] [1771741083.814778552] [buoy_visualizer]: Buoy 8: range=9.80m, bearing=48.5°, position=(6.49, 7.33), confidence=0.25
[buoy_visualizer-5] [INFO] [1771741083.816282978] [buoy_visualizer]: Published 9 buoy markers
[buoy_visualizer-5] [INFO] [1771741083.917532377] [buoy_visualizer]: Buoy 0: range=7.10m, bearing=69.5°, position=(2.49, 6.65), confidence=1.00
[buoy_visualizer-5] [INFO] [1771741083.918645608] [buoy_visualizer]: Buoy 1: range=11.09m, bearing=-29.3°, position=(9.67, -5.42), confidence=0.25
[buoy_visualizer-5] [INFO] [1771741083.919632430] [buoy_visualizer]: Buoy 2: range=13.94m, bearing=-28.8°, position=(12.22, -6.72), confidence=1.00
[buoy_visualizer-5] [INFO] [1771741083.920518925] [buoy_visualizer]: Buoy 3: range=1.17m, bearing=0.5°, position=(1.17, 0.01), confidence=1.00
[buoy_visualizer-5] [INFO] [1771741083.921341767] [buoy_visualizer]: Buoy 4: range=7.21m, bearing=-14.4°, position=(6.99, -1.79), confidence=1.00
[buoy_visualizer-5] [INFO] [1771741083.922094364] [buoy_visualizer]: Buoy 5: range=9.81m, bearing=47.9°, position=(6.57, 7.28), confidence=0.50
[buoy_visualizer-5] [INFO] [1771741083.922945848] [buoy_visualizer]: Buoy 6: range=12.65m, bearing=-22.6°, position=(11.68, -4.86), confidence=1.00
[buoy_visualizer-5] [INFO] [1771741083.924716693] [buoy_visualizer]: Buoy 7: range=6.95m, bearing=37.0°, position=(5.55, 4.19), confidence=0.50
[buoy_visualizer-5] [INFO] [1771741083.925704891] [buoy_visualizer]: Buoy 8: range=3.47m, bearing=-100.8°, position=(-0.65, -3.40), confidence=1.00
[buoy_visualizer-5] [INFO] [1771741083.926873838] [buoy_visualizer]: Buoy 9: range=6.62m, bearing=-25.8°, position=(5.96, -2.88), confidence=0.50
[buoy_visualizer-5] [INFO] [1771741083.927784590] [buoy_visualizer]: Buoy 10: range=9.70m, bearing=-27.6°, position=(8.59, -4.49), confidence=0.25
[buoy_visualizer-5] [INFO] [1771741083.939443079] [buoy_visualizer]: Buoy 11: range=0.37m, bearing=-164.9°, position=(-0.35, -0.10), confidence=1.00
[buoy_visualizer-5] [INFO] [1771741083.940752515] [buoy_visualizer]: Buoy 12: range=10.85m, bearing=35.8°, position=(8.81, 6.34), confidence=0.25
[buoy_visualizer-5] [INFO] [1771741083.941650019] [buoy_visualizer]: Buoy 13: range=8.41m, bearing=-6.3°, position=(8.36, -0.93), confidence=0.25
[buoy_visualizer-5] [INFO] [1771741083.945823466] [buoy_visualizer]: Published 14 buoy markers
[buoy_visualizer-5] [INFO] [1771741084.035852743] [buoy_visualizer]: Buoy 0: range=3.45m, bearing=-100.9°, position=(-0.65, -3.39), confidence=1.00
[buoy_visualizer-5] [INFO] [1771741084.045155641] [buoy_visualizer]: Buoy 1: range=6.62m, bearing=-25.8°, position=(5.96, -2.88), confidence=0.50
[buoy_visualizer-5] [INFO] [1771741084.046218916] [buoy_visualizer]: Buoy 2: range=9.70m, bearing=-27.6°, position=(8.59, -4.49), confidence=0.25
[buoy_visualizer-5] [INFO] [1771741084.056288332] [buoy_visualizer]: Buoy 3: range=12.68m, bearing=-23.4°, position=(11.64, -5.03), confidence=1.00
[buoy_visualizer-5] [INFO] [1771741084.059135669] [buoy_visualizer]: Buoy 4: range=9.54m, bearing=15.5°, position=(9.19, 2.54), confidence=1.00
[buoy_visualizer-5] [INFO] [1771741084.061267436] [buoy_visualizer]: Buoy 5: range=10.85m, bearing=35.8°, position=(8.81, 6.34), confidence=0.25
[buoy_visualizer-5] [INFO] [1771741084.069366472] [buoy_visualizer]: Buoy 6: range=6.95m, bearing=37.9°, position=(5.49, 4.26), confidence=0.25
[buoy_visualizer-5] [INFO] [1771741084.073260156] [buoy_visualizer]: Buoy 7: range=7.12m, bearing=69.0°, position=(2.56, 6.65), confidence=1.00
[buoy_visualizer-5] [INFO] [1771741084.076447613] [buoy_visualizer]: Buoy 8: range=13.83m, bearing=-28.3°, position=(12.18, -6.56), confidence=1.00
[buoy_visualizer-5] [INFO] [1771741084.078833702] [buoy_visualizer]: Buoy 9: range=8.41m, bearing=-6.3°, position=(8.36, -0.93), confidence=0.25
[buoy_visualizer-5] [INFO] [1771741084.080918745] [buoy_visualizer]: Buoy 10: range=9.38m, bearing=3.1°, position=(9.37, 0.51), confidence=0.38
[buoy_visualizer-5] [INFO] [1771741084.085748174] [buoy_visualizer]: Buoy 11: range=7.15m, bearing=-14.1°, position=(6.93, -1.75), confidence=1.00
[buoy_visualizer-5] [INFO] [1771741084.088112950] [buoy_visualizer]: Buoy 12: range=9.82m, bearing=47.3°, position=(6.65, 7.22), confidence=0.25
[buoy_visualizer-5] [INFO] [1771741084.090498526] [buoy_visualizer]: Published 13 buoy markers
[buoy_visualizer-5] [INFO] [1771741084.168904645] [buoy_visualizer]: Buoy 0: range=10.87m, bearing=36.0°, position=(8.80, 6.39), confidence=0.38
[buoy_visualizer-5] [INFO] [1771741084.170051222] [buoy_visualizer]: Buoy 1: range=6.95m, bearing=37.9°, position=(5.49, 4.26), confidence=0.25
[buoy_visualizer-5] [INFO] [1771741084.171077599] [buoy_visualizer]: Buoy 2: range=3.42m, bearing=-101.4°, position=(-0.68, -3.35), confidence=1.00
[buoy_visualizer-5] [INFO] [1771741084.172174028] [buoy_visualizer]: Buoy 3: range=7.11m, bearing=69.2°, position=(2.52, 6.64), confidence=1.00
[buoy_visualizer-5] [INFO] [1771741084.173228759] [buoy_visualizer]: Buoy 4: range=13.83m, bearing=-28.3°, position=(12.18, -6.56), confidence=1.00
[buoy_visualizer-5] [INFO] [1771741084.174365255] [buoy_visualizer]: Buoy 5: range=8.41m, bearing=-6.3°, position=(8.36, -0.93), confidence=0.25
[buoy_visualizer-5] [INFO] [1771741084.175745449] [buoy_visualizer]: Buoy 6: range=9.53m, bearing=15.6°, position=(9.18, 2.57), confidence=0.62
[buoy_visualizer-5] [INFO] [1771741084.176962847] [buoy_visualizer]: Buoy 7: range=9.38m, bearing=3.1°, position=(9.37, 0.51), confidence=0.38
[buoy_visualizer-5] [INFO] [1771741084.177840733] [buoy_visualizer]: Buoy 8: range=7.15m, bearing=-14.1°, position=(6.93, -1.75), confidence=1.00
[buoy_visualizer-5] [INFO] [1771741084.179426541] [buoy_visualizer]: Buoy 9: range=6.67m, bearing=-24.7°, position=(6.06, -2.79), confidence=0.25
[buoy_visualizer-5] [INFO] [1771741084.180881204] [buoy_visualizer]: Buoy 10: range=12.67m, bearing=-23.7°, position=(11.61, -5.09), confidence=1.00
[buoy_visualizer-5] [INFO] [1771741084.181871066] [buoy_visualizer]: Buoy 11: range=9.82m, bearing=47.3°, position=(6.65, 7.22), confidence=0.25
[buoy_visualizer-5] [INFO] [1771741084.183404230] [buoy_visualizer]: Published 12 buoy markers
[buoy_visualizer-5] [INFO] [1771741084.295723818] [buoy_visualizer]: Buoy 0: range=9.38m, bearing=3.1°, position=(9.37, 0.51), confidence=0.38
[buoy_visualizer-5] [INFO] [1771741084.296822104] [buoy_visualizer]: Buoy 1: range=9.57m, bearing=16.7°, position=(9.16, 2.74), confidence=0.50
[buoy_visualizer-5] [INFO] [1771741084.297698614] [buoy_visualizer]: Buoy 2: range=7.13m, bearing=69.0°, position=(2.56, 6.66), confidence=1.00
[buoy_visualizer-5] [INFO] [1771741084.298519408] [buoy_visualizer]: Buoy 3: range=3.40m, bearing=-101.1°, position=(-0.65, -3.33), confidence=1.00
[buoy_visualizer-5] [INFO] [1771741084.299336553] [buoy_visualizer]: Buoy 4: range=7.15m, bearing=-14.1°, position=(6.93, -1.75), confidence=1.00
[buoy_visualizer-5] [INFO] [1771741084.300470970] [buoy_visualizer]: Buoy 5: range=6.67m, bearing=-24.7°, position=(6.06, -2.79), confidence=0.25
[buoy_visualizer-5] [INFO] [1771741084.301407068] [buoy_visualizer]: Buoy 6: range=12.67m, bearing=-23.7°, position=(11.61, -5.09), confidence=1.00
[buoy_visualizer-5] [INFO] [1771741084.302376160] [buoy_visualizer]: Buoy 7: range=10.88m, bearing=36.1°, position=(8.79, 6.42), confidence=0.25
[buoy_visualizer-5] [INFO] [1771741084.303244286] [buoy_visualizer]: Buoy 8: range=13.91m, bearing=-28.9°, position=(12.18, -6.72), confidence=0.88
[buoy_visualizer-5] [INFO] [1771741084.304326154] [buoy_visualizer]: Buoy 9: range=9.79m, bearing=47.9°, position=(6.56, 7.27), confidence=0.38
[buoy_visualizer-5] [INFO] [1771741084.306037763] [buoy_visualizer]: Published 10 buoy markers
[buoy_visualizer-5] [INFO] [1771741084.431686134] [buoy_visualizer]: Buoy 0: range=12.65m, bearing=-23.8°, position=(11.57, -5.11), confidence=1.00
[buoy_visualizer-5] [INFO] [1771741084.432582005] [buoy_visualizer]: Buoy 1: range=9.52m, bearing=15.9°, position=(9.16, 2.60), confidence=0.25
[buoy_visualizer-5] [INFO] [1771741084.433424208] [buoy_visualizer]: Buoy 2: range=10.88m, bearing=36.1°, position=(8.79, 6.42), confidence=0.25
[buoy_visualizer-5] [INFO] [1771741084.434220393] [buoy_visualizer]: Buoy 3: range=3.39m, bearing=-101.1°, position=(-0.65, -3.32), confidence=1.00
[buoy_visualizer-5] [INFO] [1771741084.435664303] [buoy_visualizer]: Buoy 4: range=13.91m, bearing=-28.9°, position=(12.18, -6.72), confidence=0.88
[buoy_visualizer-5] [INFO] [1771741084.436639572] [buoy_visualizer]: Buoy 5: range=9.79m, bearing=47.9°, position=(6.56, 7.27), confidence=0.38
[buoy_visualizer-5] [INFO] [1771741084.437452045] [buoy_visualizer]: Buoy 6: range=7.17m, bearing=68.7°, position=(2.60, 6.68), confidence=1.00
[buoy_visualizer-5] [INFO] [1771741084.439203433] [buoy_visualizer]: Buoy 7: range=7.16m, bearing=-14.2°, position=(6.94, -1.76), confidence=1.00
[buoy_visualizer-5] [INFO] [1771741084.440817243] [buoy_visualizer]: Buoy 8: range=11.68m, bearing=-13.8°, position=(11.34, -2.79), confidence=0.25
[buoy_visualizer-5] [INFO] [1771741084.443068314] [buoy_visualizer]: Published 9 buoy markers
[buoy_visualizer-5] [INFO] [1771741084.558771373] [buoy_visualizer]: Buoy 0: range=3.39m, bearing=-101.1°, position=(-0.65, -3.33), confidence=1.00
[buoy_visualizer-5] [INFO] [1771741084.559671917] [buoy_visualizer]: Buoy 1: range=7.19m, bearing=69.1°, position=(2.56, 6.72), confidence=1.00
[buoy_visualizer-5] [INFO] [1771741084.561168759] [buoy_visualizer]: Buoy 2: range=0.58m, bearing=-175.4°, position=(-0.58, -0.05), confidence=1.00
[buoy_visualizer-5] [INFO] [1771741084.562130363] [buoy_visualizer]: Buoy 3: range=7.27m, bearing=-16.7°, position=(6.96, -2.09), confidence=1.00
[buoy_visualizer-5] [INFO] [1771741084.563054076] [buoy_visualizer]: Buoy 4: range=1.08m, bearing=-3.1°, position=(1.08, -0.06), confidence=1.00
[buoy_visualizer-5] [INFO] [1771741084.563815250] [buoy_visualizer]: Buoy 5: range=12.54m, bearing=-24.5°, position=(11.40, -5.21), confidence=1.00
[buoy_visualizer-5] [INFO] [1771741084.567937781] [buoy_visualizer]: Buoy 6: range=11.68m, bearing=-13.8°, position=(11.34, -2.79), confidence=0.25
[buoy_visualizer-5] [INFO] [1771741084.570811841] [buoy_visualizer]: Published 7 buoy markers
[buoy_visualizer-5] [INFO] [1771741084.689659218] [buoy_visualizer]: Buoy 0: range=0.58m, bearing=-175.5°, position=(-0.58, -0.05), confidence=1.00
[buoy_visualizer-5] [INFO] [1771741084.690578195] [buoy_visualizer]: Buoy 1: range=1.06m, bearing=-0.9°, position=(1.06, -0.02), confidence=1.00
[buoy_visualizer-5] [INFO] [1771741084.691372619] [buoy_visualizer]: Buoy 2: range=3.40m, bearing=-101.1°, position=(-0.66, -3.33), confidence=1.00
[buoy_visualizer-5] [INFO] [1771741084.698353625] [buoy_visualizer]: Buoy 3: range=7.00m, bearing=70.2°, position=(2.37, 6.59), confidence=1.00
[buoy_visualizer-5] [INFO] [1771741084.701085242] [buoy_visualizer]: Buoy 4: range=12.54m, bearing=-24.5°, position=(11.40, -5.21), confidence=1.00
[buoy_visualizer-5] [INFO] [1771741084.703465410] [buoy_visualizer]: Buoy 5: range=5.31m, bearing=-31.7°, position=(4.52, -2.79), confidence=1.00
[buoy_visualizer-5] [INFO] [1771741084.705633083] [buoy_visualizer]: Buoy 6: range=14.11m, bearing=-30.3°, position=(12.18, -7.13), confidence=0.50
[buoy_visualizer-5] [INFO] [1771741084.708847423] [buoy_visualizer]: Buoy 7: range=6.55m, bearing=-40.2°, position=(5.00, -4.23), confidence=0.25
[buoy_visualizer-5] [INFO] [1771741084.713581069] [buoy_visualizer]: Buoy 8: range=8.10m, bearing=63.7°, position=(3.59, 7.26), confidence=0.25
[buoy_visualizer-5] [INFO] [1771741084.716072509] [buoy_visualizer]: Buoy 9: range=11.68m, bearing=-13.8°, position=(11.34, -2.79), confidence=0.25
[buoy_visualizer-5] [INFO] [1771741084.717451423] [buoy_visualizer]: Buoy 10: range=7.31m, bearing=-17.3°, position=(6.98, -2.17), confidence=1.00
[buoy_visualizer-5] [INFO] [1771741084.719771075] [buoy_visualizer]: Buoy 11: range=9.40m, bearing=42.4°, position=(6.94, 6.34), confidence=0.25
[buoy_visualizer-5] [INFO] [1771741084.722962980] [buoy_visualizer]: Published 12 buoy markers
[buoy_visualizer-5] [INFO] [1771741084.805861929] [buoy_visualizer]: Buoy 0: range=0.56m, bearing=-174.9°, position=(-0.56, -0.05), confidence=1.00
[buoy_visualizer-5] [INFO] [1771741084.806921044] [buoy_visualizer]: Buoy 1: range=1.04m, bearing=-1.5°, position=(1.04, -0.03), confidence=1.00
[buoy_visualizer-5] [INFO] [1771741084.807757615] [buoy_visualizer]: Buoy 2: range=3.41m, bearing=-101.1°, position=(-0.66, -3.35), confidence=1.00
[buoy_visualizer-5] [INFO] [1771741084.808564040] [buoy_visualizer]: Buoy 3: range=5.31m, bearing=-31.7°, position=(4.52, -2.79), confidence=1.00
[buoy_visualizer-5] [INFO] [1771741084.809348383] [buoy_visualizer]: Buoy 4: range=14.11m, bearing=-30.3°, position=(12.18, -7.13), confidence=0.50
[buoy_visualizer-5] [INFO] [1771741084.810187931] [buoy_visualizer]: Buoy 5: range=7.02m, bearing=69.8°, position=(2.42, 6.58), confidence=1.00
[buoy_visualizer-5] [INFO] [1771741084.811047511] [buoy_visualizer]: Buoy 6: range=8.08m, bearing=63.3°, position=(3.63, 7.22), confidence=0.38
[buoy_visualizer-5] [INFO] [1771741084.812619462] [buoy_visualizer]: Buoy 7: range=11.87m, bearing=-15.0°, position=(11.47, -3.07), confidence=0.38
[buoy_visualizer-5] [INFO] [1771741084.814913513] [buoy_visualizer]: Buoy 8: range=7.31m, bearing=-17.3°, position=(6.98, -2.17), confidence=1.00
[buoy_visualizer-5] [INFO] [1771741084.815903375] [buoy_visualizer]: Buoy 9: range=9.37m, bearing=2.4°, position=(9.36, 0.39), confidence=0.38
[buoy_visualizer-5] [INFO] [1771741084.821411540] [buoy_visualizer]: Buoy 10: range=7.08m, bearing=35.7°, position=(5.75, 4.13), confidence=0.25
[buoy_visualizer-5] [INFO] [1771741084.822740562] [buoy_visualizer]: Buoy 11: range=12.57m, bearing=-24.5°, position=(11.44, -5.21), confidence=1.00
[buoy_visualizer-5] [INFO] [1771741084.823658387] [buoy_visualizer]: Buoy 12: range=9.40m, bearing=42.4°, position=(6.94, 6.34), confidence=0.25
[buoy_visualizer-5] [INFO] [1771741084.825446705] [buoy_visualizer]: Published 13 buoy markers
[buoy_visualizer-5] [INFO] [1771741084.937896639] [buoy_visualizer]: Buoy 0: range=1.05m, bearing=-0.8°, position=(1.05, -0.02), confidence=1.00
[buoy_visualizer-5] [INFO] [1771741084.938937288] [buoy_visualizer]: Buoy 1: range=7.21m, bearing=67.8°, position=(2.72, 6.68), confidence=1.00
[buoy_visualizer-5] [INFO] [1771741084.939795813] [buoy_visualizer]: Buoy 2: range=3.42m, bearing=-101.1°, position=(-0.65, -3.35), confidence=1.00
[buoy_visualizer-5] [INFO] [1771741084.945022870] [buoy_visualizer]: Buoy 3: range=5.31m, bearing=-31.6°, position=(4.53, -2.78), confidence=1.00
[buoy_visualizer-5] [INFO] [1771741084.946156134] [buoy_visualizer]: Buoy 4: range=12.03m, bearing=-15.8°, position=(11.57, -3.28), confidence=0.62
[buoy_visualizer-5] [INFO] [1771741084.947163406] [buoy_visualizer]: Buoy 5: range=7.28m, bearing=-16.0°, position=(7.00, -2.01), confidence=1.00
[buoy_visualizer-5] [INFO] [1771741084.948452137] [buoy_visualizer]: Buoy 6: range=0.56m, bearing=-174.5°, position=(-0.55, -0.05), confidence=1.00
[buoy_visualizer-5] [INFO] [1771741084.949461552] [buoy_visualizer]: Buoy 7: range=9.37m, bearing=2.4°, position=(9.36, 0.39), confidence=0.38
[buoy_visualizer-5] [INFO] [1771741084.950307948] [buoy_visualizer]: Buoy 8: range=7.08m, bearing=35.7°, position=(5.75, 4.13), confidence=0.25
[buoy_visualizer-5] [INFO] [1771741084.951121381] [buoy_visualizer]: Buoy 9: range=12.57m, bearing=-24.5°, position=(11.44, -5.21), confidence=1.00
[buoy_visualizer-5] [INFO] [1771741084.951923934] [buoy_visualizer]: Buoy 10: range=9.40m, bearing=42.4°, position=(6.94, 6.34), confidence=0.25
[buoy_visualizer-5] [INFO] [1771741084.952747736] [buoy_visualizer]: Buoy 11: range=11.00m, bearing=-29.5°, position=(9.57, -5.42), confidence=0.62
[buoy_visualizer-5] [INFO] [1771741084.953559154] [buoy_visualizer]: Buoy 12: range=14.15m, bearing=-30.3°, position=(12.22, -7.13), confidence=0.62
[buoy_visualizer-5] [INFO] [1771741084.954717348] [buoy_visualizer]: Buoy 13: range=8.18m, bearing=-29.5°, position=(7.12, -4.03), confidence=0.38
[buoy_visualizer-5] [INFO] [1771741084.956512003] [buoy_visualizer]: Published 14 buoy markers
[buoy_visualizer-5] [INFO] [1771741085.054317636] [buoy_visualizer]: Buoy 0: range=7.42m, bearing=-19.6°, position=(6.99, -2.49), confidence=1.00
[buoy_visualizer-5] [INFO] [1771741085.055254438] [buoy_visualizer]: Buoy 1: range=0.52m, bearing=-172.9°, position=(-0.51, -0.06), confidence=1.00
[buoy_visualizer-5] [INFO] [1771741085.056097378] [buoy_visualizer]: Buoy 2: range=7.09m, bearing=35.7°, position=(5.76, 4.14), confidence=0.62
[buoy_visualizer-5] [INFO] [1771741085.057049413] [buoy_visualizer]: Buoy 3: range=1.05m, bearing=-0.4°, position=(1.05, -0.01), confidence=1.00
[buoy_visualizer-5] [INFO] [1771741085.057910786] [buoy_visualizer]: Buoy 4: range=7.08m, bearing=68.5°, position=(2.59, 6.59), confidence=1.00
[buoy_visualizer-5] [INFO] [1771741085.059004815] [buoy_visualizer]: Buoy 5: range=12.54m, bearing=-24.5°, position=(11.41, -5.20), confidence=1.00
[buoy_visualizer-5] [INFO] [1771741085.059768101] [buoy_visualizer]: Buoy 6: range=5.30m, bearing=-31.6°, position=(4.51, -2.77), confidence=0.88
[buoy_visualizer-5] [INFO] [1771741085.060804526] [buoy_visualizer]: Buoy 7: range=9.40m, bearing=42.4°, position=(6.94, 6.34), confidence=0.25
[buoy_visualizer-5] [INFO] [1771741085.062045350] [buoy_visualizer]: Buoy 8: range=11.00m, bearing=-29.5°, position=(9.57, -5.42), confidence=0.62
[buoy_visualizer-5] [INFO] [1771741085.062903555] [buoy_visualizer]: Buoy 9: range=14.15m, bearing=-30.3°, position=(12.22, -7.13), confidence=0.62
[buoy_visualizer-5] [INFO] [1771741085.064869038] [buoy_visualizer]: Buoy 10: range=8.18m, bearing=-29.5°, position=(7.12, -4.03), confidence=0.38
[buoy_visualizer-5] [INFO] [1771741085.065832530] [buoy_visualizer]: Buoy 11: range=7.19m, bearing=-10.7°, position=(7.06, -1.33), confidence=0.62
[buoy_visualizer-5] [INFO] [1771741085.066622953] [buoy_visualizer]: Buoy 12: range=3.40m, bearing=-100.8°, position=(-0.64, -3.34), confidence=1.00
[buoy_visualizer-5] [INFO] [1771741085.067368606] [buoy_visualizer]: Buoy 13: range=12.17m, bearing=-16.4°, position=(11.67, -3.44), confidence=0.62
[buoy_visualizer-5] [INFO] [1771741085.068202873] [buoy_visualizer]: Buoy 14: range=9.33m, bearing=2.9°, position=(9.32, 0.47), confidence=0.62
[buoy_visualizer-5] [INFO] [1771741085.069991768] [buoy_visualizer]: Published 15 buoy markers
[buoy_visualizer-5] [INFO] [1771741085.169216348] [buoy_visualizer]: Buoy 0: range=5.27m, bearing=-31.6°, position=(4.49, -2.77), confidence=1.00
[buoy_visualizer-5] [INFO] [1771741085.170372366] [buoy_visualizer]: Buoy 1: range=1.03m, bearing=0.0°, position=(1.03, 0.00), confidence=1.00
[buoy_visualizer-5] [INFO] [1771741085.171356692] [buoy_visualizer]: Buoy 2: range=0.52m, bearing=-172.7°, position=(-0.51, -0.07), confidence=1.00
[buoy_visualizer-5] [INFO] [1771741085.174050034] [buoy_visualizer]: Buoy 3: range=9.40m, bearing=42.4°, position=(6.94, 6.34), confidence=0.25
[buoy_visualizer-5] [INFO] [1771741085.177770329] [buoy_visualizer]: Buoy 4: range=7.15m, bearing=68.4°, position=(2.63, 6.65), confidence=1.00
[buoy_visualizer-5] [INFO] [1771741085.181532483] [buoy_visualizer]: Buoy 5: range=14.02m, bearing=-29.1°, position=(12.24, -6.83), confidence=1.00
[buoy_visualizer-5] [INFO] [1771741085.182743768] [buoy_visualizer]: Buoy 6: range=8.43m, bearing=-28.4°, position=(7.42, -4.00), confidence=0.50
[buoy_visualizer-5] [INFO] [1771741085.183807299] [buoy_visualizer]: Buoy 7: range=7.19m, bearing=-10.6°, position=(7.07, -1.32), confidence=0.88
[buoy_visualizer-5] [INFO] [1771741085.185392340] [buoy_visualizer]: Buoy 8: range=7.09m, bearing=36.3°, position=(5.71, 4.19), confidence=0.62
[buoy_visualizer-5] [INFO] [1771741085.186620138] [buoy_visualizer]: Buoy 9: range=3.40m, bearing=-100.8°, position=(-0.64, -3.34), confidence=1.00
[buoy_visualizer-5] [INFO] [1771741085.187777628] [buoy_visualizer]: Buoy 10: range=9.33m, bearing=2.9°, position=(9.32, 0.47), confidence=0.62
[buoy_visualizer-5] [INFO] [1771741085.188962320] [buoy_visualizer]: Buoy 11: range=9.76m, bearing=51.5°, position=(6.07, 7.63), confidence=0.38
[buoy_visualizer-5] [INFO] [1771741085.190106049] [buoy_visualizer]: Buoy 12: range=7.38m, bearing=-18.6°, position=(7.00, -2.36), confidence=0.25
[buoy_visualizer-5] [INFO] [1771741085.192580368] [buoy_visualizer]: Published 13 buoy markers
[buoy_visualizer-5] [INFO] [1771741085.292325241] [buoy_visualizer]: Buoy 0: range=5.36m, bearing=-31.4°, position=(4.58, -2.80), confidence=1.00
[buoy_visualizer-5] [INFO] [1771741085.293824291] [buoy_visualizer]: Buoy 1: range=1.04m, bearing=0.2°, position=(1.04, 0.00), confidence=1.00
[buoy_visualizer-5] [INFO] [1771741085.294869677] [buoy_visualizer]: Buoy 2: range=0.48m, bearing=-171.3°, position=(-0.48, -0.07), confidence=1.00
[buoy_visualizer-5] [INFO] [1771741085.295865715] [buoy_visualizer]: Buoy 3: range=9.40m, bearing=42.4°, position=(6.94, 6.34), confidence=0.25
[buoy_visualizer-5] [INFO] [1771741085.299607164] [buoy_visualizer]: Buoy 4: range=7.15m, bearing=68.4°, position=(2.63, 6.65), confidence=1.00
[buoy_visualizer-5] [INFO] [1771741085.302176561] [buoy_visualizer]: Buoy 5: range=14.02m, bearing=-29.1°, position=(12.24, -6.83), confidence=1.00
[buoy_visualizer-5] [INFO] [1771741085.304244387] [buoy_visualizer]: Buoy 6: range=8.43m, bearing=-28.4°, position=(7.42, -4.00), confidence=0.50
[buoy_visualizer-5] [INFO] [1771741085.306443039] [buoy_visualizer]: Buoy 7: range=7.16m, bearing=-10.9°, position=(7.03, -1.35), confidence=1.00
[buoy_visualizer-5] [INFO] [1771741085.308565397] [buoy_visualizer]: Buoy 8: range=7.09m, bearing=36.3°, position=(5.71, 4.19), confidence=0.62
[buoy_visualizer-5] [INFO] [1771741085.310576483] [buoy_visualizer]: Buoy 9: range=3.39m, bearing=-100.4°, position=(-0.61, -3.34), confidence=1.00
[buoy_visualizer-5] [INFO] [1771741085.312609299] [buoy_visualizer]: Buoy 10: range=9.33m, bearing=3.4°, position=(9.32, 0.55), confidence=0.88
[buoy_visualizer-5] [INFO] [1771741085.314682181] [buoy_visualizer]: Buoy 11: range=9.72m, bearing=51.3°, position=(6.07, 7.59), confidence=0.50
[buoy_visualizer-5] [INFO] [1771741085.316525927] [buoy_visualizer]: Buoy 12: range=7.38m, bearing=-18.6°, position=(7.00, -2.36), confidence=0.25
[buoy_visualizer-5] [INFO] [1771741085.318646333] [buoy_visualizer]: Buoy 13: range=11.77m, bearing=-7.1°, position=(11.68, -1.46), confidence=0.25
[buoy_visualizer-5] [INFO] [1771741085.320787413] [buoy_visualizer]: Buoy 14: range=9.15m, bearing=-12.2°, position=(8.94, -1.94), confidence=0.38
[buoy_visualizer-5] [INFO] [1771741085.326037192] [buoy_visualizer]: Published 15 buoy markers
[buoy_visualizer-5] [INFO] [1771741085.400653473] [buoy_visualizer]: Buoy 0: range=7.08m, bearing=37.3°, position=(5.63, 4.29), confidence=0.75
[buoy_visualizer-5] [INFO] [1771741085.401581475] [buoy_visualizer]: Buoy 1: range=7.21m, bearing=69.4°, position=(2.54, 6.75), confidence=1.00
[buoy_visualizer-5] [INFO] [1771741085.402371643] [buoy_visualizer]: Buoy 2: range=3.39m, bearing=-100.4°, position=(-0.61, -3.34), confidence=1.00
[buoy_visualizer-5] [INFO] [1771741085.403129552] [buoy_visualizer]: Buoy 3: range=9.33m, bearing=3.4°, position=(9.32, 0.55), confidence=0.88
[buoy_visualizer-5] [INFO] [1771741085.403872453] [buoy_visualizer]: Buoy 4: range=1.04m, bearing=0.1°, position=(1.04, 0.00), confidence=1.00
[buoy_visualizer-5] [INFO] [1771741085.406815765] [buoy_visualizer]: Buoy 5: range=8.62m, bearing=-27.5°, position=(7.65, -3.97), confidence=0.38
[buoy_visualizer-5] [INFO] [1771741085.407769368] [buoy_visualizer]: Buoy 6: range=0.49m, bearing=-171.8°, position=(-0.48, -0.07), confidence=1.00
[buoy_visualizer-5] [INFO] [1771741085.408636021] [buoy_visualizer]: Buoy 7: range=9.72m, bearing=50.7°, position=(6.16, 7.53), confidence=0.62
[buoy_visualizer-5] [INFO] [1771741085.410846001] [buoy_visualizer]: Buoy 8: range=13.98m, bearing=-28.4°, position=(12.29, -6.66), confidence=0.88
[buoy_visualizer-5] [INFO] [1771741085.414809130] [buoy_visualizer]: Buoy 9: range=7.21m, bearing=-12.3°, position=(7.05, -1.53), confidence=1.00
[buoy_visualizer-5] [INFO] [1771741085.416069763] [buoy_visualizer]: Buoy 10: range=11.77m, bearing=-7.1°, position=(11.68, -1.46), confidence=0.25
[buoy_visualizer-5] [INFO] [1771741085.416905214] [buoy_visualizer]: Buoy 11: range=9.15m, bearing=-12.2°, position=(8.94, -1.94), confidence=0.38
[buoy_visualizer-5] [INFO] [1771741085.418346116] [buoy_visualizer]: Published 12 buoy markers
[buoy_visualizer-5] [INFO] [1771741085.516046269] [buoy_visualizer]: Buoy 0: range=1.04m, bearing=0.6°, position=(1.04, 0.01), confidence=1.00
[buoy_visualizer-5] [INFO] [1771741085.516934843] [buoy_visualizer]: Buoy 1: range=7.08m, bearing=37.6°, position=(5.61, 4.32), confidence=0.62
[buoy_visualizer-5] [INFO] [1771741085.517709170] [buoy_visualizer]: Buoy 2: range=3.37m, bearing=-97.1°, position=(-0.42, -3.34), confidence=1.00
[buoy_visualizer-5] [INFO] [1771741085.518490281] [buoy_visualizer]: Buoy 3: range=11.93m, bearing=-11.9°, position=(11.68, -2.46), confidence=1.00
[buoy_visualizer-5] [INFO] [1771741085.519228797] [buoy_visualizer]: Buoy 4: range=9.35m, bearing=4.1°, position=(9.33, 0.66), confidence=0.62
[buoy_visualizer-5] [INFO] [1771741085.520000852] [buoy_visualizer]: Buoy 5: range=0.45m, bearing=-170.1°, position=(-0.44, -0.08), confidence=1.00
[buoy_visualizer-5] [INFO] [1771741085.520725735] [buoy_visualizer]: Buoy 6: range=7.23m, bearing=70.4°, position=(2.42, 6.81), confidence=1.00
[buoy_visualizer-5] [INFO] [1771741085.521469724] [buoy_visualizer]: Buoy 7: range=13.89m, bearing=-28.0°, position=(12.26, -6.52), confidence=0.62
[buoy_visualizer-5] [INFO] [1771741085.523006408] [buoy_visualizer]: Buoy 8: range=7.21m, bearing=-11.5°, position=(7.06, -1.44), confidence=1.00
[buoy_visualizer-5] [INFO] [1771741085.524121399] [buoy_visualizer]: Buoy 9: range=9.76m, bearing=50.0°, position=(6.27, 7.48), confidence=0.50
[buoy_visualizer-5] [INFO] [1771741085.524918736] [buoy_visualizer]: Buoy 10: range=9.15m, bearing=-12.2°, position=(8.94, -1.94), confidence=0.38
[buoy_visualizer-5] [INFO] [1771741085.526598822] [buoy_visualizer]: Buoy 11: range=10.91m, bearing=-3.0°, position=(10.90, -0.57), confidence=0.25
[buoy_visualizer-5] [INFO] [1771741085.528701243] [buoy_visualizer]: Published 12 buoy markers
[buoy_visualizer-5] [INFO] [1771741085.639028080] [buoy_visualizer]: Buoy 0: range=1.04m, bearing=1.6°, position=(1.04, 0.03), confidence=1.00
[buoy_visualizer-5] [INFO] [1771741085.639864555] [buoy_visualizer]: Buoy 1: range=7.08m, bearing=37.6°, position=(5.61, 4.32), confidence=0.62
[buoy_visualizer-5] [INFO] [1771741085.640641474] [buoy_visualizer]: Buoy 2: range=3.37m, bearing=-97.1°, position=(-0.42, -3.34), confidence=1.00
[buoy_visualizer-5] [INFO] [1771741085.641749713] [buoy_visualizer]: Buoy 3: range=11.98m, bearing=-12.0°, position=(11.72, -2.49), confidence=1.00
[buoy_visualizer-5] [INFO] [1771741085.642517319] [buoy_visualizer]: Buoy 4: range=9.35m, bearing=4.1°, position=(9.33, 0.66), confidence=0.62
[buoy_visualizer-5] [INFO] [1771741085.643349282] [buoy_visualizer]: Buoy 5: range=0.43m, bearing=-169.3°, position=(-0.42, -0.08), confidence=1.00
[buoy_visualizer-5] [INFO] [1771741085.644093622] [buoy_visualizer]: Buoy 6: range=13.89m, bearing=-28.0°, position=(12.26, -6.52), confidence=0.62
[buoy_visualizer-5] [INFO] [1771741085.644802408] [buoy_visualizer]: Buoy 7: range=7.01m, bearing=-12.3°, position=(6.85, -1.49), confidence=1.00
[buoy_visualizer-5] [INFO] [1771741085.645506330] [buoy_visualizer]: Buoy 8: range=9.76m, bearing=50.0°, position=(6.27, 7.48), confidence=0.50
[buoy_visualizer-5] [INFO] [1771741085.646207404] [buoy_visualizer]: Buoy 9: range=10.91m, bearing=-3.0°, position=(10.90, -0.57), confidence=0.25
[buoy_visualizer-5] [INFO] [1771741085.646934399] [buoy_visualizer]: Buoy 10: range=10.40m, bearing=-8.2°, position=(10.30, -1.49), confidence=0.25
[buoy_visualizer-5] [INFO] [1771741085.653172792] [buoy_visualizer]: Buoy 11: range=8.13m, bearing=-7.9°, position=(8.05, -1.12), confidence=0.38
[buoy_visualizer-5] [INFO] [1771741085.654179871] [buoy_visualizer]: Buoy 12: range=13.58m, bearing=-16.6°, position=(13.02, -3.88), confidence=0.25
[buoy_visualizer-5] [INFO] [1771741085.655977022] [buoy_visualizer]: Published 13 buoy markers
[buoy_visualizer-5] [INFO] [1771741085.763207449] [buoy_visualizer]: Buoy 0: range=11.51m, bearing=-20.4°, position=(10.78, -4.01), confidence=0.62
[buoy_visualizer-5] [INFO] [1771741085.765129600] [buoy_visualizer]: Buoy 1: range=13.52m, bearing=-20.9°, position=(12.63, -4.83), confidence=0.38
[buoy_visualizer-5] [INFO] [1771741085.766205549] [buoy_visualizer]: Buoy 2: range=1.06m, bearing=8.1°, position=(1.05, 0.15), confidence=1.00
[buoy_visualizer-5] [INFO] [1771741085.767274776] [buoy_visualizer]: Buoy 3: range=0.42m, bearing=-168.5°, position=(-0.41, -0.08), confidence=1.00
[buoy_visualizer-5] [INFO] [1771741085.768292672] [buoy_visualizer]: Buoy 4: range=7.05m, bearing=40.4°, position=(5.38, 4.57), confidence=0.25
[buoy_visualizer-5] [INFO] [1771741085.769259716] [buoy_visualizer]: Buoy 5: range=8.11m, bearing=68.1°, position=(3.03, 7.53), confidence=0.38
[buoy_visualizer-5] [INFO] [1771741085.770222344] [buoy_visualizer]: Buoy 6: range=13.89m, bearing=-28.0°, position=(12.26, -6.52), confidence=0.62
[buoy_visualizer-5] [INFO] [1771741085.771674287] [buoy_visualizer]: Buoy 7: range=7.01m, bearing=-12.3°, position=(6.85, -1.49), confidence=1.00
[buoy_visualizer-5] [INFO] [1771741085.772702552] [buoy_visualizer]: Buoy 8: range=9.76m, bearing=50.0°, position=(6.27, 7.48), confidence=0.50
[buoy_visualizer-5] [INFO] [1771741085.773760931] [buoy_visualizer]: Buoy 9: range=11.78m, bearing=-25.9°, position=(10.59, -5.15), confidence=0.25
[buoy_visualizer-5] [INFO] [1771741085.778562934] [buoy_visualizer]: Buoy 10: range=11.98m, bearing=-11.6°, position=(11.73, -2.41), confidence=1.00
[buoy_visualizer-5] [INFO] [1771741085.779619937] [buoy_visualizer]: Buoy 11: range=3.35m, bearing=-95.3°, position=(-0.31, -3.34), confidence=0.88
[buoy_visualizer-5] [INFO] [1771741085.780465404] [buoy_visualizer]: Buoy 12: range=9.34m, bearing=4.5°, position=(9.31, 0.73), confidence=0.25
[buoy_visualizer-5] [INFO] [1771741085.781373757] [buoy_visualizer]: Buoy 13: range=11.50m, bearing=-1.1°, position=(11.50, -0.22), confidence=1.00
[buoy_visualizer-5] [INFO] [1771741085.782129714] [buoy_visualizer]: Buoy 14: range=10.40m, bearing=-8.2°, position=(10.30, -1.49), confidence=0.25
[buoy_visualizer-5] [INFO] [1771741085.782866342] [buoy_visualizer]: Buoy 15: range=8.13m, bearing=-7.9°, position=(8.05, -1.12), confidence=0.38
[buoy_visualizer-5] [INFO] [1771741085.783585529] [buoy_visualizer]: Buoy 16: range=13.58m, bearing=-16.6°, position=(13.02, -3.88), confidence=0.25
[buoy_visualizer-5] [INFO] [1771741085.784338190] [buoy_visualizer]: Buoy 17: range=8.14m, bearing=-1.3°, position=(8.13, -0.18), confidence=0.38
[buoy_visualizer-5] [INFO] [1771741085.785342197] [buoy_visualizer]: Buoy 18: range=9.32m, bearing=18.8°, position=(8.82, 3.01), confidence=0.38
[buoy_visualizer-5] [INFO] [1771741085.793686307] [buoy_visualizer]: Published 19 buoy markers
[buoy_visualizer-5] [INFO] [1771741085.873182709] [buoy_visualizer]: Buoy 0: range=1.12m, bearing=13.7°, position=(1.09, 0.27), confidence=1.00
[buoy_visualizer-5] [INFO] [1771741085.874106198] [buoy_visualizer]: Buoy 1: range=0.38m, bearing=-167.1°, position=(-0.37, -0.09), confidence=1.00
[buoy_visualizer-5] [INFO] [1771741085.874899118] [buoy_visualizer]: Buoy 2: range=9.68m, bearing=49.5°, position=(6.29, 7.36), confidence=0.25
[buoy_visualizer-5] [INFO] [1771741085.875673157] [buoy_visualizer]: Buoy 3: range=9.43m, bearing=-15.9°, position=(9.07, -2.59), confidence=1.00
[buoy_visualizer-5] [INFO] [1771741085.888286785] [buoy_visualizer]: Buoy 4: range=9.34m, bearing=4.5°, position=(9.31, 0.73), confidence=0.25
[buoy_visualizer-5] [INFO] [1771741085.893108469] [buoy_visualizer]: Buoy 5: range=6.61m, bearing=-13.0°, position=(6.44, -1.49), confidence=1.00
[buoy_visualizer-5] [INFO] [1771741085.894367566] [buoy_visualizer]: Buoy 6: range=8.16m, bearing=70.4°, position=(2.73, 7.68), confidence=0.25
[buoy_visualizer-5] [INFO] [1771741085.895261294] [buoy_visualizer]: Buoy 7: range=11.38m, bearing=-20.4°, position=(10.66, -3.97), confidence=0.50
[buoy_visualizer-5] [INFO] [1771741085.896057862] [buoy_visualizer]: Buoy 8: range=13.80m, bearing=-21.0°, position=(12.88, -4.96), confidence=0.25
[buoy_visualizer-5] [INFO] [1771741085.903086295] [buoy_visualizer]: Buoy 9: range=11.57m, bearing=-0.0°, position=(11.57, -0.00), confidence=1.00
[buoy_visualizer-5] [INFO] [1771741085.904409684] [buoy_visualizer]: Buoy 10: range=8.13m, bearing=-7.9°, position=(8.05, -1.12), confidence=0.38
[buoy_visualizer-5] [INFO] [1771741085.905234446] [buoy_visualizer]: Buoy 11: range=13.58m, bearing=-16.6°, position=(13.02, -3.88), confidence=0.25
[buoy_visualizer-5] [INFO] [1771741085.905972419] [buoy_visualizer]: Buoy 12: range=4.51m, bearing=-119.6°, position=(-2.23, -3.92), confidence=0.25
[buoy_visualizer-5] [INFO] [1771741085.906710871] [buoy_visualizer]: Buoy 13: range=8.04m, bearing=-0.2°, position=(8.04, -0.02), confidence=0.50
[buoy_visualizer-5] [INFO] [1771741085.907562995] [buoy_visualizer]: Buoy 14: range=9.32m, bearing=18.8°, position=(8.82, 3.01), confidence=0.38
[buoy_visualizer-5] [INFO] [1771741085.908327337] [buoy_visualizer]: Buoy 15: range=12.24m, bearing=10.0°, position=(12.06, 2.13), confidence=0.25
[buoy_visualizer-5] [INFO] [1771741085.909964605] [buoy_visualizer]: Published 16 buoy markers
[buoy_visualizer-5] [INFO] [1771741085.998038477] [buoy_visualizer]: Buoy 0: range=5.92m, bearing=-14.7°, position=(5.73, -1.50), confidence=0.75
[buoy_visualizer-5] [INFO] [1771741085.999542200] [buoy_visualizer]: Buoy 1: range=11.38m, bearing=-20.4°, position=(10.66, -3.97), confidence=0.50
[buoy_visualizer-5] [INFO] [1771741086.000963612] [buoy_visualizer]: Buoy 2: range=9.13m, bearing=-16.7°, position=(8.74, -2.62), confidence=1.00
[buoy_visualizer-5] [INFO] [1771741086.002068106] [buoy_visualizer]: Buoy 3: range=13.80m, bearing=-21.0°, position=(12.88, -4.96), confidence=0.25
[buoy_visualizer-5] [INFO] [1771741086.003088018] [buoy_visualizer]: Buoy 4: range=0.36m, bearing=-165.4°, position=(-0.35, -0.09), confidence=1.00
[buoy_visualizer-5] [INFO] [1771741086.004228035] [buoy_visualizer]: Buoy 5: range=5.68m, bearing=53.2°, position=(3.40, 4.55), confidence=0.25
[buoy_visualizer-5] [INFO] [1771741086.005413815] [buoy_visualizer]: Buoy 6: range=8.13m, bearing=-7.9°, position=(8.05, -1.12), confidence=0.38
[buoy_visualizer-5] [INFO] [1771741086.010526400] [buoy_visualizer]: Buoy 7: range=1.19m, bearing=25.6°, position=(1.08, 0.52), confidence=1.00
[buoy_visualizer-5] [INFO] [1771741086.012916201] [buoy_visualizer]: Buoy 8: range=13.58m, bearing=-16.6°, position=(13.02, -3.88), confidence=0.25
[buoy_visualizer-5] [INFO] [1771741086.015153095] [buoy_visualizer]: Buoy 9: range=4.31m, bearing=-119.5°, position=(-2.12, -3.75), confidence=0.50
[buoy_visualizer-5] [INFO] [1771741086.016970823] [buoy_visualizer]: Buoy 10: range=7.69m, bearing=2.0°, position=(7.68, 0.27), confidence=1.00
[buoy_visualizer-5] [INFO] [1771741086.018745285] [buoy_visualizer]: Buoy 11: range=9.33m, bearing=20.3°, position=(8.75, 3.24), confidence=0.50
[buoy_visualizer-5] [INFO] [1771741086.020141575] [buoy_visualizer]: Buoy 12: range=12.24m, bearing=10.0°, position=(12.06, 2.13), confidence=0.25
[buoy_visualizer-5] [INFO] [1771741086.021376446] [buoy_visualizer]: Buoy 13: range=5.35m, bearing=-103.1°, position=(-1.21, -5.21), confidence=0.25
[buoy_visualizer-5] [INFO] [1771741086.023121594] [buoy_visualizer]: Buoy 14: range=13.69m, bearing=-2.3°, position=(13.68, -0.55), confidence=0.25
[buoy_visualizer-5] [INFO] [1771741086.026087915] [buoy_visualizer]: Published 15 buoy markers
[buoy_visualizer-5] [INFO] [1771741086.123037358] [buoy_visualizer]: Buoy 0: range=11.38m, bearing=-20.4°, position=(10.66, -3.97), confidence=0.50
[buoy_visualizer-5] [INFO] [1771741086.125054556] [buoy_visualizer]: Buoy 1: range=13.80m, bearing=-21.0°, position=(12.88, -4.96), confidence=0.25
[buoy_visualizer-5] [INFO] [1771741086.126763349] [buoy_visualizer]: Buoy 2: range=0.36m, bearing=-165.4°, position=(-0.35, -0.09), confidence=1.00
[buoy_visualizer-5] [INFO] [1771741086.128192954] [buoy_visualizer]: Buoy 3: range=5.68m, bearing=53.2°, position=(3.40, 4.55), confidence=0.25
[buoy_visualizer-5] [INFO] [1771741086.129495158] [buoy_visualizer]: Buoy 4: range=1.22m, bearing=31.0°, position=(1.04, 0.63), confidence=1.00
[buoy_visualizer-5] [INFO] [1771741086.135011644] [buoy_visualizer]: Buoy 5: range=13.58m, bearing=-16.6°, position=(13.02, -3.88), confidence=0.25
[buoy_visualizer-5] [INFO] [1771741086.138334758] [buoy_visualizer]: Buoy 6: range=4.57m, bearing=-111.3°, position=(-1.66, -4.26), confidence=1.00
[buoy_visualizer-5] [INFO] [1771741086.139500313] [buoy_visualizer]: Buoy 7: range=7.45m, bearing=6.2°, position=(7.40, 0.80), confidence=1.00
[buoy_visualizer-5] [INFO] [1771741086.140642122] [buoy_visualizer]: Buoy 8: range=9.33m, bearing=20.3°, position=(8.75, 3.24), confidence=0.50
[buoy_visualizer-5] [INFO] [1771741086.146989706] [buoy_visualizer]: Buoy 9: range=12.02m, bearing=9.7°, position=(11.85, 2.03), confidence=0.38
[buoy_visualizer-5] [INFO] [1771741086.148380780] [buoy_visualizer]: Buoy 10: range=13.69m, bearing=-2.3°, position=(13.68, -0.55), confidence=0.25
[buoy_visualizer-5] [INFO] [1771741086.151128750] [buoy_visualizer]: Published 11 buoy markers
[buoy_visualizer-5] [INFO] [1771741086.219943085] [buoy_visualizer]: Buoy 0: range=9.58m, bearing=-27.3°, position=(8.51, -4.40), confidence=0.75
[buoy_visualizer-5] [INFO] [1771741086.221775918] [buoy_visualizer]: Buoy 1: range=8.07m, bearing=-7.7°, position=(8.00, -1.08), confidence=0.25
[buoy_visualizer-5] [INFO] [1771741086.224286464] [buoy_visualizer]: Buoy 2: range=11.62m, bearing=-8.0°, position=(11.50, -1.62), confidence=0.88
[buoy_visualizer-5] [INFO] [1771741086.230092506] [buoy_visualizer]: Buoy 3: range=0.37m, bearing=-165.8°, position=(-0.36, -0.09), confidence=1.00
[buoy_visualizer-5] [INFO] [1771741086.232765815] [buoy_visualizer]: Buoy 4: range=1.22m, bearing=34.3°, position=(1.01, 0.69), confidence=1.00
[buoy_visualizer-5] [INFO] [1771741086.235354542] [buoy_visualizer]: Buoy 5: range=13.58m, bearing=-16.6°, position=(13.02, -3.88), confidence=0.25
[buoy_visualizer-5] [INFO] [1771741086.237814268] [buoy_visualizer]: Buoy 6: range=12.10m, bearing=-13.9°, position=(11.74, -2.90), confidence=0.88
[buoy_visualizer-5] [INFO] [1771741086.240102077] [buoy_visualizer]: Buoy 7: range=11.57m, bearing=0.9°, position=(11.56, 0.17), confidence=1.00
[buoy_visualizer-5] [INFO] [1771741086.242474757] [buoy_visualizer]: Buoy 8: range=4.47m, bearing=-110.6°, position=(-1.58, -4.18), confidence=1.00
[buoy_visualizer-5] [INFO] [1771741086.244101720] [buoy_visualizer]: Buoy 9: range=7.45m, bearing=6.5°, position=(7.40, 0.84), confidence=1.00
[buoy_visualizer-5] [INFO] [1771741086.245015896] [buoy_visualizer]: Buoy 10: range=9.33m, bearing=20.3°, position=(8.75, 3.24), confidence=0.50
[buoy_visualizer-5] [INFO] [1771741086.245826354] [buoy_visualizer]: Buoy 11: range=13.49m, bearing=-9.3°, position=(13.32, -2.19), confidence=0.38
[buoy_visualizer-5] [INFO] [1771741086.246621450] [buoy_visualizer]: Buoy 12: range=11.94m, bearing=11.2°, position=(11.71, 2.32), confidence=0.75
[buoy_visualizer-5] [INFO] [1771741086.247415650] [buoy_visualizer]: Buoy 13: range=13.69m, bearing=-2.3°, position=(13.68, -0.55), confidence=0.25
[buoy_visualizer-5] [INFO] [1771741086.248228859] [buoy_visualizer]: Buoy 14: range=13.62m, bearing=2.2°, position=(13.61, 0.51), confidence=0.75
[buoy_visualizer-5] [INFO] [1771741086.249994712] [buoy_visualizer]: Published 15 buoy markers
[buoy_visualizer-5] [INFO] [1771741086.351970846] [buoy_visualizer]: Buoy 0: range=13.49m, bearing=-9.3°, position=(13.32, -2.19), confidence=0.38
[buoy_visualizer-5] [INFO] [1771741086.353064235] [buoy_visualizer]: Buoy 1: range=11.67m, bearing=-8.4°, position=(11.55, -1.71), confidence=0.38
[buoy_visualizer-5] [INFO] [1771741086.354027855] [buoy_visualizer]: Buoy 2: range=7.36m, bearing=8.1°, position=(7.28, 1.04), confidence=1.00
[buoy_visualizer-5] [INFO] [1771741086.356549601] [buoy_visualizer]: Buoy 3: range=0.34m, bearing=-164.1°, position=(-0.32, -0.09), confidence=1.00
[buoy_visualizer-5] [INFO] [1771741086.357672656] [buoy_visualizer]: Buoy 4: range=1.27m, bearing=40.5°, position=(0.97, 0.83), confidence=1.00
[buoy_visualizer-5] [INFO] [1771741086.358613875] [buoy_visualizer]: Buoy 5: range=7.27m, bearing=94.6°, position=(-0.58, 7.24), confidence=1.00
[buoy_visualizer-5] [INFO] [1771741086.360079867] [buoy_visualizer]: Buoy 6: range=13.69m, bearing=-2.3°, position=(13.68, -0.55), confidence=0.25
[buoy_visualizer-5] [INFO] [1771741086.361214347] [buoy_visualizer]: Buoy 7: range=13.62m, bearing=2.2°, position=(13.61, 0.51), confidence=0.75
[buoy_visualizer-5] [INFO] [1771741086.362891777] [buoy_visualizer]: Published 8 buoy markers
[buoy_visualizer-5] [INFO] [1771741086.482528615] [buoy_visualizer]: Buoy 0: range=7.34m, bearing=8.4°, position=(7.26, 1.07), confidence=1.00
[buoy_visualizer-5] [INFO] [1771741086.483432262] [buoy_visualizer]: Buoy 1: range=1.28m, bearing=44.6°, position=(0.91, 0.89), confidence=1.00
[buoy_visualizer-5] [INFO] [1771741086.484491601] [buoy_visualizer]: Buoy 2: range=7.23m, bearing=96.3°, position=(-0.80, 7.18), confidence=1.00
[buoy_visualizer-5] [INFO] [1771741086.485311307] [buoy_visualizer]: Buoy 3: range=3.07m, bearing=108.0°, position=(-0.95, 2.92), confidence=1.00
[buoy_visualizer-5] [INFO] [1771741086.486044543] [buoy_visualizer]: Buoy 4: range=11.32m, bearing=1.8°, position=(11.31, 0.36), confidence=1.00
[buoy_visualizer-5] [INFO] [1771741086.486811829] [buoy_visualizer]: Buoy 5: range=13.69m, bearing=-2.3°, position=(13.68, -0.55), confidence=0.25
[buoy_visualizer-5] [INFO] [1771741086.487575979] [buoy_visualizer]: Buoy 6: range=0.43m, bearing=-165.9°, position=(-0.42, -0.10), confidence=1.00
[buoy_visualizer-5] [INFO] [1771741086.488348610] [buoy_visualizer]: Buoy 7: range=13.61m, bearing=2.9°, position=(13.60, 0.69), confidence=1.00
[buoy_visualizer-5] [INFO] [1771741086.489089430] [buoy_visualizer]: Buoy 8: range=10.75m, bearing=21.6°, position=(9.99, 3.95), confidence=0.25
[buoy_visualizer-5] [INFO] [1771741086.490172419] [buoy_visualizer]: Buoy 9: range=7.07m, bearing=70.9°, position=(2.32, 6.68), confidence=0.25
[buoy_visualizer-5] [INFO] [1771741086.491016638] [buoy_visualizer]: Buoy 10: range=5.07m, bearing=1.3°, position=(5.07, 0.11), confidence=0.25
[buoy_visualizer-5] [INFO] [1771741086.493238011] [buoy_visualizer]: Published 11 buoy markers
[buoy_visualizer-5] [INFO] [1771741086.594936845] [buoy_visualizer]: Buoy 0: range=3.07m, bearing=108.9°, position=(-1.00, 2.91), confidence=1.00
[buoy_visualizer-5] [INFO] [1771741086.595868687] [buoy_visualizer]: Buoy 1: range=1.30m, bearing=47.6°, position=(0.88, 0.96), confidence=1.00
[buoy_visualizer-5] [INFO] [1771741086.599849032] [buoy_visualizer]: Buoy 2: range=4.21m, bearing=-111.7°, position=(-1.56, -3.91), confidence=1.00
[buoy_visualizer-5] [INFO] [1771741086.602871230] [buoy_visualizer]: Buoy 3: range=4.55m, bearing=95.2°, position=(-0.41, 4.54), confidence=1.00
[buoy_visualizer-5] [INFO] [1771741086.604821320] [buoy_visualizer]: Buoy 4: range=7.35m, bearing=97.8°, position=(-1.00, 7.28), confidence=1.00
[buoy_visualizer-5] [INFO] [1771741086.605914837] [buoy_visualizer]: Buoy 5: range=5.72m, bearing=79.9°, position=(1.00, 5.64), confidence=0.75
[buoy_visualizer-5] [INFO] [1771741086.606773137] [buoy_visualizer]: Buoy 6: range=13.61m, bearing=2.9°, position=(13.60, 0.69), confidence=1.00
[buoy_visualizer-5] [INFO] [1771741086.608062477] [buoy_visualizer]: Buoy 7: range=11.30m, bearing=3.0°, position=(11.28, 0.58), confidence=1.00
[buoy_visualizer-5] [INFO] [1771741086.609723074] [buoy_visualizer]: Buoy 8: range=0.34m, bearing=-162.9°, position=(-0.33, -0.10), confidence=1.00
[buoy_visualizer-5] [INFO] [1771741086.613561201] [buoy_visualizer]: Buoy 9: range=9.43m, bearing=34.7°, position=(7.75, 5.37), confidence=0.25
[buoy_visualizer-5] [INFO] [1771741086.614982293] [buoy_visualizer]: Buoy 10: range=7.07m, bearing=70.9°, position=(2.32, 6.68), confidence=0.25
[buoy_visualizer-5] [INFO] [1771741086.616241390] [buoy_visualizer]: Buoy 11: range=5.49m, bearing=-92.4°, position=(-0.23, -5.49), confidence=0.38
[buoy_visualizer-5] [INFO] [1771741086.618532912] [buoy_visualizer]: Buoy 12: range=5.07m, bearing=1.3°, position=(5.07, 0.11), confidence=0.25
[buoy_visualizer-5] [INFO] [1771741086.620691625] [buoy_visualizer]: Buoy 13: range=7.00m, bearing=20.7°, position=(6.55, 2.47), confidence=0.38
[buoy_visualizer-5] [INFO] [1771741086.622532235] [buoy_visualizer]: Published 14 buoy markers
[buoy_visualizer-5] [INFO] [1771741086.725096698] [buoy_visualizer]: Buoy 0: range=13.61m, bearing=2.9°, position=(13.60, 0.69), confidence=1.00
[buoy_visualizer-5] [INFO] [1771741086.726869495] [buoy_visualizer]: Buoy 1: range=11.30m, bearing=3.0°, position=(11.28, 0.58), confidence=1.00
[buoy_visualizer-5] [INFO] [1771741086.739502068] [buoy_visualizer]: Buoy 2: range=0.34m, bearing=-163.0°, position=(-0.32, -0.10), confidence=1.00
[buoy_visualizer-5] [INFO] [1771741086.756128523] [buoy_visualizer]: Buoy 3: range=1.28m, bearing=52.2°, position=(0.79, 1.01), confidence=0.75
[buoy_visualizer-5] [INFO] [1771741086.760488415] [buoy_visualizer]: Buoy 4: range=7.72m, bearing=14.9°, position=(7.46, 1.98), confidence=1.00
[buoy_visualizer-5] [INFO] [1771741086.764885077] [buoy_visualizer]: Buoy 5: range=9.43m, bearing=34.7°, position=(7.75, 5.37), confidence=0.25
[buoy_visualizer-5] [INFO] [1771741086.767278206] [buoy_visualizer]: Buoy 6: range=5.73m, bearing=80.8°, position=(0.91, 5.66), confidence=0.75
[buoy_visualizer-5] [INFO] [1771741086.769116128] [buoy_visualizer]: Buoy 7: range=7.40m, bearing=98.4°, position=(-1.09, 7.32), confidence=0.88
[buoy_visualizer-5] [INFO] [1771741086.770652525] [buoy_visualizer]: Buoy 8: range=7.08m, bearing=70.9°, position=(2.32, 6.69), confidence=0.38
[buoy_visualizer-5] [INFO] [1771741086.772492655] [buoy_visualizer]: Buoy 9: range=5.15m, bearing=1.2°, position=(5.15, 0.11), confidence=0.75
[buoy_visualizer-5] [INFO] [1771741086.774229226] [buoy_visualizer]: Buoy 10: range=7.00m, bearing=20.7°, position=(6.55, 2.47), confidence=0.38
[buoy_visualizer-5] [INFO] [1771741086.777032112] [buoy_visualizer]: Published 11 buoy markers
[buoy_visualizer-5] [INFO] [1771741086.842208429] [buoy_visualizer]: Buoy 0: range=5.72m, bearing=81.0°, position=(0.90, 5.65), confidence=0.88
[buoy_visualizer-5] [INFO] [1771741086.843115085] [buoy_visualizer]: Buoy 1: range=7.40m, bearing=98.4°, position=(-1.09, 7.32), confidence=0.88
[buoy_visualizer-5] [INFO] [1771741086.843880099] [buoy_visualizer]: Buoy 2: range=0.31m, bearing=-162.4°, position=(-0.30, -0.09), confidence=1.00
[buoy_visualizer-5] [INFO] [1771741086.844644729] [buoy_visualizer]: Buoy 3: range=1.33m, bearing=50.8°, position=(0.84, 1.03), confidence=0.38
[buoy_visualizer-5] [INFO] [1771741086.845364620] [buoy_visualizer]: Buoy 4: range=7.08m, bearing=70.9°, position=(2.32, 6.69), confidence=0.38
[buoy_visualizer-5] [INFO] [1771741086.847556519] [buoy_visualizer]: Buoy 5: range=13.69m, bearing=4.7°, position=(13.64, 1.11), confidence=0.62
[buoy_visualizer-5] [INFO] [1771741086.848637427] [buoy_visualizer]: Buoy 6: range=7.02m, bearing=20.9°, position=(6.56, 2.50), confidence=0.50
[buoy_visualizer-5] [INFO] [1771741086.850005780] [buoy_visualizer]: Published 7 buoy markers
[buoy_visualizer-5] [INFO] [1771741086.946794283] [buoy_visualizer]: Buoy 0: range=7.37m, bearing=100.4°, position=(-1.33, 7.24), confidence=0.75
[buoy_visualizer-5] [INFO] [1771741086.947772528] [buoy_visualizer]: Buoy 1: range=13.69m, bearing=4.7°, position=(13.64, 1.11), confidence=0.62
[buoy_visualizer-5] [INFO] [1771741086.948604779] [buoy_visualizer]: Buoy 2: range=7.09m, bearing=71.0°, position=(2.31, 6.70), confidence=0.25
[buoy_visualizer-5] [INFO] [1771741086.949365376] [buoy_visualizer]: Buoy 3: range=9.48m, bearing=34.4°, position=(7.82, 5.36), confidence=0.25
[buoy_visualizer-5] [INFO] [1771741086.950120566] [buoy_visualizer]: Buoy 4: range=5.71m, bearing=80.9°, position=(0.91, 5.63), confidence=1.00
[buoy_visualizer-5] [INFO] [1771741086.950881163] [buoy_visualizer]: Buoy 5: range=0.31m, bearing=-162.2°, position=(-0.29, -0.09), confidence=1.00
[buoy_visualizer-5] [INFO] [1771741086.952550657] [buoy_visualizer]: Buoy 6: range=7.04m, bearing=20.9°, position=(6.58, 2.52), confidence=1.00
[buoy_visualizer-5] [INFO] [1771741086.954021513] [buoy_visualizer]: Published 7 buoy markers
[buoy_visualizer-5] [INFO] [1771741087.068474527] [buoy_visualizer]: Buoy 0: range=7.36m, bearing=99.8°, position=(-1.25, 7.25), confidence=1.00
[buoy_visualizer-5] [INFO] [1771741087.069635697] [buoy_visualizer]: Buoy 1: range=7.09m, bearing=71.0°, position=(2.31, 6.70), confidence=0.25
[buoy_visualizer-5] [INFO] [1771741087.070693372] [buoy_visualizer]: Buoy 2: range=9.46m, bearing=32.8°, position=(7.95, 5.13), confidence=0.38
[buoy_visualizer-5] [INFO] [1771741087.071905970] [buoy_visualizer]: Buoy 3: range=5.72m, bearing=80.2°, position=(0.97, 5.64), confidence=1.00
[buoy_visualizer-5] [INFO] [1771741087.072861749] [buoy_visualizer]: Buoy 4: range=0.33m, bearing=-163.0°, position=(-0.32, -0.10), confidence=1.00
[buoy_visualizer-5] [INFO] [1771741087.073671534] [buoy_visualizer]: Buoy 5: range=7.04m, bearing=20.9°, position=(6.58, 2.52), confidence=1.00
[buoy_visualizer-5] [INFO] [1771741087.075049712] [buoy_visualizer]: Published 6 buoy markers
[buoy_visualizer-5] [INFO] [1771741087.185018632] [buoy_visualizer]: Buoy 0: range=9.46m, bearing=32.8°, position=(7.95, 5.13), confidence=0.38
[buoy_visualizer-5] [INFO] [1771741087.185955594] [buoy_visualizer]: Buoy 1: range=5.72m, bearing=80.0°, position=(1.00, 5.63), confidence=1.00
[buoy_visualizer-5] [INFO] [1771741087.186780292] [buoy_visualizer]: Buoy 2: range=0.34m, bearing=-163.1°, position=(-0.33, -0.10), confidence=1.00
[buoy_visualizer-5] [INFO] [1771741087.187880530] [buoy_visualizer]: Buoy 3: range=7.04m, bearing=20.9°, position=(6.58, 2.52), confidence=1.00
[buoy_visualizer-5] [INFO] [1771741087.188826741] [buoy_visualizer]: Buoy 4: range=3.03m, bearing=107.6°, position=(-0.92, 2.89), confidence=1.00
[buoy_visualizer-5] [INFO] [1771741087.189677521] [buoy_visualizer]: Buoy 5: range=4.54m, bearing=96.7°, position=(-0.53, 4.51), confidence=1.00
[buoy_visualizer-5] [INFO] [1771741087.190617684] [buoy_visualizer]: Buoy 6: range=7.32m, bearing=98.8°, position=(-1.12, 7.23), confidence=1.00
[buoy_visualizer-5] [INFO] [1771741087.191595769] [buoy_visualizer]: Buoy 7: range=3.97m, bearing=117.6°, position=(-1.84, 3.52), confidence=0.50
[buoy_visualizer-5] [INFO] [1771741087.192991963] [buoy_visualizer]: Buoy 8: range=13.77m, bearing=2.4°, position=(13.75, 0.58), confidence=0.50
[buoy_visualizer-5] [INFO] [1771741087.197692647] [buoy_visualizer]: Published 9 buoy markers
[buoy_visualizer-5] [INFO] [1771741087.297013039] [buoy_visualizer]: Buoy 0: range=0.36m, bearing=-163.9°, position=(-0.34, -0.10), confidence=1.00
[buoy_visualizer-5] [INFO] [1771741087.297863083] [buoy_visualizer]: Buoy 1: range=7.24m, bearing=99.2°, position=(-1.16, 7.14), confidence=1.00
[buoy_visualizer-5] [INFO] [1771741087.298603552] [buoy_visualizer]: Buoy 2: range=13.66m, bearing=1.0°, position=(13.66, 0.24), confidence=0.75
[buoy_visualizer-5] [INFO] [1771741087.299314290] [buoy_visualizer]: Buoy 3: range=9.45m, bearing=31.4°, position=(8.06, 4.93), confidence=0.25
[buoy_visualizer-5] [INFO] [1771741087.300083880] [buoy_visualizer]: Buoy 4: range=10.00m, bearing=-9.3°, position=(9.87, -1.61), confidence=0.88
[buoy_visualizer-5] [INFO] [1771741087.301185238] [buoy_visualizer]: Published 5 buoy markers
[buoy_visualizer-5] [INFO] [1771741087.397365280] [buoy_visualizer]: Buoy 0: range=13.66m, bearing=1.0°, position=(13.66, 0.24), confidence=0.75
[buoy_visualizer-5] [INFO] [1771741087.398450701] [buoy_visualizer]: Buoy 1: range=0.36m, bearing=-164.1°, position=(-0.35, -0.10), confidence=1.00
[buoy_visualizer-5] [INFO] [1771741087.399250182] [buoy_visualizer]: Buoy 2: range=7.21m, bearing=96.8°, position=(-0.86, 7.16), confidence=1.00
[buoy_visualizer-5] [INFO] [1771741087.401846621] [buoy_visualizer]: Buoy 3: range=9.45m, bearing=31.4°, position=(8.06, 4.93), confidence=0.25
[buoy_visualizer-5] [INFO] [1771741087.403035089] [buoy_visualizer]: Buoy 4: range=10.16m, bearing=-10.1°, position=(10.00, -1.79), confidence=1.00
[buoy_visualizer-5] [INFO] [1771741087.404534139] [buoy_visualizer]: Published 5 buoy markers
[buoy_visualizer-5] [INFO] [1771741087.507397661] [buoy_visualizer]: Buoy 0: range=0.40m, bearing=-165.1°, position=(-0.39, -0.10), confidence=1.00
[buoy_visualizer-5] [INFO] [1771741087.509130776] [buoy_visualizer]: Buoy 1: range=9.26m, bearing=21.0°, position=(8.65, 3.31), confidence=0.50
[buoy_visualizer-5] [INFO] [1771741087.511002300] [buoy_visualizer]: Buoy 2: range=9.45m, bearing=31.4°, position=(8.06, 4.93), confidence=0.25
[buoy_visualizer-5] [INFO] [1771741087.514571896] [buoy_visualizer]: Buoy 3: range=13.54m, bearing=-0.1°, position=(13.54, -0.03), confidence=0.50
[buoy_visualizer-5] [INFO] [1771741087.518503278] [buoy_visualizer]: Published 4 buoy markers
[buoy_visualizer-5] [INFO] [1771741087.629878793] [buoy_visualizer]: Buoy 0: range=7.26m, bearing=90.7°, position=(-0.09, 7.26), confidence=1.00
[buoy_visualizer-5] [INFO] [1771741087.630798378] [buoy_visualizer]: Buoy 1: range=9.43m, bearing=-4.8°, position=(9.39, -0.80), confidence=1.00
[buoy_visualizer-5] [INFO] [1771741087.631561120] [buoy_visualizer]: Buoy 2: range=0.42m, bearing=-165.9°, position=(-0.41, -0.10), confidence=1.00
[buoy_visualizer-5] [INFO] [1771741087.633186131] [buoy_visualizer]: Buoy 3: range=4.06m, bearing=-120.6°, position=(-2.06, -3.49), confidence=1.00
[buoy_visualizer-5] [INFO] [1771741087.634149431] [buoy_visualizer]: Buoy 4: range=13.54m, bearing=-0.1°, position=(13.54, -0.03), confidence=0.50
[buoy_visualizer-5] [INFO] [1771741087.636017659] [buoy_visualizer]: Buoy 5: range=9.27m, bearing=23.4°, position=(8.51, 3.68), confidence=0.25
[buoy_visualizer-5] [INFO] [1771741087.637254770] [buoy_visualizer]: Published 6 buoy markers
[buoy_visualizer-5] [INFO] [1771741087.753531880] [buoy_visualizer]: Buoy 0: range=4.09m, bearing=-120.1°, position=(-2.05, -3.54), confidence=1.00
[buoy_visualizer-5] [INFO] [1771741087.754421927] [buoy_visualizer]: Buoy 1: range=13.54m, bearing=-0.1°, position=(13.54, -0.03), confidence=0.50
[buoy_visualizer-5] [INFO] [1771741087.755195582] [buoy_visualizer]: Buoy 2: range=0.42m, bearing=-166.8°, position=(-0.41, -0.10), confidence=1.00
[buoy_visualizer-5] [INFO] [1771741087.755941363] [buoy_visualizer]: Buoy 3: range=9.83m, bearing=15.5°, position=(9.47, 2.63), confidence=1.00
[buoy_visualizer-5] [INFO] [1771741087.756711305] [buoy_visualizer]: Buoy 4: range=11.59m, bearing=9.5°, position=(11.44, 1.91), confidence=0.25
[buoy_visualizer-5] [INFO] [1771741087.757435484] [buoy_visualizer]: Buoy 5: range=9.09m, bearing=7.1°, position=(9.02, 1.12), confidence=0.50
[buoy_visualizer-5] [INFO] [1771741087.758154703] [buoy_visualizer]: Buoy 6: range=9.27m, bearing=23.4°, position=(8.51, 3.68), confidence=0.25
[buoy_visualizer-5] [INFO] [1771741087.761965596] [buoy_visualizer]: Buoy 7: range=7.07m, bearing=48.8°, position=(4.66, 5.32), confidence=0.25
[buoy_visualizer-5] [INFO] [1771741087.764075729] [buoy_visualizer]: Published 8 buoy markers
[buoy_visualizer-5] [INFO] [1771741087.867079390] [buoy_visualizer]: Buoy 0: range=0.44m, bearing=-167.5°, position=(-0.43, -0.09), confidence=1.00
[buoy_visualizer-5] [INFO] [1771741087.871144989] [buoy_visualizer]: Buoy 1: range=9.83m, bearing=15.5°, position=(9.47, 2.63), confidence=1.00
[buoy_visualizer-5] [INFO] [1771741087.872615557] [buoy_visualizer]: Buoy 2: range=4.21m, bearing=-118.3°, position=(-2.00, -3.71), confidence=0.75
[buoy_visualizer-5] [INFO] [1771741087.873676144] [buoy_visualizer]: Buoy 3: range=13.47m, bearing=-1.8°, position=(13.46, -0.43), confidence=0.25
[buoy_visualizer-5] [INFO] [1771741087.881856081] [buoy_visualizer]: Buoy 4: range=11.59m, bearing=9.5°, position=(11.44, 1.91), confidence=0.25
[buoy_visualizer-5] [INFO] [1771741087.883339962] [buoy_visualizer]: Buoy 5: range=9.09m, bearing=7.1°, position=(9.02, 1.12), confidence=0.50
[buoy_visualizer-5] [INFO] [1771741087.884420647] [buoy_visualizer]: Buoy 6: range=11.72m, bearing=4.8°, position=(11.68, 0.97), confidence=0.50
[buoy_visualizer-5] [INFO] [1771741087.885371978] [buoy_visualizer]: Buoy 7: range=9.27m, bearing=23.4°, position=(8.51, 3.68), confidence=0.25
[buoy_visualizer-5] [INFO] [1771741087.894698877] [buoy_visualizer]: Buoy 8: range=7.07m, bearing=48.8°, position=(4.66, 5.32), confidence=0.25
[buoy_visualizer-5] [INFO] [1771741087.895816780] [buoy_visualizer]: Buoy 9: range=12.13m, bearing=-13.9°, position=(11.77, -2.91), confidence=0.38
[buoy_visualizer-5] [INFO] [1771741087.896734380] [buoy_visualizer]: Buoy 10: range=11.31m, bearing=-21.1°, position=(10.55, -4.07), confidence=0.38
[buoy_visualizer-5] [INFO] [1771741087.897597257] [buoy_visualizer]: Buoy 11: range=13.72m, bearing=-21.7°, position=(12.74, -5.08), confidence=0.25
[buoy_visualizer-5] [INFO] [1771741087.899263551] [buoy_visualizer]: Published 12 buoy markers
[buoy_visualizer-5] [INFO] [1771741088.007180678] [buoy_visualizer]: Buoy 0: range=4.41m, bearing=-115.4°, position=(-1.89, -3.98), confidence=0.38
[buoy_visualizer-5] [INFO] [1771741088.008122121] [buoy_visualizer]: Buoy 1: range=11.59m, bearing=-4.8°, position=(11.55, -0.97), confidence=1.00
[buoy_visualizer-5] [INFO] [1771741088.008941763] [buoy_visualizer]: Buoy 2: range=0.40m, bearing=-167.8°, position=(-0.39, -0.08), confidence=1.00
[buoy_visualizer-5] [INFO] [1771741088.009742523] [buoy_visualizer]: Buoy 3: range=11.72m, bearing=4.8°, position=(11.68, 0.97), confidence=0.50
[buoy_visualizer-5] [INFO] [1771741088.010563829] [buoy_visualizer]: Buoy 4: range=9.31m, bearing=18.5°, position=(8.83, 2.96), confidence=0.88
[buoy_visualizer-5] [INFO] [1771741088.013825948] [buoy_visualizer]: Buoy 5: range=9.25m, bearing=4.9°, position=(9.22, 0.79), confidence=0.25
[buoy_visualizer-5] [INFO] [1771741088.014833347] [buoy_visualizer]: Buoy 6: range=7.07m, bearing=48.8°, position=(4.66, 5.32), confidence=0.25
[buoy_visualizer-5] [INFO] [1771741088.015651933] [buoy_visualizer]: Buoy 7: range=12.13m, bearing=-13.9°, position=(11.77, -2.91), confidence=0.38
[buoy_visualizer-5] [INFO] [1771741088.016469974] [buoy_visualizer]: Buoy 8: range=11.36m, bearing=-21.8°, position=(10.55, -4.23), confidence=0.75
[buoy_visualizer-5] [INFO] [1771741088.017242093] [buoy_visualizer]: Buoy 9: range=13.65m, bearing=-23.2°, position=(12.55, -5.38), confidence=0.50
[buoy_visualizer-5] [INFO] [1771741088.018106954] [buoy_visualizer]: Buoy 10: range=9.63m, bearing=52.1°, position=(5.92, 7.60), confidence=0.38
[buoy_visualizer-5] [INFO] [1771741088.019594867] [buoy_visualizer]: Buoy 11: range=12.65m, bearing=-19.8°, position=(11.90, -4.28), confidence=0.50
[buoy_visualizer-5] [INFO] [1771741088.021899670] [buoy_visualizer]: Published 12 buoy markers
[buoy_visualizer-5] [INFO] [1771741088.140931916] [buoy_visualizer]: Buoy 0: range=9.86m, bearing=-16.0°, position=(9.48, -2.71), confidence=0.88
[buoy_visualizer-5] [INFO] [1771741088.141897329] [buoy_visualizer]: Buoy 1: range=11.91m, bearing=-4.8°, position=(11.87, -0.99), confidence=1.00
[buoy_visualizer-5] [INFO] [1771741088.146740487] [buoy_visualizer]: Buoy 2: range=0.42m, bearing=-169.0°, position=(-0.42, -0.08), confidence=1.00
[buoy_visualizer-5] [INFO] [1771741088.148131145] [buoy_visualizer]: Buoy 3: range=7.07m, bearing=48.8°, position=(4.66, 5.32), confidence=0.25
[buoy_visualizer-5] [INFO] [1771741088.149724569] [buoy_visualizer]: Buoy 4: range=9.35m, bearing=16.6°, position=(8.96, 2.67), confidence=0.62
[buoy_visualizer-5] [INFO] [1771741088.150826855] [buoy_visualizer]: Buoy 5: range=12.13m, bearing=-13.9°, position=(11.77, -2.91), confidence=0.38
[buoy_visualizer-5] [INFO] [1771741088.151820685] [buoy_visualizer]: Buoy 6: range=11.36m, bearing=-21.8°, position=(10.55, -4.23), confidence=0.75
[buoy_visualizer-5] [INFO] [1771741088.152780561] [buoy_visualizer]: Buoy 7: range=13.65m, bearing=-23.2°, position=(12.55, -5.38), confidence=0.50
[buoy_visualizer-5] [INFO] [1771741088.153638702] [buoy_visualizer]: Buoy 8: range=9.63m, bearing=52.1°, position=(5.92, 7.60), confidence=0.38
[buoy_visualizer-5] [INFO] [1771741088.156189794] [buoy_visualizer]: Buoy 9: range=12.65m, bearing=-19.8°, position=(11.90, -4.28), confidence=0.50
[buoy_visualizer-5] [INFO] [1771741088.161584927] [buoy_visualizer]: Buoy 10: range=10.78m, bearing=-29.1°, position=(9.42, -5.24), confidence=0.38
[buoy_visualizer-5] [INFO] [1771741088.164487180] [buoy_visualizer]: Buoy 11: range=14.24m, bearing=-29.9°, position=(12.34, -7.10), confidence=0.25
[buoy_visualizer-5] [INFO] [1771741088.168206483] [buoy_visualizer]: Published 12 buoy markers
[buoy_visualizer-5] [INFO] [1771741088.267465109] [buoy_visualizer]: Buoy 0: range=5.32m, bearing=-30.7°, position=(4.57, -2.71), confidence=0.62
[buoy_visualizer-5] [INFO] [1771741088.271644956] [buoy_visualizer]: Buoy 1: range=7.16m, bearing=-11.4°, position=(7.02, -1.42), confidence=1.00
[buoy_visualizer-5] [INFO] [1771741088.272695302] [buoy_visualizer]: Buoy 2: range=0.44m, bearing=-170.3°, position=(-0.44, -0.07), confidence=1.00
[buoy_visualizer-5] [INFO] [1771741088.273450139] [buoy_visualizer]: Buoy 3: range=11.87m, bearing=-3.5°, position=(11.85, -0.73), confidence=0.25
[buoy_visualizer-5] [INFO] [1771741088.274197840] [buoy_visualizer]: Buoy 4: range=9.63m, bearing=52.1°, position=(5.92, 7.60), confidence=0.38
[buoy_visualizer-5] [INFO] [1771741088.274992968] [buoy_visualizer]: Buoy 5: range=12.65m, bearing=-19.8°, position=(11.90, -4.28), confidence=0.50
[buoy_visualizer-5] [INFO] [1771741088.277600385] [buoy_visualizer]: Buoy 6: range=10.78m, bearing=-29.1°, position=(9.42, -5.24), confidence=0.38
[buoy_visualizer-5] [INFO] [1771741088.279426049] [buoy_visualizer]: Buoy 7: range=14.24m, bearing=-29.9°, position=(12.34, -7.10), confidence=0.25
[buoy_visualizer-5] [INFO] [1771741088.281882287] [buoy_visualizer]: Published 8 buoy markers
[buoy_visualizer-5] [INFO] [1771741088.396360068] [buoy_visualizer]: Buoy 0: range=3.32m, bearing=-99.4°, position=(-0.54, -3.28), confidence=1.00
[buoy_visualizer-5] [INFO] [1771741088.398764558] [buoy_visualizer]: Buoy 1: range=6.87m, bearing=-16.4°, position=(6.59, -1.93), confidence=1.00
[buoy_visualizer-5] [INFO] [1771741088.401497903] [buoy_visualizer]: Buoy 2: range=11.87m, bearing=-3.5°, position=(11.85, -0.73), confidence=0.25
[buoy_visualizer-5] [INFO] [1771741088.406017230] [buoy_visualizer]: Buoy 3: range=0.41m, bearing=-168.9°, position=(-0.40, -0.08), confidence=1.00
[buoy_visualizer-5] [INFO] [1771741088.406833223] [buoy_visualizer]: Buoy 4: range=9.64m, bearing=51.2°, position=(6.05, 7.51), confidence=0.50
[buoy_visualizer-5] [INFO] [1771741088.407578204] [buoy_visualizer]: Buoy 5: range=7.08m, bearing=71.0°, position=(2.30, 6.70), confidence=1.00
[buoy_visualizer-5] [INFO] [1771741088.408343282] [buoy_visualizer]: Buoy 6: range=12.65m, bearing=-19.8°, position=(11.90, -4.28), confidence=0.50
[buoy_visualizer-5] [INFO] [1771741088.409074854] [buoy_visualizer]: Buoy 7: range=9.27m, bearing=-25.8°, position=(8.34, -4.04), confidence=0.38
[buoy_visualizer-5] [INFO] [1771741088.410738107] [buoy_visualizer]: Buoy 8: range=14.01m, bearing=-30.0°, position=(12.13, -7.01), confidence=0.50
[buoy_visualizer-5] [INFO] [1771741088.412354893] [buoy_visualizer]: Buoy 9: range=5.23m, bearing=-31.0°, position=(4.49, -2.69), confidence=0.50
[buoy_visualizer-5] [INFO] [1771741088.413300080] [buoy_visualizer]: Buoy 10: range=9.45m, bearing=3.6°, position=(9.43, 0.60), confidence=0.25
[buoy_visualizer-5] [INFO] [1771741088.414764824] [buoy_visualizer]: Published 11 buoy markers
[buoy_visualizer-5] [INFO] [1771741088.513608860] [buoy_visualizer]: Buoy 0: range=7.08m, bearing=71.0°, position=(2.30, 6.70), confidence=1.00
[buoy_visualizer-5] [INFO] [1771741088.514985438] [buoy_visualizer]: Buoy 1: range=0.42m, bearing=-169.6°, position=(-0.41, -0.08), confidence=1.00
[buoy_visualizer-5] [INFO] [1771741088.515973187] [buoy_visualizer]: Buoy 2: range=9.63m, bearing=50.1°, position=(6.18, 7.39), confidence=0.38
[buoy_visualizer-5] [INFO] [1771741088.516927111] [buoy_visualizer]: Buoy 3: range=9.27m, bearing=-25.8°, position=(8.34, -4.04), confidence=0.38
[buoy_visualizer-5] [INFO] [1771741088.518024340] [buoy_visualizer]: Buoy 4: range=14.10m, bearing=-30.7°, position=(12.12, -7.21), confidence=0.75
[buoy_visualizer-5] [INFO] [1771741088.519082303] [buoy_visualizer]: Buoy 5: range=5.25m, bearing=-31.3°, position=(4.49, -2.73), confidence=0.62
[buoy_visualizer-5] [INFO] [1771741088.520332247] [buoy_visualizer]: Buoy 6: range=3.37m, bearing=-101.8°, position=(-0.69, -3.30), confidence=1.00
[buoy_visualizer-5] [INFO] [1771741088.521296827] [buoy_visualizer]: Buoy 7: range=9.45m, bearing=3.6°, position=(9.43, 0.60), confidence=0.25
[buoy_visualizer-5] [INFO] [1771741088.522172985] [buoy_visualizer]: Buoy 8: range=7.08m, bearing=34.4°, position=(5.84, 4.00), confidence=0.50
[buoy_visualizer-5] [INFO] [1771741088.524239563] [buoy_visualizer]: Published 9 buoy markers
[buoy_visualizer-5] [INFO] [1771741088.632506345] [buoy_visualizer]: Buoy 0: range=0.47m, bearing=-171.0°, position=(-0.46, -0.07), confidence=1.00
[buoy_visualizer-5] [INFO] [1771741088.633422986] [buoy_visualizer]: Buoy 1: range=7.10m, bearing=68.7°, position=(2.57, 6.62), confidence=1.00
[buoy_visualizer-5] [INFO] [1771741088.634172383] [buoy_visualizer]: Buoy 2: range=13.98m, bearing=-30.3°, position=(12.06, -7.06), confidence=1.00
[buoy_visualizer-5] [INFO] [1771741088.634923188] [buoy_visualizer]: Buoy 3: range=3.37m, bearing=-102.1°, position=(-0.71, -3.30), confidence=1.00
[buoy_visualizer-5] [INFO] [1771741088.635672521] [buoy_visualizer]: Buoy 4: range=9.45m, bearing=3.6°, position=(9.43, 0.60), confidence=0.25
[buoy_visualizer-5] [INFO] [1771741088.640336274] [buoy_visualizer]: Buoy 5: range=7.08m, bearing=34.4°, position=(5.84, 4.00), confidence=0.50
[buoy_visualizer-5] [INFO] [1771741088.642340672] [buoy_visualizer]: Buoy 6: range=9.36m, bearing=-26.9°, position=(8.35, -4.24), confidence=0.25
[buoy_visualizer-5] [INFO] [1771741088.643186236] [buoy_visualizer]: Buoy 7: range=9.58m, bearing=48.1°, position=(6.40, 7.13), confidence=0.25
[buoy_visualizer-5] [INFO] [1771741088.649046490] [buoy_visualizer]: Published 8 buoy markers
[buoy_visualizer-5] [INFO] [1771741088.752932322] [buoy_visualizer]: Buoy 0: range=0.46m, bearing=-171.3°, position=(-0.45, -0.07), confidence=1.00
[buoy_visualizer-5] [INFO] [1771741088.754055378] [buoy_visualizer]: Buoy 1: range=9.45m, bearing=3.6°, position=(9.43, 0.60), confidence=0.25
[buoy_visualizer-5] [INFO] [1771741088.754840009] [buoy_visualizer]: Buoy 2: range=7.10m, bearing=67.0°, position=(2.77, 6.54), confidence=1.00
[buoy_visualizer-5] [INFO] [1771741088.755581917] [buoy_visualizer]: Buoy 3: range=2.37m, bearing=-69.5°, position=(0.83, -2.22), confidence=0.75
[buoy_visualizer-5] [INFO] [1771741088.757727317] [buoy_visualizer]: Buoy 4: range=3.38m, bearing=-102.4°, position=(-0.72, -3.30), confidence=1.00
[buoy_visualizer-5] [INFO] [1771741088.759159514] [buoy_visualizer]: Buoy 5: range=7.09m, bearing=33.9°, position=(5.88, 3.95), confidence=0.75
[buoy_visualizer-5] [INFO] [1771741088.760509754] [buoy_visualizer]: Buoy 6: range=14.02m, bearing=-31.6°, position=(11.94, -7.34), confidence=1.00
[buoy_visualizer-5] [INFO] [1771741088.762337211] [buoy_visualizer]: Buoy 7: range=9.36m, bearing=-26.9°, position=(8.35, -4.24), confidence=0.25
[buoy_visualizer-5] [INFO] [1771741088.764204094] [buoy_visualizer]: Buoy 8: range=9.54m, bearing=44.7°, position=(6.78, 6.71), confidence=0.62
[buoy_visualizer-5] [INFO] [1771741088.765740523] [buoy_visualizer]: Buoy 9: range=5.53m, bearing=44.8°, position=(3.93, 3.90), confidence=0.88
[buoy_visualizer-5] [INFO] [1771741088.768382342] [buoy_visualizer]: Published 10 buoy markers
[buoy_visualizer-5] [INFO] [1771741088.883539370] [buoy_visualizer]: Buoy 0: range=14.02m, bearing=-31.6°, position=(11.94, -7.34), confidence=1.00
[buoy_visualizer-5] [INFO] [1771741088.884576500] [buoy_visualizer]: Buoy 1: range=9.36m, bearing=-26.9°, position=(8.35, -4.24), confidence=0.25
[buoy_visualizer-5] [INFO] [1771741088.885499189] [buoy_visualizer]: Buoy 2: range=9.56m, bearing=45.6°, position=(6.68, 6.83), confidence=0.88
[buoy_visualizer-5] [INFO] [1771741088.886393620] [buoy_visualizer]: Buoy 3: range=7.08m, bearing=67.1°, position=(2.75, 6.52), confidence=1.00
[buoy_visualizer-5] [INFO] [1771741088.889704862] [buoy_visualizer]: Buoy 4: range=7.60m, bearing=-21.1°, position=(7.09, -2.74), confidence=1.00
[buoy_visualizer-5] [INFO] [1771741088.891413430] [buoy_visualizer]: Buoy 5: range=0.47m, bearing=-172.1°, position=(-0.46, -0.06), confidence=1.00
[buoy_visualizer-5] [INFO] [1771741088.893056523] [buoy_visualizer]: Buoy 6: range=3.41m, bearing=-102.0°, position=(-0.71, -3.33), confidence=1.00
[buoy_visualizer-5] [INFO] [1771741088.895195074] [buoy_visualizer]: Buoy 7: range=7.19m, bearing=-13.4°, position=(6.99, -1.67), confidence=0.38
[buoy_visualizer-5] [INFO] [1771741088.900692998] [buoy_visualizer]: Buoy 8: range=7.07m, bearing=33.7°, position=(5.89, 3.92), confidence=0.75
[buoy_visualizer-5] [INFO] [1771741088.904500755] [buoy_visualizer]: Published 9 buoy markers
[buoy_visualizer-5] [INFO] [1771741089.008515557] [buoy_visualizer]: Buoy 0: range=14.04m, bearing=-31.8°, position=(11.94, -7.39), confidence=1.00
[buoy_visualizer-5] [INFO] [1771741089.011585277] [buoy_visualizer]: Buoy 1: range=7.19m, bearing=-13.4°, position=(6.99, -1.67), confidence=0.38
[buoy_visualizer-5] [INFO] [1771741089.013183470] [buoy_visualizer]: Buoy 2: range=0.52m, bearing=-174.2°, position=(-0.51, -0.05), confidence=1.00
[buoy_visualizer-5] [INFO] [1771741089.016824975] [buoy_visualizer]: Buoy 3: range=7.07m, bearing=33.7°, position=(5.89, 3.92), confidence=0.75
[buoy_visualizer-5] [INFO] [1771741089.020642205] [buoy_visualizer]: Buoy 4: range=3.40m, bearing=-102.1°, position=(-0.71, -3.33), confidence=1.00
[buoy_visualizer-5] [INFO] [1771741089.024053230] [buoy_visualizer]: Buoy 5: range=7.06m, bearing=66.9°, position=(2.78, 6.49), confidence=1.00
[buoy_visualizer-5] [INFO] [1771741089.027459774] [buoy_visualizer]: Buoy 6: range=9.61m, bearing=45.6°, position=(6.72, 6.87), confidence=1.00
[buoy_visualizer-5] [INFO] [1771741089.030827020] [buoy_visualizer]: Published 7 buoy markers
[buoy_visualizer-5] [INFO] [1771741089.184534033] [buoy_visualizer]: Buoy 0: range=7.04m, bearing=66.8°, position=(2.77, 6.48), confidence=1.00
[buoy_visualizer-5] [INFO] [1771741089.185531511] [buoy_visualizer]: Buoy 1: range=13.97m, bearing=-31.7°, position=(11.89, -7.33), confidence=0.88
[buoy_visualizer-5] [INFO] [1771741089.186298093] [buoy_visualizer]: Buoy 2: range=0.54m, bearing=-175.0°, position=(-0.53, -0.05), confidence=1.00
[buoy_visualizer-5] [INFO] [1771741089.187037954] [buoy_visualizer]: Buoy 3: range=9.58m, bearing=45.0°, position=(6.78, 6.77), confidence=1.00
[buoy_visualizer-5] [INFO] [1771741089.196678346] [buoy_visualizer]: Buoy 4: range=3.41m, bearing=-102.3°, position=(-0.73, -3.33), confidence=1.00
[buoy_visualizer-5] [INFO] [1771741089.199363720] [buoy_visualizer]: Buoy 5: range=7.03m, bearing=33.5°, position=(5.87, 3.88), confidence=0.75
[buoy_visualizer-5] [INFO] [1771741089.204399211] [buoy_visualizer]: Buoy 6: range=8.24m, bearing=-19.2°, position=(7.79, -2.71), confidence=0.62
[buoy_visualizer-5] [INFO] [1771741089.213498062] [buoy_visualizer]: Published 7 buoy markers
[buoy_visualizer-5] [INFO] [1771741089.274872763] [buoy_visualizer]: Buoy 0: range=0.52m, bearing=-173.9°, position=(-0.52, -0.06), confidence=1.00
[buoy_visualizer-5] [INFO] [1771741089.275791164] [buoy_visualizer]: Buoy 1: range=9.59m, bearing=45.0°, position=(6.78, 6.78), confidence=1.00
[buoy_visualizer-5] [INFO] [1771741089.280250423] [buoy_visualizer]: Buoy 2: range=7.03m, bearing=67.0°, position=(2.74, 6.47), confidence=1.00
[buoy_visualizer-5] [INFO] [1771741089.283194631] [buoy_visualizer]: Buoy 3: range=14.03m, bearing=-32.3°, position=(11.86, -7.49), confidence=0.88
[buoy_visualizer-5] [INFO] [1771741089.284284436] [buoy_visualizer]: Buoy 4: range=7.02m, bearing=33.4°, position=(5.86, 3.86), confidence=0.88
[buoy_visualizer-5] [INFO] [1771741089.285108718] [buoy_visualizer]: Buoy 5: range=3.42m, bearing=-102.4°, position=(-0.74, -3.34), confidence=1.00
[buoy_visualizer-5] [INFO] [1771741089.285837410] [buoy_visualizer]: Buoy 6: range=8.24m, bearing=-19.2°, position=(7.79, -2.71), confidence=0.62
[buoy_visualizer-5] [INFO] [1771741089.286604120] [buoy_visualizer]: Buoy 7: range=6.78m, bearing=-25.9°, position=(6.10, -2.96), confidence=0.62
[buoy_visualizer-5] [INFO] [1771741089.287365357] [buoy_visualizer]: Buoy 8: range=9.19m, bearing=-29.2°, position=(8.02, -4.48), confidence=0.25
[buoy_visualizer-5] [INFO] [1771741089.288807795] [buoy_visualizer]: Published 9 buoy markers
[buoy_visualizer-5] [INFO] [1771741089.393382411] [buoy_visualizer]: Buoy 0: range=3.42m, bearing=-102.7°, position=(-0.76, -3.34), confidence=1.00
[buoy_visualizer-5] [INFO] [1771741089.397693243] [buoy_visualizer]: Buoy 1: range=8.24m, bearing=-19.2°, position=(7.79, -2.71), confidence=0.62
[buoy_visualizer-5] [INFO] [1771741089.399799056] [buoy_visualizer]: Buoy 2: range=0.51m, bearing=-173.7°, position=(-0.51, -0.06), confidence=1.00
[buoy_visualizer-5] [INFO] [1771741089.401289145] [buoy_visualizer]: Buoy 3: range=9.61m, bearing=45.7°, position=(6.71, 6.88), confidence=1.00
[buoy_visualizer-5] [INFO] [1771741089.402369606] [buoy_visualizer]: Buoy 4: range=6.98m, bearing=33.6°, position=(5.82, 3.86), confidence=0.62
[buoy_visualizer-5] [INFO] [1771741089.403437585] [buoy_visualizer]: Buoy 5: range=7.01m, bearing=67.1°, position=(2.73, 6.45), confidence=1.00
[buoy_visualizer-5] [INFO] [1771741089.409478555] [buoy_visualizer]: Buoy 6: range=9.19m, bearing=-29.2°, position=(8.02, -4.48), confidence=0.25
[buoy_visualizer-5] [INFO] [1771741089.415038404] [buoy_visualizer]: Buoy 7: range=13.84m, bearing=-31.2°, position=(11.84, -7.16), confidence=0.50
[buoy_visualizer-5] [INFO] [1771741089.418375824] [buoy_visualizer]: Published 8 buoy markers
[buoy_visualizer-5] [INFO] [1771741089.519492819] [buoy_visualizer]: Buoy 0: range=3.43m, bearing=-103.7°, position=(-0.81, -3.34), confidence=1.00
[buoy_visualizer-5] [INFO] [1771741089.521351927] [buoy_visualizer]: Buoy 1: range=9.62m, bearing=45.6°, position=(6.72, 6.87), confidence=1.00
[buoy_visualizer-5] [INFO] [1771741089.523528176] [buoy_visualizer]: Buoy 2: range=6.99m, bearing=65.7°, position=(2.87, 6.37), confidence=1.00
[buoy_visualizer-5] [INFO] [1771741089.525134594] [buoy_visualizer]: Buoy 3: range=9.19m, bearing=-29.2°, position=(8.02, -4.48), confidence=0.25
[buoy_visualizer-5] [INFO] [1771741089.529180671] [buoy_visualizer]: Buoy 4: range=13.84m, bearing=-31.2°, position=(11.84, -7.16), confidence=0.50
[buoy_visualizer-5] [INFO] [1771741089.531481442] [buoy_visualizer]: Buoy 5: range=0.48m, bearing=-172.6°, position=(-0.48, -0.06), confidence=1.00
[buoy_visualizer-5] [INFO] [1771741089.533992563] [buoy_visualizer]: Buoy 6: range=6.99m, bearing=33.3°, position=(5.84, 3.84), confidence=0.50
[buoy_visualizer-5] [INFO] [1771741089.538180667] [buoy_visualizer]: Buoy 7: range=9.52m, bearing=-19.0°, position=(9.00, -3.10), confidence=0.25
[buoy_visualizer-5] [INFO] [1771741089.540767441] [buoy_visualizer]: Published 8 buoy markers
[buoy_visualizer-5] [INFO] [1771741089.626198625] [buoy_visualizer]: Buoy 0: range=0.48m, bearing=-172.1°, position=(-0.47, -0.07), confidence=1.00
[buoy_visualizer-5] [INFO] [1771741089.627105569] [buoy_visualizer]: Buoy 1: range=9.57m, bearing=45.1°, position=(6.76, 6.77), confidence=1.00
[buoy_visualizer-5] [INFO] [1771741089.628182606] [buoy_visualizer]: Buoy 2: range=5.53m, bearing=42.3°, position=(4.09, 3.72), confidence=1.00
[buoy_visualizer-5] [INFO] [1771741089.629122704] [buoy_visualizer]: Buoy 3: range=6.97m, bearing=65.4°, position=(2.90, 6.33), confidence=1.00
[buoy_visualizer-5] [INFO] [1771741089.630615577] [buoy_visualizer]: Buoy 4: range=6.99m, bearing=33.3°, position=(5.84, 3.84), confidence=0.50
[buoy_visualizer-5] [INFO] [1771741089.631573021] [buoy_visualizer]: Buoy 5: range=3.44m, bearing=-104.5°, position=(-0.86, -3.33), confidence=1.00
[buoy_visualizer-5] [INFO] [1771741089.632620615] [buoy_visualizer]: Buoy 6: range=6.90m, bearing=-107.2°, position=(-2.04, -6.59), confidence=0.38
[buoy_visualizer-5] [INFO] [1771741089.633498117] [buoy_visualizer]: Buoy 7: range=13.85m, bearing=-32.2°, position=(11.72, -7.39), confidence=0.38
[buoy_visualizer-5] [INFO] [1771741089.634364514] [buoy_visualizer]: Buoy 8: range=9.43m, bearing=-29.8°, position=(8.18, -4.69), confidence=0.50
[buoy_visualizer-5] [INFO] [1771741089.635391883] [buoy_visualizer]: Buoy 9: range=8.61m, bearing=25.9°, position=(7.75, 3.76), confidence=0.25
[buoy_visualizer-5] [INFO] [1771741089.636987643] [buoy_visualizer]: Buoy 10: range=9.52m, bearing=-19.0°, position=(9.00, -3.10), confidence=0.25
[buoy_visualizer-5] [INFO] [1771741089.639317312] [buoy_visualizer]: Published 11 buoy markers
[buoy_visualizer-5] [INFO] [1771741089.749661455] [buoy_visualizer]: Buoy 0: range=0.47m, bearing=-171.7°, position=(-0.47, -0.07), confidence=1.00
[buoy_visualizer-5] [INFO] [1771741089.750628467] [buoy_visualizer]: Buoy 1: range=14.06m, bearing=-34.0°, position=(11.66, -7.86), confidence=0.62
[buoy_visualizer-5] [INFO] [1771741089.751448941] [buoy_visualizer]: Buoy 2: range=9.43m, bearing=-29.8°, position=(8.18, -4.69), confidence=0.50
[buoy_visualizer-5] [INFO] [1771741089.752291881] [buoy_visualizer]: Buoy 3: range=8.61m, bearing=25.9°, position=(7.75, 3.76), confidence=0.25
[buoy_visualizer-5] [INFO] [1771741089.753408919] [buoy_visualizer]: Buoy 4: range=9.62m, bearing=46.4°, position=(6.63, 6.97), confidence=0.62
[buoy_visualizer-5] [INFO] [1771741089.754437408] [buoy_visualizer]: Buoy 5: range=3.44m, bearing=-104.7°, position=(-0.87, -3.33), confidence=1.00
[buoy_visualizer-5] [INFO] [1771741089.755299133] [buoy_visualizer]: Buoy 6: range=10.78m, bearing=-14.8°, position=(10.42, -2.76), confidence=0.25
[buoy_visualizer-5] [INFO] [1771741089.756337894] [buoy_visualizer]: Buoy 7: range=5.53m, bearing=41.6°, position=(4.14, 3.67), confidence=1.00
[buoy_visualizer-5] [INFO] [1771741089.757631202] [buoy_visualizer]: Buoy 8: range=9.49m, bearing=-3.9°, position=(9.47, -0.64), confidence=0.25
[buoy_visualizer-5] [INFO] [1771741089.758654378] [buoy_visualizer]: Buoy 9: range=9.52m, bearing=-19.0°, position=(9.00, -3.10), confidence=0.25
[buoy_visualizer-5] [INFO] [1771741089.759511238] [buoy_visualizer]: Buoy 10: range=12.18m, bearing=-19.6°, position=(11.47, -4.08), confidence=0.25
[buoy_visualizer-5] [INFO] [1771741089.760451561] [buoy_visualizer]: Buoy 11: range=6.97m, bearing=63.7°, position=(3.09, 6.24), confidence=1.00
[buoy_visualizer-5] [INFO] [1771741089.762189507] [buoy_visualizer]: Published 12 buoy markers
[buoy_visualizer-5] [INFO] [1771741089.874426040] [buoy_visualizer]: Buoy 0: range=10.78m, bearing=-14.8°, position=(10.42, -2.76), confidence=0.25
[buoy_visualizer-5] [INFO] [1771741089.875416926] [buoy_visualizer]: Buoy 1: range=0.48m, bearing=-171.9°, position=(-0.47, -0.07), confidence=1.00
[buoy_visualizer-5] [INFO] [1771741089.876500651] [buoy_visualizer]: Buoy 2: range=9.49m, bearing=-3.9°, position=(9.47, -0.64), confidence=0.25
[buoy_visualizer-5] [INFO] [1771741089.877641531] [buoy_visualizer]: Buoy 3: range=3.44m, bearing=-105.3°, position=(-0.91, -3.32), confidence=1.00
[buoy_visualizer-5] [INFO] [1771741089.878620480] [buoy_visualizer]: Buoy 4: range=9.14m, bearing=-20.1°, position=(8.58, -3.15), confidence=0.50
[buoy_visualizer-5] [INFO] [1771741089.879534785] [buoy_visualizer]: Buoy 5: range=6.97m, bearing=63.7°, position=(3.09, 6.24), confidence=1.00
[buoy_visualizer-5] [INFO] [1771741089.880638319] [buoy_visualizer]: Buoy 6: range=9.65m, bearing=46.3°, position=(6.66, 6.97), confidence=0.38
[buoy_visualizer-5] [INFO] [1771741089.881657943] [buoy_visualizer]: Buoy 7: range=14.26m, bearing=-35.6°, position=(11.59, -8.31), confidence=0.38
[buoy_visualizer-5] [INFO] [1771741089.882613690] [buoy_visualizer]: Buoy 8: range=9.48m, bearing=-30.1°, position=(8.20, -4.75), confidence=0.38
[buoy_visualizer-5] [INFO] [1771741089.884290129] [buoy_visualizer]: Published 9 buoy markers
[buoy_visualizer-5] [INFO] [1771741089.993747681] [buoy_visualizer]: Buoy 0: range=9.14m, bearing=-20.1°, position=(8.58, -3.15), confidence=0.50
[buoy_visualizer-5] [INFO] [1771741089.994690788] [buoy_visualizer]: Buoy 1: range=0.48m, bearing=-172.2°, position=(-0.47, -0.06), confidence=1.00
[buoy_visualizer-5] [INFO] [1771741089.995515326] [buoy_visualizer]: Buoy 2: range=6.96m, bearing=63.5°, position=(3.10, 6.23), confidence=1.00
[buoy_visualizer-5] [INFO] [1771741089.996357497] [buoy_visualizer]: Buoy 3: range=9.56m, bearing=43.2°, position=(6.97, 6.55), confidence=1.00
[buoy_visualizer-5] [INFO] [1771741089.997195732] [buoy_visualizer]: Buoy 4: range=14.16m, bearing=-35.7°, position=(11.50, -8.26), confidence=0.88
[buoy_visualizer-5] [INFO] [1771741089.998447533] [buoy_visualizer]: Buoy 5: range=9.51m, bearing=-30.4°, position=(8.20, -4.81), confidence=0.50
[buoy_visualizer-5] [INFO] [1771741089.999350701] [buoy_visualizer]: Buoy 6: range=3.44m, bearing=-105.6°, position=(-0.93, -3.31), confidence=1.00
[buoy_visualizer-5] [INFO] [1771741090.000166502] [buoy_visualizer]: Buoy 7: range=10.92m, bearing=-15.2°, position=(10.54, -2.86), confidence=0.25
[buoy_visualizer-5] [INFO] [1771741090.001524934] [buoy_visualizer]: Published 8 buoy markers
[buoy_visualizer-5] [INFO] [1771741090.100266816] [buoy_visualizer]: Buoy 0: range=9.37m, bearing=-19.9°, position=(8.81, -3.19), confidence=1.00
[buoy_visualizer-5] [INFO] [1771741090.101310442] [buoy_visualizer]: Buoy 1: range=0.49m, bearing=-172.6°, position=(-0.48, -0.06), confidence=1.00
[buoy_visualizer-5] [INFO] [1771741090.102220010] [buoy_visualizer]: Buoy 2: range=6.99m, bearing=63.3°, position=(3.14, 6.24), confidence=1.00
[buoy_visualizer-5] [INFO] [1771741090.103094696] [buoy_visualizer]: Buoy 3: range=9.56m, bearing=43.2°, position=(6.97, 6.55), confidence=1.00
[buoy_visualizer-5] [INFO] [1771741090.103942724] [buoy_visualizer]: Buoy 4: range=14.16m, bearing=-35.7°, position=(11.50, -8.26), confidence=0.88
[buoy_visualizer-5] [INFO] [1771741090.105032049] [buoy_visualizer]: Buoy 5: range=9.51m, bearing=-30.4°, position=(8.20, -4.81), confidence=0.50
[buoy_visualizer-5] [INFO] [1771741090.106134239] [buoy_visualizer]: Buoy 6: range=3.44m, bearing=-105.6°, position=(-0.93, -3.31), confidence=1.00
[buoy_visualizer-5] [INFO] [1771741090.107003772] [buoy_visualizer]: Buoy 7: range=10.92m, bearing=-15.2°, position=(10.54, -2.86), confidence=0.25
[buoy_visualizer-5] [INFO] [1771741090.114389893] [buoy_visualizer]: Published 8 buoy markers
[buoy_visualizer-5] [INFO] [1771741090.215389439] [buoy_visualizer]: Buoy 0: range=14.08m, bearing=-35.3°, position=(11.48, -8.15), confidence=1.00
[buoy_visualizer-5] [INFO] [1771741090.216322145] [buoy_visualizer]: Buoy 1: range=9.51m, bearing=-30.4°, position=(8.20, -4.81), confidence=0.50
[buoy_visualizer-5] [INFO] [1771741090.219182027] [buoy_visualizer]: Buoy 2: range=0.50m, bearing=-172.3°, position=(-0.49, -0.07), confidence=1.00
[buoy_visualizer-5] [INFO] [1771741090.220110796] [buoy_visualizer]: Buoy 3: range=9.55m, bearing=42.4°, position=(7.06, 6.44), confidence=0.88
[buoy_visualizer-5] [INFO] [1771741090.225867331] [buoy_visualizer]: Buoy 4: range=6.99m, bearing=63.3°, position=(3.14, 6.25), confidence=1.00
[buoy_visualizer-5] [INFO] [1771741090.228573218] [buoy_visualizer]: Buoy 5: range=3.44m, bearing=-105.5°, position=(-0.92, -3.31), confidence=1.00
[buoy_visualizer-5] [INFO] [1771741090.231247262] [buoy_visualizer]: Buoy 6: range=10.92m, bearing=-15.2°, position=(10.54, -2.86), confidence=0.25
[buoy_visualizer-5] [INFO] [1771741090.233452570] [buoy_visualizer]: Buoy 7: range=7.04m, bearing=30.2°, position=(6.08, 3.54), confidence=0.50
[buoy_visualizer-5] [INFO] [1771741090.236881164] [buoy_visualizer]: Published 8 buoy markers
[buoy_visualizer-5] [INFO] [1771741090.395995788] [buoy_visualizer]: Buoy 0: range=0.52m, bearing=-173.3°, position=(-0.52, -0.06), confidence=1.00
[buoy_visualizer-5] [INFO] [1771741090.396947023] [buoy_visualizer]: Buoy 1: range=9.51m, bearing=40.3°, position=(7.25, 6.16), confidence=1.00
[buoy_visualizer-5] [INFO] [1771741090.397729222] [buoy_visualizer]: Buoy 2: range=7.02m, bearing=62.2°, position=(3.27, 6.21), confidence=1.00
[buoy_visualizer-5] [INFO] [1771741090.402245221] [buoy_visualizer]: Buoy 3: range=14.15m, bearing=-35.7°, position=(11.49, -8.27), confidence=1.00
[buoy_visualizer-5] [INFO] [1771741090.411776614] [buoy_visualizer]: Buoy 4: range=10.97m, bearing=-15.3°, position=(10.58, -2.89), confidence=0.38
[buoy_visualizer-5] [INFO] [1771741090.414226931] [buoy_visualizer]: Buoy 5: range=3.45m, bearing=-105.1°, position=(-0.90, -3.34), confidence=1.00
[buoy_visualizer-5] [INFO] [1771741090.420721021] [buoy_visualizer]: Buoy 6: range=7.04m, bearing=30.2°, position=(6.08, 3.54), confidence=0.50
[buoy_visualizer-5] [INFO] [1771741090.422335951] [buoy_visualizer]: Published 7 buoy markers
[buoy_visualizer-5] [INFO] [1771741090.502199701] [buoy_visualizer]: Buoy 0: range=3.47m, bearing=-104.6°, position=(-0.87, -3.35), confidence=0.75
[buoy_visualizer-5] [INFO] [1771741090.503121910] [buoy_visualizer]: Buoy 1: range=14.10m, bearing=-35.6°, position=(11.46, -8.20), confidence=1.00
[buoy_visualizer-5] [INFO] [1771741090.503998612] [buoy_visualizer]: Buoy 2: range=11.00m, bearing=-15.1°, position=(10.62, -2.87), confidence=0.25
[buoy_visualizer-5] [INFO] [1771741090.506198703] [buoy_visualizer]: Buoy 3: range=0.47m, bearing=-172.2°, position=(-0.47, -0.06), confidence=1.00
[buoy_visualizer-5] [INFO] [1771741090.507302109] [buoy_visualizer]: Buoy 4: range=9.52m, bearing=41.3°, position=(7.15, 6.29), confidence=1.00
[buoy_visualizer-5] [INFO] [1771741090.508551701] [buoy_visualizer]: Buoy 5: range=5.62m, bearing=39.3°, position=(4.35, 3.56), confidence=1.00
[buoy_visualizer-5] [INFO] [1771741090.511783385] [buoy_visualizer]: Buoy 6: range=7.07m, bearing=61.6°, position=(3.36, 6.22), confidence=1.00
[buoy_visualizer-5] [INFO] [1771741090.514099293] [buoy_visualizer]: Buoy 7: range=7.04m, bearing=30.1°, position=(6.09, 3.53), confidence=0.38
[buoy_visualizer-5] [INFO] [1771741090.515589574] [buoy_visualizer]: Published 8 buoy markers
[buoy_visualizer-5] [INFO] [1771741090.633523947] [buoy_visualizer]: Buoy 0: range=0.48m, bearing=-172.0°, position=(-0.48, -0.07), confidence=1.00
[buoy_visualizer-5] [INFO] [1771741090.634750722] [buoy_visualizer]: Buoy 1: range=7.06m, bearing=61.8°, position=(3.34, 6.22), confidence=1.00
[buoy_visualizer-5] [INFO] [1771741090.636254572] [buoy_visualizer]: Buoy 2: range=7.04m, bearing=30.1°, position=(6.09, 3.53), confidence=0.38
[buoy_visualizer-5] [INFO] [1771741090.637225328] [buoy_visualizer]: Buoy 3: range=3.47m, bearing=-104.0°, position=(-0.84, -3.37), confidence=0.50
[buoy_visualizer-5] [INFO] [1771741090.638144209] [buoy_visualizer]: Buoy 4: range=14.15m, bearing=-35.5°, position=(11.52, -8.21), confidence=0.88
[buoy_visualizer-5] [INFO] [1771741090.638976172] [buoy_visualizer]: Buoy 5: range=5.59m, bearing=40.2°, position=(4.27, 3.61), confidence=1.00
[buoy_visualizer-5] [INFO] [1771741090.639827624] [buoy_visualizer]: Buoy 6: range=9.41m, bearing=39.0°, position=(7.31, 5.93), confidence=0.50
[buoy_visualizer-5] [INFO] [1771741090.641796339] [buoy_visualizer]: Buoy 7: range=11.19m, bearing=-14.7°, position=(10.82, -2.84), confidence=0.25
[buoy_visualizer-5] [INFO] [1771741090.645016022] [buoy_visualizer]: Published 8 buoy markers
[buoy_visualizer-5] [INFO] [1771741090.740543118] [buoy_visualizer]: Buoy 0: range=7.04m, bearing=30.1°, position=(6.09, 3.53), confidence=0.38
[buoy_visualizer-5] [INFO] [1771741090.741514002] [buoy_visualizer]: Buoy 1: range=3.47m, bearing=-104.0°, position=(-0.84, -3.37), confidence=0.50
[buoy_visualizer-5] [INFO] [1771741090.742362062] [buoy_visualizer]: Buoy 2: range=8.68m, bearing=-21.0°, position=(8.10, -3.12), confidence=1.00
[buoy_visualizer-5] [INFO] [1771741090.743197225] [buoy_visualizer]: Buoy 3: range=0.48m, bearing=-171.8°, position=(-0.47, -0.07), confidence=1.00
[buoy_visualizer-5] [INFO] [1771741090.744157517] [buoy_visualizer]: Buoy 4: range=14.15m, bearing=-35.5°, position=(11.52, -8.21), confidence=0.88
[buoy_visualizer-5] [INFO] [1771741090.745075470] [buoy_visualizer]: Buoy 5: range=7.11m, bearing=-22.5°, position=(6.57, -2.72), confidence=1.00
[buoy_visualizer-5] [INFO] [1771741090.745928330] [buoy_visualizer]: Buoy 6: range=5.59m, bearing=40.2°, position=(4.27, 3.61), confidence=1.00
[buoy_visualizer-5] [INFO] [1771741090.746742531] [buoy_visualizer]: Buoy 7: range=9.41m, bearing=39.0°, position=(7.31, 5.93), confidence=0.50
[buoy_visualizer-5] [INFO] [1771741090.747549980] [buoy_visualizer]: Buoy 8: range=7.03m, bearing=62.1°, position=(3.29, 6.21), confidence=1.00
[buoy_visualizer-5] [INFO] [1771741090.748704750] [buoy_visualizer]: Buoy 9: range=9.53m, bearing=-3.1°, position=(9.52, -0.51), confidence=0.38
[buoy_visualizer-5] [INFO] [1771741090.750276477] [buoy_visualizer]: Published 10 buoy markers
[buoy_visualizer-5] [INFO] [1771741090.896622295] [buoy_visualizer]: Buoy 0: range=0.44m, bearing=-171.3°, position=(-0.44, -0.07), confidence=1.00
[buoy_visualizer-5] [INFO] [1771741090.899916096] [buoy_visualizer]: Buoy 1: range=3.50m, bearing=-104.2°, position=(-0.86, -3.39), confidence=0.75
[buoy_visualizer-5] [INFO] [1771741090.903154372] [buoy_visualizer]: Buoy 2: range=5.57m, bearing=40.9°, position=(4.21, 3.65), confidence=1.00
[buoy_visualizer-5] [INFO] [1771741090.904354873] [buoy_visualizer]: Buoy 3: range=9.54m, bearing=41.9°, position=(7.10, 6.37), confidence=1.00
[buoy_visualizer-5] [INFO] [1771741090.905641908] [buoy_visualizer]: Buoy 4: range=7.02m, bearing=63.0°, position=(3.19, 6.26), confidence=1.00
[buoy_visualizer-5] [INFO] [1771741090.906687806] [buoy_visualizer]: Buoy 5: range=14.22m, bearing=-35.2°, position=(11.63, -8.19), confidence=1.00
[buoy_visualizer-5] [INFO] [1771741090.907644289] [buoy_visualizer]: Buoy 6: range=7.04m, bearing=-21.6°, position=(6.55, -2.60), confidence=1.00
[buoy_visualizer-5] [INFO] [1771741090.908634695] [buoy_visualizer]: Buoy 7: range=8.78m, bearing=-20.7°, position=(8.21, -3.11), confidence=1.00
[buoy_visualizer-5] [INFO] [1771741090.909920802] [buoy_visualizer]: Buoy 8: range=5.30m, bearing=-37.8°, position=(4.18, -3.25), confidence=0.75
[buoy_visualizer-5] [INFO] [1771741090.910929481] [buoy_visualizer]: Buoy 9: range=9.53m, bearing=-3.1°, position=(9.52, -0.51), confidence=0.38
[buoy_visualizer-5] [INFO] [1771741090.912958777] [buoy_visualizer]: Published 10 buoy markers
[buoy_visualizer-5] [INFO] [1771741090.995527805] [buoy_visualizer]: Buoy 0: range=9.00m, bearing=-19.6°, position=(8.48, -3.03), confidence=1.00
[buoy_visualizer-5] [INFO] [1771741090.998896395] [buoy_visualizer]: Buoy 1: range=11.85m, bearing=-20.4°, position=(11.11, -4.14), confidence=1.00
[buoy_visualizer-5] [INFO] [1771741091.000755342] [buoy_visualizer]: Buoy 2: range=0.41m, bearing=-169.2°, position=(-0.41, -0.08), confidence=1.00
[buoy_visualizer-5] [INFO] [1771741091.002135760] [buoy_visualizer]: Buoy 3: range=5.59m, bearing=40.9°, position=(4.22, 3.66), confidence=1.00
[buoy_visualizer-5] [INFO] [1771741091.009516216] [buoy_visualizer]: Buoy 4: range=7.03m, bearing=63.6°, position=(3.13, 6.29), confidence=1.00
[buoy_visualizer-5] [INFO] [1771741091.010828117] [buoy_visualizer]: Buoy 5: range=7.04m, bearing=-21.1°, position=(6.57, -2.53), confidence=1.00
[buoy_visualizer-5] [INFO] [1771741091.011661328] [buoy_visualizer]: Buoy 6: range=9.58m, bearing=43.8°, position=(6.91, 6.64), confidence=0.62
[buoy_visualizer-5] [INFO] [1771741091.012474825] [buoy_visualizer]: Buoy 7: range=14.18m, bearing=-34.6°, position=(11.67, -8.04), confidence=0.75
[buoy_visualizer-5] [INFO] [1771741091.013258977] [buoy_visualizer]: Buoy 8: range=11.64m, bearing=-13.3°, position=(11.33, -2.68), confidence=0.25
[buoy_visualizer-5] [INFO] [1771741091.014016918] [buoy_visualizer]: Buoy 9: range=9.52m, bearing=-2.8°, position=(9.51, -0.46), confidence=0.62
[buoy_visualizer-5] [INFO] [1771741091.014758698] [buoy_visualizer]: Buoy 10: range=3.51m, bearing=-104.6°, position=(-0.88, -3.39), confidence=0.38
[buoy_visualizer-5] [INFO] [1771741091.016236467] [buoy_visualizer]: Published 11 buoy markers
[buoy_visualizer-5] [INFO] [1771741091.099987657] [buoy_visualizer]: Buoy 0: range=9.01m, bearing=-20.1°, position=(8.46, -3.10), confidence=1.00
[buoy_visualizer-5] [INFO] [1771741091.100879656] [buoy_visualizer]: Buoy 1: range=0.43m, bearing=-170.0°, position=(-0.42, -0.07), confidence=1.00
[buoy_visualizer-5] [INFO] [1771741091.101611260] [buoy_visualizer]: Buoy 2: range=7.03m, bearing=63.6°, position=(3.13, 6.29), confidence=1.00
[buoy_visualizer-5] [INFO] [1771741091.102315150] [buoy_visualizer]: Buoy 3: range=7.06m, bearing=-21.5°, position=(6.56, -2.59), confidence=1.00
[buoy_visualizer-5] [INFO] [1771741091.103016607] [buoy_visualizer]: Buoy 4: range=9.58m, bearing=43.8°, position=(6.91, 6.64), confidence=0.62
[buoy_visualizer-5] [INFO] [1771741091.106145500] [buoy_visualizer]: Buoy 5: range=14.17m, bearing=-34.5°, position=(11.67, -8.03), confidence=1.00
[buoy_visualizer-5] [INFO] [1771741091.112981214] [buoy_visualizer]: Buoy 6: range=11.70m, bearing=-13.1°, position=(11.39, -2.65), confidence=0.38
[buoy_visualizer-5] [INFO] [1771741091.114913703] [buoy_visualizer]: Buoy 7: range=9.52m, bearing=-2.8°, position=(9.51, -0.46), confidence=0.62
[buoy_visualizer-5] [INFO] [1771741091.117092096] [buoy_visualizer]: Buoy 8: range=3.51m, bearing=-104.6°, position=(-0.88, -3.39), confidence=0.38
[buoy_visualizer-5] [INFO] [1771741091.120213981] [buoy_visualizer]: Buoy 9: range=7.03m, bearing=33.6°, position=(5.86, 3.89), confidence=0.25
[buoy_visualizer-5] [INFO] [1771741091.123387389] [buoy_visualizer]: Published 10 buoy markers
[buoy_visualizer-5] [INFO] [1771741091.215266481] [buoy_visualizer]: Buoy 0: range=14.17m, bearing=-34.5°, position=(11.67, -8.03), confidence=1.00
[buoy_visualizer-5] [INFO] [1771741091.216123661] [buoy_visualizer]: Buoy 1: range=7.20m, bearing=-19.7°, position=(6.78, -2.43), confidence=1.00
[buoy_visualizer-5] [INFO] [1771741091.216839168] [buoy_visualizer]: Buoy 2: range=0.44m, bearing=-170.4°, position=(-0.43, -0.07), confidence=1.00
[buoy_visualizer-5] [INFO] [1771741091.217545298] [buoy_visualizer]: Buoy 3: range=9.52m, bearing=44.8°, position=(6.75, 6.71), confidence=1.00
[buoy_visualizer-5] [INFO] [1771741091.218247523] [buoy_visualizer]: Buoy 4: range=7.00m, bearing=64.4°, position=(3.02, 6.32), confidence=1.00
[buoy_visualizer-5] [INFO] [1771741091.218944628] [buoy_visualizer]: Buoy 5: range=9.25m, bearing=-18.8°, position=(8.76, -2.98), confidence=1.00
[buoy_visualizer-5] [INFO] [1771741091.219637541] [buoy_visualizer]: Buoy 6: range=9.52m, bearing=-2.8°, position=(9.51, -0.46), confidence=0.62
[buoy_visualizer-5] [INFO] [1771741091.230986246] [buoy_visualizer]: Buoy 7: range=3.47m, bearing=-103.3°, position=(-0.80, -3.37), confidence=0.75
[buoy_visualizer-5] [INFO] [1771741091.232228830] [buoy_visualizer]: Buoy 8: range=6.21m, bearing=-29.8°, position=(5.39, -3.08), confidence=0.38
[buoy_visualizer-5] [INFO] [1771741091.233017878] [buoy_visualizer]: Buoy 9: range=7.03m, bearing=33.6°, position=(5.86, 3.89), confidence=0.25
[buoy_visualizer-5] [INFO] [1771741091.234369493] [buoy_visualizer]: Published 10 buoy markers
[buoy_visualizer-5] [INFO] [1771741091.314166197] [buoy_visualizer]: Buoy 0: range=9.52m, bearing=-2.8°, position=(9.51, -0.46), confidence=0.62
[buoy_visualizer-5] [INFO] [1771741091.315408556] [buoy_visualizer]: Buoy 1: range=0.48m, bearing=-171.5°, position=(-0.47, -0.07), confidence=1.00
[buoy_visualizer-5] [INFO] [1771741091.316200708] [buoy_visualizer]: Buoy 2: range=7.02m, bearing=65.5°, position=(2.92, 6.38), confidence=1.00
[buoy_visualizer-5] [INFO] [1771741091.316947833] [buoy_visualizer]: Buoy 3: range=3.45m, bearing=-103.3°, position=(-0.79, -3.36), confidence=1.00
[buoy_visualizer-5] [INFO] [1771741091.317661355] [buoy_visualizer]: Buoy 4: range=14.14m, bearing=-34.2°, position=(11.70, -7.95), confidence=0.75
[buoy_visualizer-5] [INFO] [1771741091.318370749] [buoy_visualizer]: Buoy 5: range=9.49m, bearing=44.4°, position=(6.79, 6.63), confidence=1.00
[buoy_visualizer-5] [INFO] [1771741091.319061902] [buoy_visualizer]: Buoy 6: range=11.89m, bearing=-12.7°, position=(11.60, -2.61), confidence=0.25
[buoy_visualizer-5] [INFO] [1771741091.319750879] [buoy_visualizer]: Buoy 7: range=7.04m, bearing=33.5°, position=(5.87, 3.88), confidence=0.62
[buoy_visualizer-5] [INFO] [1771741091.328662324] [buoy_visualizer]: Published 8 buoy markers
[buoy_visualizer-5] [INFO] [1771741091.432837516] [buoy_visualizer]: Buoy 0: range=3.45m, bearing=-103.3°, position=(-0.79, -3.36), confidence=1.00
[buoy_visualizer-5] [INFO] [1771741091.434033376] [buoy_visualizer]: Buoy 1: range=14.14m, bearing=-34.2°, position=(11.70, -7.95), confidence=0.75
[buoy_visualizer-5] [INFO] [1771741091.444769238] [buoy_visualizer]: Buoy 2: range=0.46m, bearing=-171.2°, position=(-0.46, -0.07), confidence=1.00
[buoy_visualizer-5] [INFO] [1771741091.446170873] [buoy_visualizer]: Buoy 3: range=9.49m, bearing=44.4°, position=(6.79, 6.63), confidence=1.00
[buoy_visualizer-5] [INFO] [1771741091.447038486] [buoy_visualizer]: Buoy 4: range=7.02m, bearing=65.7°, position=(2.88, 6.40), confidence=1.00
[buoy_visualizer-5] [INFO] [1771741091.447822733] [buoy_visualizer]: Buoy 5: range=11.89m, bearing=-12.7°, position=(11.60, -2.61), confidence=0.25
[buoy_visualizer-5] [INFO] [1771741091.448575650] [buoy_visualizer]: Buoy 6: range=9.47m, bearing=-2.0°, position=(9.46, -0.33), confidence=0.38
[buoy_visualizer-5] [INFO] [1771741091.449325303] [buoy_visualizer]: Buoy 7: range=7.04m, bearing=33.5°, position=(5.87, 3.88), confidence=0.62
[buoy_visualizer-5] [INFO] [1771741091.450583216] [buoy_visualizer]: Published 8 buoy markers
[buoy_visualizer-5] [INFO] [1771741091.531466300] [buoy_visualizer]: Buoy 0: range=9.47m, bearing=-2.0°, position=(9.46, -0.33), confidence=0.38
[buoy_visualizer-5] [INFO] [1771741091.532335322] [buoy_visualizer]: Buoy 1: range=0.46m, bearing=-171.0°, position=(-0.46, -0.07), confidence=1.00
[buoy_visualizer-5] [INFO] [1771741091.533084110] [buoy_visualizer]: Buoy 2: range=7.02m, bearing=66.0°, position=(2.85, 6.42), confidence=1.00
[buoy_visualizer-5] [INFO] [1771741091.534788903] [buoy_visualizer]: Buoy 3: range=7.04m, bearing=33.5°, position=(5.87, 3.88), confidence=0.62
[buoy_visualizer-5] [INFO] [1771741091.535909750] [buoy_visualizer]: Buoy 4: range=14.12m, bearing=-33.8°, position=(11.74, -7.85), confidence=0.38
[buoy_visualizer-5] [INFO] [1771741091.536698733] [buoy_visualizer]: Buoy 5: range=9.38m, bearing=43.8°, position=(6.77, 6.50), confidence=1.00
[buoy_visualizer-5] [INFO] [1771741091.537430337] [buoy_visualizer]: Buoy 6: range=3.42m, bearing=-102.7°, position=(-0.75, -3.34), confidence=0.88
[buoy_visualizer-5] [INFO] [1771741091.538629302] [buoy_visualizer]: Published 7 buoy markers
[buoy_visualizer-5] [INFO] [1771741091.653467518] [buoy_visualizer]: Buoy 0: range=0.47m, bearing=-171.5°, position=(-0.47, -0.07), confidence=1.00
[buoy_visualizer-5] [INFO] [1771741091.654302841] [buoy_visualizer]: Buoy 1: range=7.04m, bearing=33.5°, position=(5.87, 3.88), confidence=0.62
[buoy_visualizer-5] [INFO] [1771741091.655024460] [buoy_visualizer]: Buoy 2: range=14.12m, bearing=-33.8°, position=(11.74, -7.85), confidence=0.38
[buoy_visualizer-5] [INFO] [1771741091.655744063] [buoy_visualizer]: Buoy 3: range=9.38m, bearing=43.8°, position=(6.77, 6.50), confidence=1.00
[buoy_visualizer-5] [INFO] [1771741091.656481683] [buoy_visualizer]: Buoy 4: range=7.05m, bearing=66.1°, position=(2.86, 6.45), confidence=1.00
[buoy_visualizer-5] [INFO] [1771741091.657197829] [buoy_visualizer]: Buoy 5: range=3.43m, bearing=-102.7°, position=(-0.75, -3.35), confidence=1.00
[buoy_visualizer-5] [INFO] [1771741091.658322005] [buoy_visualizer]: Published 6 buoy markers
[buoy_visualizer-5] [INFO] [1771741091.774350225] [buoy_visualizer]: Buoy 0: range=0.45m, bearing=-171.7°, position=(-0.44, -0.07), confidence=1.00
[buoy_visualizer-5] [INFO] [1771741091.775392635] [buoy_visualizer]: Buoy 1: range=9.41m, bearing=44.0°, position=(6.77, 6.53), confidence=1.00
[buoy_visualizer-5] [INFO] [1771741091.776274009] [buoy_visualizer]: Buoy 2: range=7.04m, bearing=66.5°, position=(2.81, 6.45), confidence=1.00
[buoy_visualizer-5] [INFO] [1771741091.777109268] [buoy_visualizer]: Buoy 3: range=3.43m, bearing=-102.7°, position=(-0.75, -3.35), confidence=1.00
[buoy_visualizer-5] [INFO] [1771741091.777930254] [buoy_visualizer]: Buoy 4: range=7.05m, bearing=33.4°, position=(5.88, 3.88), confidence=0.38
[buoy_visualizer-5] [INFO] [1771741091.778738023] [buoy_visualizer]: Buoy 5: range=14.02m, bearing=-32.3°, position=(11.85, -7.48), confidence=0.25
[buoy_visualizer-5] [INFO] [1771741091.780369562] [buoy_visualizer]: Published 6 buoy markers
[buoy_visualizer-5] [INFO] [1771741091.895057080] [buoy_visualizer]: Buoy 0: range=9.40m, bearing=42.8°, position=(6.90, 6.38), confidence=1.00
[buoy_visualizer-5] [INFO] [1771741091.896159526] [buoy_visualizer]: Buoy 1: range=7.05m, bearing=66.2°, position=(2.84, 6.46), confidence=1.00
[buoy_visualizer-5] [INFO] [1771741091.897169101] [buoy_visualizer]: Buoy 2: range=0.46m, bearing=-171.7°, position=(-0.45, -0.07), confidence=1.00
[buoy_visualizer-5] [INFO] [1771741091.898150482] [buoy_visualizer]: Buoy 3: range=7.05m, bearing=33.4°, position=(5.88, 3.88), confidence=0.38
[buoy_visualizer-5] [INFO] [1771741091.899019056] [buoy_visualizer]: Buoy 4: range=3.43m, bearing=-103.1°, position=(-0.78, -3.34), confidence=1.00
[buoy_visualizer-5] [INFO] [1771741091.899888653] [buoy_visualizer]: Buoy 5: range=10.68m, bearing=-13.2°, position=(10.39, -2.44), confidence=0.25
[buoy_visualizer-5] [INFO] [1771741091.906113412] [buoy_visualizer]: Buoy 6: range=14.11m, bearing=-32.3°, position=(11.93, -7.53), confidence=0.50
[buoy_visualizer-5] [INFO] [1771741091.909205246] [buoy_visualizer]: Published 7 buoy markers
[buoy_visualizer-5] [INFO] [1771741091.995712888] [buoy_visualizer]: Buoy 0: range=0.46m, bearing=-172.4°, position=(-0.46, -0.06), confidence=1.00
[buoy_visualizer-5] [INFO] [1771741091.997538136] [buoy_visualizer]: Buoy 1: range=7.05m, bearing=66.2°, position=(2.84, 6.45), confidence=1.00
[buoy_visualizer-5] [INFO] [1771741091.999203630] [buoy_visualizer]: Buoy 2: range=12.26m, bearing=-26.4°, position=(10.98, -5.46), confidence=1.00
[buoy_visualizer-5] [INFO] [1771741092.001781700] [buoy_visualizer]: Buoy 3: range=5.35m, bearing=-35.5°, position=(4.35, -3.11), confidence=1.00
[buoy_visualizer-5] [INFO] [1771741092.003687018] [buoy_visualizer]: Buoy 4: range=10.68m, bearing=-13.2°, position=(10.39, -2.44), confidence=0.25
[buoy_visualizer-5] [INFO] [1771741092.005486537] [buoy_visualizer]: Buoy 5: range=9.38m, bearing=43.3°, position=(6.83, 6.43), confidence=0.50
[buoy_visualizer-5] [INFO] [1771741092.008784658] [buoy_visualizer]: Buoy 6: range=14.11m, bearing=-32.3°, position=(11.93, -7.53), confidence=0.50
[buoy_visualizer-5] [INFO] [1771741092.009791161] [buoy_visualizer]: Buoy 7: range=3.44m, bearing=-103.1°, position=(-0.78, -3.35), confidence=1.00
[buoy_visualizer-5] [INFO] [1771741092.010811777] [buoy_visualizer]: Buoy 8: range=11.84m, bearing=-19.7°, position=(11.15, -3.99), confidence=0.75
[buoy_visualizer-5] [INFO] [1771741092.012248198] [buoy_visualizer]: Published 9 buoy markers
[buoy_visualizer-5] [INFO] [1771741092.102261845] [buoy_visualizer]: Buoy 0: range=5.32m, bearing=-35.2°, position=(4.35, -3.07), confidence=1.00
[buoy_visualizer-5] [INFO] [1771741092.103539792] [buoy_visualizer]: Buoy 1: range=10.63m, bearing=-12.7°, position=(10.37, -2.34), confidence=0.38
[buoy_visualizer-5] [INFO] [1771741092.104811881] [buoy_visualizer]: Buoy 2: range=0.45m, bearing=-171.1°, position=(-0.45, -0.07), confidence=1.00
[buoy_visualizer-5] [INFO] [1771741092.105950554] [buoy_visualizer]: Buoy 3: range=9.31m, bearing=43.3°, position=(6.78, 6.38), confidence=0.88
[buoy_visualizer-5] [INFO] [1771741092.106970562] [buoy_visualizer]: Buoy 4: range=7.04m, bearing=66.4°, position=(2.82, 6.45), confidence=1.00
[buoy_visualizer-5] [INFO] [1771741092.108001354] [buoy_visualizer]: Buoy 5: range=14.11m, bearing=-32.3°, position=(11.93, -7.53), confidence=0.50
[buoy_visualizer-5] [INFO] [1771741092.109540215] [buoy_visualizer]: Buoy 6: range=3.43m, bearing=-103.2°, position=(-0.78, -3.34), confidence=1.00
[buoy_visualizer-5] [INFO] [1771741092.110925209] [buoy_visualizer]: Buoy 7: range=1.24m, bearing=39.8°, position=(0.95, 0.79), confidence=0.25
[buoy_visualizer-5] [INFO] [1771741092.112206739] [buoy_visualizer]: Buoy 8: range=6.97m, bearing=34.0°, position=(5.78, 3.90), confidence=0.25
[buoy_visualizer-5] [INFO] [1771741092.113513775] [buoy_visualizer]: Published 9 buoy markers
[buoy_visualizer-5] [INFO] [1771741092.235875625] [buoy_visualizer]: Buoy 0: range=0.49m, bearing=-172.7°, position=(-0.49, -0.06), confidence=1.00
[buoy_visualizer-5] [INFO] [1771741092.236897009] [buoy_visualizer]: Buoy 1: range=7.08m, bearing=66.4°, position=(2.83, 6.49), confidence=1.00
[buoy_visualizer-5] [INFO] [1771741092.237805073] [buoy_visualizer]: Buoy 2: range=3.43m, bearing=-103.0°, position=(-0.77, -3.34), confidence=1.00
[buoy_visualizer-5] [INFO] [1771741092.238664718] [buoy_visualizer]: Buoy 3: range=5.33m, bearing=-34.9°, position=(4.37, -3.05), confidence=1.00
[buoy_visualizer-5] [INFO] [1771741092.239527658] [buoy_visualizer]: Buoy 4: range=14.11m, bearing=-32.2°, position=(11.95, -7.52), confidence=0.38
[buoy_visualizer-5] [INFO] [1771741092.240388903] [buoy_visualizer]: Buoy 5: range=9.32m, bearing=43.9°, position=(6.71, 6.47), confidence=0.62
[buoy_visualizer-5] [INFO] [1771741092.241207169] [buoy_visualizer]: Buoy 6: range=1.24m, bearing=39.8°, position=(0.95, 0.79), confidence=0.25
[buoy_visualizer-5] [INFO] [1771741092.242026491] [buoy_visualizer]: Buoy 7: range=6.97m, bearing=34.0°, position=(5.78, 3.90), confidence=0.25
[buoy_visualizer-5] [INFO] [1771741092.243396507] [buoy_visualizer]: Published 8 buoy markers
[buoy_visualizer-5] [INFO] [1771741092.357698396] [buoy_visualizer]: Buoy 0: range=14.11m, bearing=-32.2°, position=(11.95, -7.52), confidence=0.38
[buoy_visualizer-5] [INFO] [1771741092.358842157] [buoy_visualizer]: Buoy 1: range=9.32m, bearing=43.9°, position=(6.71, 6.47), confidence=0.62
[buoy_visualizer-5] [INFO] [1771741092.360053154] [buoy_visualizer]: Buoy 2: range=0.49m, bearing=-173.1°, position=(-0.48, -0.06), confidence=1.00
[buoy_visualizer-5] [INFO] [1771741092.361635986] [buoy_visualizer]: Buoy 3: range=7.05m, bearing=67.0°, position=(2.76, 6.49), confidence=1.00
[buoy_visualizer-5] [INFO] [1771741092.363004659] [buoy_visualizer]: Buoy 4: range=3.44m, bearing=-103.0°, position=(-0.77, -3.35), confidence=1.00
[buoy_visualizer-5] [INFO] [1771741092.364339025] [buoy_visualizer]: Buoy 5: range=5.30m, bearing=-35.0°, position=(4.34, -3.04), confidence=0.88
[buoy_visualizer-5] [INFO] [1771741092.365629068] [buoy_visualizer]: Buoy 6: range=1.26m, bearing=38.5°, position=(0.99, 0.79), confidence=0.38
[buoy_visualizer-5] [INFO] [1771741092.366757307] [buoy_visualizer]: Buoy 7: range=6.97m, bearing=34.0°, position=(5.78, 3.90), confidence=0.25
[buoy_visualizer-5] [INFO] [1771741092.368779242] [buoy_visualizer]: Published 8 buoy markers
[buoy_visualizer-5] [INFO] [1771741092.492214063] [buoy_visualizer]: Buoy 0: range=0.51m, bearing=-172.8°, position=(-0.50, -0.06), confidence=1.00
[buoy_visualizer-5] [INFO] [1771741092.493079852] [buoy_visualizer]: Buoy 1: range=3.42m, bearing=-102.6°, position=(-0.75, -3.34), confidence=1.00
[buoy_visualizer-5] [INFO] [1771741092.493859491] [buoy_visualizer]: Buoy 2: range=7.52m, bearing=-17.4°, position=(7.18, -2.25), confidence=1.00
[buoy_visualizer-5] [INFO] [1771741092.494611416] [buoy_visualizer]: Buoy 3: range=7.08m, bearing=66.5°, position=(2.82, 6.49), confidence=1.00
[buoy_visualizer-5] [INFO] [1771741092.495506519] [buoy_visualizer]: Buoy 4: range=14.25m, bearing=-32.4°, position=(12.04, -7.63), confidence=0.50
[buoy_visualizer-5] [INFO] [1771741092.497002657] [buoy_visualizer]: Buoy 5: range=9.38m, bearing=44.9°, position=(6.64, 6.62), confidence=0.75
[buoy_visualizer-5] [INFO] [1771741092.497918562] [buoy_visualizer]: Buoy 6: range=1.18m, bearing=37.5°, position=(0.94, 0.72), confidence=0.62
[buoy_visualizer-5] [INFO] [1771741092.498760285] [buoy_visualizer]: Buoy 7: range=6.97m, bearing=34.0°, position=(5.78, 3.90), confidence=0.25
[buoy_visualizer-5] [INFO] [1771741092.500560668] [buoy_visualizer]: Buoy 8: range=9.40m, bearing=3.9°, position=(9.38, 0.65), confidence=0.25
[buoy_visualizer-5] [INFO] [1771741092.502278325] [buoy_visualizer]: Published 9 buoy markers
[buoy_visualizer-5] [INFO] [1771741092.595215891] [buoy_visualizer]: Buoy 0: range=10.79m, bearing=-22.6°, position=(9.96, -4.15), confidence=0.25
[buoy_visualizer-5] [INFO] [1771741092.598465624] [buoy_visualizer]: Buoy 1: range=12.57m, bearing=-23.4°, position=(11.54, -4.99), confidence=0.88
[buoy_visualizer-5] [INFO] [1771741092.599595944] [buoy_visualizer]: Buoy 2: range=0.49m, bearing=-172.1°, position=(-0.49, -0.07), confidence=1.00
[buoy_visualizer-5] [INFO] [1771741092.602692354] [buoy_visualizer]: Buoy 3: range=1.18m, bearing=37.2°, position=(0.94, 0.71), confidence=0.62
[buoy_visualizer-5] [INFO] [1771741092.603512092] [buoy_visualizer]: Buoy 4: range=3.41m, bearing=-102.0°, position=(-0.71, -3.34), confidence=1.00
[buoy_visualizer-5] [INFO] [1771741092.604285043] [buoy_visualizer]: Buoy 5: range=5.41m, bearing=-34.2°, position=(4.47, -3.04), confidence=1.00
[buoy_visualizer-5] [INFO] [1771741092.605050889] [buoy_visualizer]: Buoy 6: range=7.31m, bearing=-18.6°, position=(6.93, -2.33), confidence=1.00
[buoy_visualizer-5] [INFO] [1771741092.607823564] [buoy_visualizer]: Buoy 7: range=10.64m, bearing=-11.4°, position=(10.43, -2.10), confidence=0.25
[buoy_visualizer-5] [INFO] [1771741092.608871094] [buoy_visualizer]: Buoy 8: range=9.41m, bearing=45.4°, position=(6.61, 6.70), confidence=0.88
[buoy_visualizer-5] [INFO] [1771741092.611592598] [buoy_visualizer]: Buoy 9: range=7.10m, bearing=66.9°, position=(2.79, 6.53), confidence=1.00
[buoy_visualizer-5] [INFO] [1771741092.612776138] [buoy_visualizer]: Buoy 10: range=9.20m, bearing=-14.7°, position=(8.90, -2.34), confidence=0.50
[buoy_visualizer-5] [INFO] [1771741092.613715436] [buoy_visualizer]: Buoy 11: range=12.02m, bearing=-15.2°, position=(11.59, -3.16), confidence=0.62
[buoy_visualizer-5] [INFO] [1771741092.614915457] [buoy_visualizer]: Buoy 12: range=14.30m, bearing=-32.5°, position=(12.07, -7.68), confidence=0.25
[buoy_visualizer-5] [INFO] [1771741092.615718425] [buoy_visualizer]: Buoy 13: range=9.40m, bearing=3.9°, position=(9.38, 0.65), confidence=0.25
[buoy_visualizer-5] [INFO] [1771741092.617474357] [buoy_visualizer]: Published 14 buoy markers
[buoy_visualizer-5] [INFO] [1771741092.729229762] [buoy_visualizer]: Buoy 0: range=10.79m, bearing=-22.6°, position=(9.96, -4.15), confidence=0.25
[buoy_visualizer-5] [INFO] [1771741092.730952028] [buoy_visualizer]: Buoy 1: range=12.57m, bearing=-23.4°, position=(11.54, -4.99), confidence=0.88
[buoy_visualizer-5] [INFO] [1771741092.732628946] [buoy_visualizer]: Buoy 2: range=0.49m, bearing=-172.3°, position=(-0.49, -0.07), confidence=1.00
[buoy_visualizer-5] [INFO] [1771741092.734099866] [buoy_visualizer]: Buoy 3: range=1.13m, bearing=37.5°, position=(0.90, 0.69), confidence=0.88
[buoy_visualizer-5] [INFO] [1771741092.736118536] [buoy_visualizer]: Buoy 4: range=3.42m, bearing=-102.2°, position=(-0.72, -3.35), confidence=1.00
[buoy_visualizer-5] [INFO] [1771741092.739375118] [buoy_visualizer]: Buoy 5: range=7.31m, bearing=-18.6°, position=(6.93, -2.33), confidence=1.00
[buoy_visualizer-5] [INFO] [1771741092.742248313] [buoy_visualizer]: Buoy 6: range=10.64m, bearing=-11.4°, position=(10.43, -2.10), confidence=0.25
[buoy_visualizer-5] [INFO] [1771741092.746274965] [buoy_visualizer]: Buoy 7: range=9.46m, bearing=45.9°, position=(6.58, 6.79), confidence=1.00
[buoy_visualizer-5] [INFO] [1771741092.747867621] [buoy_visualizer]: Buoy 8: range=7.07m, bearing=67.6°, position=(2.69, 6.54), confidence=1.00
[buoy_visualizer-5] [INFO] [1771741092.749772172] [buoy_visualizer]: Buoy 9: range=9.20m, bearing=-14.7°, position=(8.90, -2.34), confidence=0.50
[buoy_visualizer-5] [INFO] [1771741092.750821142] [buoy_visualizer]: Buoy 10: range=11.95m, bearing=-14.5°, position=(11.57, -2.99), confidence=0.75
[buoy_visualizer-5] [INFO] [1771741092.751737846] [buoy_visualizer]: Buoy 11: range=14.19m, bearing=-31.9°, position=(12.04, -7.50), confidence=0.38
[buoy_visualizer-5] [INFO] [1771741092.752850853] [buoy_visualizer]: Buoy 12: range=9.40m, bearing=3.9°, position=(9.38, 0.65), confidence=0.25
[buoy_visualizer-5] [INFO] [1771741092.754524667] [buoy_visualizer]: Published 13 buoy markers
[buoy_visualizer-5] [INFO] [1771741092.876481880] [buoy_visualizer]: Buoy 0: range=7.04m, bearing=68.1°, position=(2.63, 6.53), confidence=1.00
[buoy_visualizer-5] [INFO] [1771741092.877477630] [buoy_visualizer]: Buoy 1: range=0.50m, bearing=-173.2°, position=(-0.50, -0.06), confidence=1.00
[buoy_visualizer-5] [INFO] [1771741092.879124978] [buoy_visualizer]: Buoy 2: range=1.12m, bearing=37.1°, position=(0.89, 0.67), confidence=0.75
[buoy_visualizer-5] [INFO] [1771741092.882223181] [buoy_visualizer]: Buoy 3: range=7.34m, bearing=-18.3°, position=(6.97, -2.31), confidence=1.00
[buoy_visualizer-5] [INFO] [1771741092.883874945] [buoy_visualizer]: Buoy 4: range=3.42m, bearing=-101.8°, position=(-0.70, -3.35), confidence=0.88
[buoy_visualizer-5] [INFO] [1771741092.884837669] [buoy_visualizer]: Buoy 5: range=14.19m, bearing=-31.9°, position=(12.04, -7.50), confidence=0.38
[buoy_visualizer-5] [INFO] [1771741092.887284050] [buoy_visualizer]: Buoy 6: range=9.41m, bearing=2.3°, position=(9.40, 0.37), confidence=0.38
[buoy_visualizer-5] [INFO] [1771741092.889080401] [buoy_visualizer]: Buoy 7: range=9.57m, bearing=45.8°, position=(6.67, 6.86), confidence=1.00
[buoy_visualizer-5] [INFO] [1771741092.890197856] [buoy_visualizer]: Buoy 8: range=9.45m, bearing=-14.1°, position=(9.17, -2.30), confidence=0.25
[buoy_visualizer-5] [INFO] [1771741092.892742419] [buoy_visualizer]: Buoy 9: range=11.97m, bearing=-13.1°, position=(11.66, -2.72), confidence=0.38
[buoy_visualizer-5] [INFO] [1771741092.895211521] [buoy_visualizer]: Published 10 buoy markers
[buoy_visualizer-5] [INFO] [1771741093.023950492] [buoy_visualizer]: Buoy 0: range=14.26m, bearing=-32.7°, position=(12.00, -7.70), confidence=0.62
[buoy_visualizer-5] [INFO] [1771741093.025130544] [buoy_visualizer]: Buoy 1: range=9.41m, bearing=2.3°, position=(9.40, 0.37), confidence=0.38
[buoy_visualizer-5] [INFO] [1771741093.026014062] [buoy_visualizer]: Buoy 2: range=9.54m, bearing=45.8°, position=(6.65, 6.84), confidence=1.00
[buoy_visualizer-5] [INFO] [1771741093.026764323] [buoy_visualizer]: Buoy 3: range=0.46m, bearing=-171.1°, position=(-0.46, -0.07), confidence=1.00
[buoy_visualizer-5] [INFO] [1771741093.027638144] [buoy_visualizer]: Buoy 4: range=1.08m, bearing=37.3°, position=(0.86, 0.65), confidence=0.62
[buoy_visualizer-5] [INFO] [1771741093.028620038] [buoy_visualizer]: Buoy 5: range=3.41m, bearing=-102.2°, position=(-0.72, -3.34), confidence=1.00
[buoy_visualizer-5] [INFO] [1771741093.031444557] [buoy_visualizer]: Buoy 6: range=9.45m, bearing=-14.1°, position=(9.17, -2.30), confidence=0.25
[buoy_visualizer-5] [INFO] [1771741093.032496631] [buoy_visualizer]: Buoy 7: range=11.97m, bearing=-13.1°, position=(11.66, -2.72), confidence=0.38
[buoy_visualizer-5] [INFO] [1771741093.033346387] [buoy_visualizer]: Buoy 8: range=7.15m, bearing=-14.4°, position=(6.93, -1.77), confidence=1.00
[buoy_visualizer-5] [INFO] [1771741093.034300086] [buoy_visualizer]: Buoy 9: range=7.03m, bearing=68.5°, position=(2.58, 6.54), confidence=1.00
[buoy_visualizer-5] [INFO] [1771741093.036013999] [buoy_visualizer]: Buoy 10: range=12.11m, bearing=-20.4°, position=(11.35, -4.22), confidence=0.38
[buoy_visualizer-5] [INFO] [1771741093.036884877] [buoy_visualizer]: Buoy 11: range=6.96m, bearing=33.9°, position=(5.78, 3.88), confidence=0.25
[buoy_visualizer-5] [INFO] [1771741093.042091420] [buoy_visualizer]: Published 12 buoy markers
[buoy_visualizer-5] [INFO] [1771741093.117030562] [buoy_visualizer]: Buoy 0: range=9.45m, bearing=-14.1°, position=(9.17, -2.30), confidence=0.25
[buoy_visualizer-5] [INFO] [1771741093.118219798] [buoy_visualizer]: Buoy 1: range=11.96m, bearing=-12.0°, position=(11.70, -2.48), confidence=0.75
[buoy_visualizer-5] [INFO] [1771741093.120278375] [buoy_visualizer]: Buoy 2: range=7.15m, bearing=-14.4°, position=(6.93, -1.77), confidence=1.00
[buoy_visualizer-5] [INFO] [1771741093.122302454] [buoy_visualizer]: Buoy 3: range=9.51m, bearing=45.5°, position=(6.66, 6.79), confidence=1.00
[buoy_visualizer-5] [INFO] [1771741093.123641524] [buoy_visualizer]: Buoy 4: range=7.02m, bearing=68.0°, position=(2.64, 6.51), confidence=1.00
[buoy_visualizer-5] [INFO] [1771741093.124922639] [buoy_visualizer]: Buoy 5: range=0.47m, bearing=-172.6°, position=(-0.47, -0.06), confidence=1.00
[buoy_visualizer-5] [INFO] [1771741093.128649334] [buoy_visualizer]: Buoy 6: range=1.13m, bearing=35.9°, position=(0.92, 0.66), confidence=0.75
[buoy_visualizer-5] [INFO] [1771741093.141117061] [buoy_visualizer]: Buoy 7: range=7.52m, bearing=-21.4°, position=(7.00, -2.75), confidence=1.00
[buoy_visualizer-5] [INFO] [1771741093.142330715] [buoy_visualizer]: Buoy 8: range=14.09m, bearing=-32.2°, position=(11.92, -7.50), confidence=0.62
[buoy_visualizer-5] [INFO] [1771741093.143641431] [buoy_visualizer]: Buoy 9: range=3.45m, bearing=-103.0°, position=(-0.78, -3.36), confidence=1.00
[buoy_visualizer-5] [INFO] [1771741093.144555896] [buoy_visualizer]: Buoy 10: range=11.62m, bearing=-20.2°, position=(10.90, -4.01), confidence=0.88
[buoy_visualizer-5] [INFO] [1771741093.145413940] [buoy_visualizer]: Buoy 11: range=9.52m, bearing=-0.6°, position=(9.52, -0.10), confidence=0.50
[buoy_visualizer-5] [INFO] [1771741093.146260208] [buoy_visualizer]: Buoy 12: range=6.96m, bearing=33.9°, position=(5.78, 3.88), confidence=0.25
[buoy_visualizer-5] [INFO] [1771741093.149840717] [buoy_visualizer]: Published 13 buoy markers
[buoy_visualizer-5] [INFO] [1771741093.244685487] [buoy_visualizer]: Buoy 0: range=0.43m, bearing=-171.0°, position=(-0.43, -0.07), confidence=1.00
[buoy_visualizer-5] [INFO] [1771741093.245519658] [buoy_visualizer]: Buoy 1: range=14.09m, bearing=-32.2°, position=(11.92, -7.50), confidence=0.62
[buoy_visualizer-5] [INFO] [1771741093.246240317] [buoy_visualizer]: Buoy 2: range=11.88m, bearing=-10.7°, position=(11.68, -2.21), confidence=0.50
[buoy_visualizer-5] [INFO] [1771741093.247134204] [buoy_visualizer]: Buoy 3: range=9.54m, bearing=45.9°, position=(6.64, 6.85), confidence=1.00
[buoy_visualizer-5] [INFO] [1771741093.254455360] [buoy_visualizer]: Buoy 4: range=7.08m, bearing=66.7°, position=(2.80, 6.51), confidence=1.00
[buoy_visualizer-5] [INFO] [1771741093.256040464] [buoy_visualizer]: Buoy 5: range=1.11m, bearing=35.4°, position=(0.90, 0.64), confidence=0.62
[buoy_visualizer-5] [INFO] [1771741093.257220771] [buoy_visualizer]: Buoy 6: range=3.45m, bearing=-103.0°, position=(-0.78, -3.36), confidence=1.00
[buoy_visualizer-5] [INFO] [1771741093.259665392] [buoy_visualizer]: Buoy 7: range=11.62m, bearing=-19.9°, position=(10.93, -3.95), confidence=1.00
[buoy_visualizer-5] [INFO] [1771741093.261195836] [buoy_visualizer]: Buoy 8: range=9.51m, bearing=-1.2°, position=(9.51, -0.21), confidence=0.62
[buoy_visualizer-5] [INFO] [1771741093.262226852] [buoy_visualizer]: Buoy 9: range=6.98m, bearing=34.2°, position=(5.77, 3.92), confidence=0.38
[buoy_visualizer-5] [INFO] [1771741093.265424262] [buoy_visualizer]: Published 10 buoy markers
[buoy_visualizer-5] [INFO] [1771741093.367143661] [buoy_visualizer]: Buoy 0: range=0.42m, bearing=-170.5°, position=(-0.42, -0.07), confidence=1.00
[buoy_visualizer-5] [INFO] [1771741093.368089296] [buoy_visualizer]: Buoy 1: range=9.54m, bearing=45.8°, position=(6.65, 6.84), confidence=1.00
[buoy_visualizer-5] [INFO] [1771741093.368875719] [buoy_visualizer]: Buoy 2: range=5.58m, bearing=43.6°, position=(4.05, 3.85), confidence=1.00
[buoy_visualizer-5] [INFO] [1771741093.369630973] [buoy_visualizer]: Buoy 3: range=7.11m, bearing=65.8°, position=(2.91, 6.49), confidence=1.00
[buoy_visualizer-5] [INFO] [1771741093.370359568] [buoy_visualizer]: Buoy 4: range=11.70m, bearing=-19.0°, position=(11.06, -3.81), confidence=1.00
[buoy_visualizer-5] [INFO] [1771741093.371093732] [buoy_visualizer]: Buoy 5: range=9.51m, bearing=-1.2°, position=(9.51, -0.21), confidence=0.62
[buoy_visualizer-5] [INFO] [1771741093.371822487] [buoy_visualizer]: Buoy 6: range=6.98m, bearing=34.2°, position=(5.77, 3.92), confidence=0.38
[buoy_visualizer-5] [INFO] [1771741093.372639537] [buoy_visualizer]: Buoy 7: range=3.43m, bearing=-103.0°, position=(-0.77, -3.34), confidence=0.88
[buoy_visualizer-5] [INFO] [1771741093.373388038] [buoy_visualizer]: Buoy 8: range=14.07m, bearing=-32.2°, position=(11.90, -7.50), confidence=0.62
[buoy_visualizer-5] [INFO] [1771741093.374123545] [buoy_visualizer]: Buoy 9: range=11.95m, bearing=-10.8°, position=(11.74, -2.24), confidence=0.38
[buoy_visualizer-5] [INFO] [1771741093.375368753] [buoy_visualizer]: Buoy 10: range=1.18m, bearing=33.7°, position=(0.98, 0.65), confidence=0.38
[buoy_visualizer-5] [INFO] [1771741093.380662471] [buoy_visualizer]: Published 11 buoy markers
[buoy_visualizer-5] [INFO] [1771741093.484244145] [buoy_visualizer]: Buoy 0: range=7.13m, bearing=65.6°, position=(2.94, 6.49), confidence=1.00
[buoy_visualizer-5] [INFO] [1771741093.485107470] [buoy_visualizer]: Buoy 1: range=7.23m, bearing=-19.8°, position=(6.80, -2.45), confidence=1.00
[buoy_visualizer-5] [INFO] [1771741093.485989068] [buoy_visualizer]: Buoy 2: range=0.43m, bearing=-170.9°, position=(-0.43, -0.07), confidence=1.00
[buoy_visualizer-5] [INFO] [1771741093.486831080] [buoy_visualizer]: Buoy 3: range=7.01m, bearing=34.0°, position=(5.81, 3.92), confidence=0.62
[buoy_visualizer-5] [INFO] [1771741093.488050846] [buoy_visualizer]: Buoy 4: range=9.45m, bearing=46.0°, position=(6.56, 6.80), confidence=1.00
[buoy_visualizer-5] [INFO] [1771741093.488837397] [buoy_visualizer]: Buoy 5: range=3.44m, bearing=-103.2°, position=(-0.78, -3.35), confidence=1.00
[buoy_visualizer-5] [INFO] [1771741093.489935779] [buoy_visualizer]: Buoy 6: range=14.15m, bearing=-32.3°, position=(11.95, -7.57), confidence=0.88
[buoy_visualizer-5] [INFO] [1771741093.490796223] [buoy_visualizer]: Buoy 7: range=5.59m, bearing=43.5°, position=(4.06, 3.85), confidence=1.00
[buoy_visualizer-5] [INFO] [1771741093.491592472] [buoy_visualizer]: Buoy 8: range=11.95m, bearing=-10.8°, position=(11.74, -2.24), confidence=0.38
[buoy_visualizer-5] [INFO] [1771741093.492407505] [buoy_visualizer]: Buoy 9: range=1.07m, bearing=33.2°, position=(0.89, 0.58), confidence=0.62
[buoy_visualizer-5] [INFO] [1771741093.493197417] [buoy_visualizer]: Buoy 10: range=11.71m, bearing=-18.2°, position=(11.13, -3.65), confidence=0.75
[buoy_visualizer-5] [INFO] [1771741093.494164013] [buoy_visualizer]: Buoy 11: range=9.38m, bearing=-16.7°, position=(8.98, -2.70), confidence=0.62
[buoy_visualizer-5] [INFO] [1771741093.495010761] [buoy_visualizer]: Buoy 12: range=9.52m, bearing=-1.5°, position=(9.52, -0.26), confidence=0.62
[buoy_visualizer-5] [INFO] [1771741093.497183458] [buoy_visualizer]: Published 13 buoy markers
[buoy_visualizer-5] [INFO] [1771741093.591321875] [buoy_visualizer]: Buoy 0: range=7.12m, bearing=65.6°, position=(2.94, 6.49), confidence=1.00
[buoy_visualizer-5] [INFO] [1771741093.593053133] [buoy_visualizer]: Buoy 1: range=0.47m, bearing=-173.0°, position=(-0.46, -0.06), confidence=1.00
[buoy_visualizer-5] [INFO] [1771741093.594708289] [buoy_visualizer]: Buoy 2: range=14.06m, bearing=-31.7°, position=(11.96, -7.40), confidence=0.62
[buoy_visualizer-5] [INFO] [1771741093.596324339] [buoy_visualizer]: Buoy 3: range=11.95m, bearing=-10.8°, position=(11.74, -2.24), confidence=0.38
[buoy_visualizer-5] [INFO] [1771741093.599786728] [buoy_visualizer]: Buoy 4: range=1.07m, bearing=33.2°, position=(0.89, 0.58), confidence=0.62
[buoy_visualizer-5] [INFO] [1771741093.601267184] [buoy_visualizer]: Buoy 5: range=5.64m, bearing=43.2°, position=(4.11, 3.86), confidence=0.88
[buoy_visualizer-5] [INFO] [1771741093.602515208] [buoy_visualizer]: Buoy 6: range=3.44m, bearing=-103.1°, position=(-0.78, -3.35), confidence=1.00
[buoy_visualizer-5] [INFO] [1771741093.603669818] [buoy_visualizer]: Buoy 7: range=5.36m, bearing=-35.2°, position=(4.38, -3.09), confidence=1.00
[buoy_visualizer-5] [INFO] [1771741093.605130753] [buoy_visualizer]: Buoy 8: range=9.38m, bearing=-16.7°, position=(8.98, -2.70), confidence=0.62
[buoy_visualizer-5] [INFO] [1771741093.606100229] [buoy_visualizer]: Buoy 9: range=9.51m, bearing=-1.0°, position=(9.51, -0.16), confidence=0.88
[buoy_visualizer-5] [INFO] [1771741093.610045467] [buoy_visualizer]: Buoy 10: range=7.17m, bearing=-19.9°, position=(6.74, -2.44), confidence=1.00
[buoy_visualizer-5] [INFO] [1771741093.611720017] [buoy_visualizer]: Buoy 11: range=9.45m, bearing=46.2°, position=(6.54, 6.82), confidence=0.62
[buoy_visualizer-5] [INFO] [1771741093.613813989] [buoy_visualizer]: Buoy 12: range=7.04m, bearing=34.2°, position=(5.82, 3.95), confidence=0.38
[buoy_visualizer-5] [INFO] [1771741093.615509213] [buoy_visualizer]: Published 13 buoy markers
[buoy_visualizer-5] [INFO] [1771741093.707583292] [buoy_visualizer]: Buoy 0: range=7.09m, bearing=65.8°, position=(2.91, 6.47), confidence=1.00
[buoy_visualizer-5] [INFO] [1771741093.709227056] [buoy_visualizer]: Buoy 1: range=0.47m, bearing=-173.0°, position=(-0.47, -0.06), confidence=1.00
[buoy_visualizer-5] [INFO] [1771741093.710564398] [buoy_visualizer]: Buoy 2: range=13.96m, bearing=-31.3°, position=(11.93, -7.25), confidence=0.88
[buoy_visualizer-5] [INFO] [1771741093.712245028] [buoy_visualizer]: Buoy 3: range=11.94m, bearing=-10.7°, position=(11.74, -2.21), confidence=0.50
[buoy_visualizer-5] [INFO] [1771741093.713692715] [buoy_visualizer]: Buoy 4: range=1.07m, bearing=33.2°, position=(0.89, 0.58), confidence=0.62
[buoy_visualizer-5] [INFO] [1771741093.715286907] [buoy_visualizer]: Buoy 5: range=3.45m, bearing=-102.9°, position=(-0.77, -3.36), confidence=1.00
[buoy_visualizer-5] [INFO] [1771741093.716964273] [buoy_visualizer]: Buoy 6: range=5.43m, bearing=-36.3°, position=(4.38, -3.21), confidence=1.00
[buoy_visualizer-5] [INFO] [1771741093.718224746] [buoy_visualizer]: Buoy 7: range=9.38m, bearing=-16.7°, position=(8.98, -2.70), confidence=0.62
[buoy_visualizer-5] [INFO] [1771741093.719711411] [buoy_visualizer]: Buoy 8: range=9.51m, bearing=-1.0°, position=(9.51, -0.16), confidence=0.88
[buoy_visualizer-5] [INFO] [1771741093.721110646] [buoy_visualizer]: Buoy 9: range=7.17m, bearing=-19.9°, position=(6.74, -2.44), confidence=1.00
[buoy_visualizer-5] [INFO] [1771741093.722666051] [buoy_visualizer]: Buoy 10: range=9.55m, bearing=46.5°, position=(6.57, 6.93), confidence=1.00
[buoy_visualizer-5] [INFO] [1771741093.724424320] [buoy_visualizer]: Buoy 11: range=7.01m, bearing=34.5°, position=(5.78, 3.97), confidence=0.62
[buoy_visualizer-5] [INFO] [1771741093.726984372] [buoy_visualizer]: Published 12 buoy markers
[buoy_visualizer-5] [INFO] [1771741093.838984977] [buoy_visualizer]: Buoy 0: range=13.98m, bearing=-31.3°, position=(11.95, -7.27), confidence=0.62
[buoy_visualizer-5] [INFO] [1771741093.840058940] [buoy_visualizer]: Buoy 1: range=0.50m, bearing=-172.9°, position=(-0.49, -0.06), confidence=1.00
[buoy_visualizer-5] [INFO] [1771741093.840987454] [buoy_visualizer]: Buoy 2: range=9.48m, bearing=45.0°, position=(6.71, 6.70), confidence=1.00
[buoy_visualizer-5] [INFO] [1771741093.842166801] [buoy_visualizer]: Buoy 3: range=3.44m, bearing=-102.8°, position=(-0.76, -3.35), confidence=1.00
[buoy_visualizer-5] [INFO] [1771741093.843164119] [buoy_visualizer]: Buoy 4: range=5.43m, bearing=-36.8°, position=(4.35, -3.25), confidence=1.00
[buoy_visualizer-5] [INFO] [1771741093.844141052] [buoy_visualizer]: Buoy 5: range=7.03m, bearing=-19.7°, position=(6.61, -2.37), confidence=1.00
[buoy_visualizer-5] [INFO] [1771741093.845051036] [buoy_visualizer]: Buoy 6: range=11.80m, bearing=-17.1°, position=(11.28, -3.48), confidence=0.62
[buoy_visualizer-5] [INFO] [1771741093.845880087] [buoy_visualizer]: Buoy 7: range=9.58m, bearing=-15.9°, position=(9.22, -2.62), confidence=0.50
[buoy_visualizer-5] [INFO] [1771741093.846671087] [buoy_visualizer]: Buoy 8: range=7.03m, bearing=66.7°, position=(2.78, 6.46), confidence=1.00
[buoy_visualizer-5] [INFO] [1771741093.847479560] [buoy_visualizer]: Buoy 9: range=0.90m, bearing=32.3°, position=(0.76, 0.48), confidence=0.25
[buoy_visualizer-5] [INFO] [1771741093.848302786] [buoy_visualizer]: Buoy 10: range=9.49m, bearing=-1.7°, position=(9.49, -0.28), confidence=0.50
[buoy_visualizer-5] [INFO] [1771741093.849141309] [buoy_visualizer]: Buoy 11: range=6.99m, bearing=34.4°, position=(5.76, 3.95), confidence=0.88
[buoy_visualizer-5] [INFO] [1771741093.850993280] [buoy_visualizer]: Published 12 buoy markers
[buoy_visualizer-5] [INFO] [1771741093.956466032] [buoy_visualizer]: Buoy 0: range=13.88m, bearing=-31.2°, position=(11.87, -7.19), confidence=1.00
[buoy_visualizer-5] [INFO] [1771741093.957421459] [buoy_visualizer]: Buoy 1: range=0.49m, bearing=-173.0°, position=(-0.48, -0.06), confidence=1.00
[buoy_visualizer-5] [INFO] [1771741093.958296081] [buoy_visualizer]: Buoy 2: range=9.48m, bearing=45.0°, position=(6.71, 6.70), confidence=1.00
[buoy_visualizer-5] [INFO] [1771741093.961393643] [buoy_visualizer]: Buoy 3: range=3.44m, bearing=-102.8°, position=(-0.76, -3.35), confidence=1.00
[buoy_visualizer-5] [INFO] [1771741093.962357359] [buoy_visualizer]: Buoy 4: range=5.47m, bearing=-37.4°, position=(4.34, -3.32), confidence=1.00
[buoy_visualizer-5] [INFO] [1771741093.963200587] [buoy_visualizer]: Buoy 5: range=7.08m, bearing=-20.3°, position=(6.64, -2.45), confidence=1.00
[buoy_visualizer-5] [INFO] [1771741093.967450679] [buoy_visualizer]: Buoy 6: range=9.58m, bearing=-15.9°, position=(9.22, -2.62), confidence=0.50
[buoy_visualizer-5] [INFO] [1771741093.968524930] [buoy_visualizer]: Buoy 7: range=7.03m, bearing=66.7°, position=(2.78, 6.46), confidence=1.00
[buoy_visualizer-5] [INFO] [1771741093.969371230] [buoy_visualizer]: Buoy 8: range=0.90m, bearing=32.3°, position=(0.76, 0.48), confidence=0.25
[buoy_visualizer-5] [INFO] [1771741093.970172311] [buoy_visualizer]: Buoy 9: range=9.49m, bearing=-1.5°, position=(9.49, -0.26), confidence=0.62
[buoy_visualizer-5] [INFO] [1771741093.974803293] [buoy_visualizer]: Buoy 10: range=6.99m, bearing=34.4°, position=(5.77, 3.95), confidence=1.00
[buoy_visualizer-5] [INFO] [1771741093.976383693] [buoy_visualizer]: Published 11 buoy markers
[buoy_visualizer-5] [INFO] [1771741094.073755424] [buoy_visualizer]: Buoy 0: range=7.03m, bearing=66.7°, position=(2.78, 6.46), confidence=1.00
[buoy_visualizer-5] [INFO] [1771741094.074719844] [buoy_visualizer]: Buoy 1: range=13.89m, bearing=-31.0°, position=(11.91, -7.15), confidence=1.00
[buoy_visualizer-5] [INFO] [1771741094.075534110] [buoy_visualizer]: Buoy 2: range=5.48m, bearing=-37.3°, position=(4.36, -3.32), confidence=1.00
[buoy_visualizer-5] [INFO] [1771741094.076327541] [buoy_visualizer]: Buoy 3: range=0.47m, bearing=-172.2°, position=(-0.46, -0.06), confidence=1.00
[buoy_visualizer-5] [INFO] [1771741094.077184850] [buoy_visualizer]: Buoy 4: range=0.90m, bearing=32.3°, position=(0.76, 0.48), confidence=0.25
[buoy_visualizer-5] [INFO] [1771741094.077932647] [buoy_visualizer]: Buoy 5: range=9.46m, bearing=44.5°, position=(6.75, 6.64), confidence=1.00
[buoy_visualizer-5] [INFO] [1771741094.078686140] [buoy_visualizer]: Buoy 6: range=9.44m, bearing=-1.1°, position=(9.44, -0.18), confidence=0.88
[buoy_visualizer-5] [INFO] [1771741094.079492149] [buoy_visualizer]: Buoy 7: range=6.99m, bearing=34.4°, position=(5.77, 3.95), confidence=1.00
[buoy_visualizer-5] [INFO] [1771741094.081195245] [buoy_visualizer]: Buoy 8: range=3.44m, bearing=-102.7°, position=(-0.76, -3.36), confidence=1.00
[buoy_visualizer-5] [INFO] [1771741094.082144688] [buoy_visualizer]: Buoy 9: range=7.01m, bearing=-20.5°, position=(6.56, -2.45), confidence=1.00
[buoy_visualizer-5] [INFO] [1771741094.083110580] [buoy_visualizer]: Buoy 10: range=11.55m, bearing=-11.4°, position=(11.32, -2.29), confidence=0.50
[buoy_visualizer-5] [INFO] [1771741094.084366796] [buoy_visualizer]: Buoy 11: range=9.36m, bearing=-16.2°, position=(8.99, -2.61), confidence=0.50
[buoy_visualizer-5] [INFO] [1771741094.086320246] [buoy_visualizer]: Published 12 buoy markers
[buoy_visualizer-5] [INFO] [1771741094.210688569] [buoy_visualizer]: Buoy 0: range=6.99m, bearing=-20.5°, position=(6.55, -2.45), confidence=1.00
[buoy_visualizer-5] [INFO] [1771741094.211643740] [buoy_visualizer]: Buoy 1: range=9.44m, bearing=-0.9°, position=(9.44, -0.14), confidence=0.75
[buoy_visualizer-5] [INFO] [1771741094.214839070] [buoy_visualizer]: Buoy 2: range=0.46m, bearing=-172.1°, position=(-0.45, -0.06), confidence=1.00
[buoy_visualizer-5] [INFO] [1771741094.215854021] [buoy_visualizer]: Buoy 3: range=7.02m, bearing=66.4°, position=(2.81, 6.43), confidence=1.00
[buoy_visualizer-5] [INFO] [1771741094.216681216] [buoy_visualizer]: Buoy 4: range=6.96m, bearing=34.7°, position=(5.72, 3.96), confidence=1.00
[buoy_visualizer-5] [INFO] [1771741094.217438645] [buoy_visualizer]: Buoy 5: range=3.43m, bearing=-102.1°, position=(-0.72, -3.36), confidence=1.00
[buoy_visualizer-5] [INFO] [1771741094.218182826] [buoy_visualizer]: Buoy 6: range=9.69m, bearing=46.9°, position=(6.61, 7.08), confidence=0.50
[buoy_visualizer-5] [INFO] [1771741094.218946079] [buoy_visualizer]: Buoy 7: range=13.76m, bearing=-30.5°, position=(11.86, -6.98), confidence=0.88
[buoy_visualizer-5] [INFO] [1771741094.221486931] [buoy_visualizer]: Buoy 8: range=11.55m, bearing=-11.4°, position=(11.32, -2.29), confidence=0.50
[buoy_visualizer-5] [INFO] [1771741094.223083747] [buoy_visualizer]: Buoy 9: range=9.41m, bearing=-16.0°, position=(9.04, -2.60), confidence=0.62
[buoy_visualizer-5] [INFO] [1771741094.227876821] [buoy_visualizer]: Buoy 10: range=9.29m, bearing=41.0°, position=(7.01, 6.10), confidence=0.25
[buoy_visualizer-5] [INFO] [1771741094.229489991] [buoy_visualizer]: Published 11 buoy markers
[buoy_visualizer-5] [INFO] [1771741094.327441987] [buoy_visualizer]: Buoy 0: range=6.99m, bearing=-20.4°, position=(6.55, -2.44), confidence=1.00
[buoy_visualizer-5] [INFO] [1771741094.328452618] [buoy_visualizer]: Buoy 1: range=9.41m, bearing=-16.0°, position=(9.04, -2.60), confidence=0.62
[buoy_visualizer-5] [INFO] [1771741094.329273732] [buoy_visualizer]: Buoy 2: range=9.29m, bearing=41.0°, position=(7.01, 6.10), confidence=0.25
[buoy_visualizer-5] [INFO] [1771741094.330173699] [buoy_visualizer]: Buoy 3: range=6.96m, bearing=67.5°, position=(2.66, 6.44), confidence=1.00
[buoy_visualizer-5] [INFO] [1771741094.331194795] [buoy_visualizer]: Buoy 4: range=9.42m, bearing=-1.7°, position=(9.42, -0.28), confidence=0.62
[buoy_visualizer-5] [INFO] [1771741094.333967183] [buoy_visualizer]: Buoy 5: range=0.44m, bearing=-170.9°, position=(-0.44, -0.07), confidence=1.00
[buoy_visualizer-5] [INFO] [1771741094.335050971] [buoy_visualizer]: Buoy 6: range=6.96m, bearing=34.6°, position=(5.74, 3.95), confidence=0.88
[buoy_visualizer-5] [INFO] [1771741094.335918233] [buoy_visualizer]: Buoy 7: range=3.42m, bearing=-102.3°, position=(-0.73, -3.34), confidence=1.00
[buoy_visualizer-5] [INFO] [1771741094.342030856] [buoy_visualizer]: Buoy 8: range=13.79m, bearing=-30.6°, position=(11.87, -7.03), confidence=0.62
[buoy_visualizer-5] [INFO] [1771741094.344607613] [buoy_visualizer]: Buoy 9: range=11.42m, bearing=-11.8°, position=(11.18, -2.33), confidence=0.38
[buoy_visualizer-5] [INFO] [1771741094.346912960] [buoy_visualizer]: Buoy 10: range=9.76m, bearing=47.8°, position=(6.55, 7.23), confidence=0.25
[buoy_visualizer-5] [INFO] [1771741094.350909146] [buoy_visualizer]: Published 11 buoy markers
[buoy_visualizer-5] [INFO] [1771741094.446911084] [buoy_visualizer]: Buoy 0: range=8.01m, bearing=-19.9°, position=(7.53, -2.73), confidence=0.38
[buoy_visualizer-5] [INFO] [1771741094.447918515] [buoy_visualizer]: Buoy 1: range=11.85m, bearing=-17.7°, position=(11.29, -3.61), confidence=0.75
[buoy_visualizer-5] [INFO] [1771741094.448745229] [buoy_visualizer]: Buoy 2: range=6.65m, bearing=-20.6°, position=(6.22, -2.34), confidence=1.00
[buoy_visualizer-5] [INFO] [1771741094.449535429] [buoy_visualizer]: Buoy 3: range=9.40m, bearing=-0.8°, position=(9.40, -0.14), confidence=0.50
[buoy_visualizer-5] [INFO] [1771741094.450395042] [buoy_visualizer]: Buoy 4: range=0.41m, bearing=-169.9°, position=(-0.40, -0.07), confidence=1.00
[buoy_visualizer-5] [INFO] [1771741094.451248606] [buoy_visualizer]: Buoy 5: range=6.98m, bearing=34.7°, position=(5.74, 3.97), confidence=0.50
[buoy_visualizer-5] [INFO] [1771741094.452176543] [buoy_visualizer]: Buoy 6: range=14.01m, bearing=-31.8°, position=(11.91, -7.39), confidence=1.00
[buoy_visualizer-5] [INFO] [1771741094.456648443] [buoy_visualizer]: Buoy 7: range=3.42m, bearing=-102.2°, position=(-0.72, -3.35), confidence=1.00
[buoy_visualizer-5] [INFO] [1771741094.459513093] [buoy_visualizer]: Buoy 8: range=9.62m, bearing=-15.4°, position=(9.27, -2.56), confidence=0.50
[buoy_visualizer-5] [INFO] [1771741094.463490461] [buoy_visualizer]: Buoy 9: range=11.42m, bearing=-11.8°, position=(11.18, -2.33), confidence=0.38
[buoy_visualizer-5] [INFO] [1771741094.465854148] [buoy_visualizer]: Buoy 10: range=9.61m, bearing=45.0°, position=(6.80, 6.79), confidence=0.88
[buoy_visualizer-5] [INFO] [1771741094.467389776] [buoy_visualizer]: Buoy 11: range=7.02m, bearing=67.6°, position=(2.67, 6.49), confidence=1.00
[buoy_visualizer-5] [INFO] [1771741094.469994280] [buoy_visualizer]: Published 12 buoy markers
[buoy_visualizer-5] [INFO] [1771741094.560558107] [buoy_visualizer]: Buoy 0: range=3.42m, bearing=-102.2°, position=(-0.72, -3.35), confidence=1.00
[buoy_visualizer-5] [INFO] [1771741094.561559521] [buoy_visualizer]: Buoy 1: range=9.62m, bearing=-15.4°, position=(9.27, -2.56), confidence=0.50
[buoy_visualizer-5] [INFO] [1771741094.562347353] [buoy_visualizer]: Buoy 2: range=11.73m, bearing=-11.1°, position=(11.51, -2.26), confidence=0.50
[buoy_visualizer-5] [INFO] [1771741094.563235416] [buoy_visualizer]: Buoy 3: range=0.41m, bearing=-169.5°, position=(-0.40, -0.07), confidence=1.00
[buoy_visualizer-5] [INFO] [1771741094.564115446] [buoy_visualizer]: Buoy 4: range=14.02m, bearing=-31.7°, position=(11.93, -7.37), confidence=1.00
[buoy_visualizer-5] [INFO] [1771741094.564919566] [buoy_visualizer]: Buoy 5: range=6.50m, bearing=-19.6°, position=(6.12, -2.18), confidence=1.00
[buoy_visualizer-5] [INFO] [1771741094.565717191] [buoy_visualizer]: Buoy 6: range=11.99m, bearing=-17.9°, position=(11.40, -3.69), confidence=0.88
[buoy_visualizer-5] [INFO] [1771741094.566852151] [buoy_visualizer]: Buoy 7: range=9.38m, bearing=-0.8°, position=(9.38, -0.13), confidence=0.38
[buoy_visualizer-5] [INFO] [1771741094.567727188] [buoy_visualizer]: Buoy 8: range=6.96m, bearing=34.5°, position=(5.74, 3.94), confidence=0.88
[buoy_visualizer-5] [INFO] [1771741094.569852490] [buoy_visualizer]: Buoy 9: range=7.99m, bearing=-19.5°, position=(7.54, -2.66), confidence=0.25
[buoy_visualizer-5] [INFO] [1771741094.574737539] [buoy_visualizer]: Buoy 10: range=9.61m, bearing=45.0°, position=(6.80, 6.79), confidence=0.88
[buoy_visualizer-5] [INFO] [1771741094.576903452] [buoy_visualizer]: Buoy 11: range=6.98m, bearing=67.9°, position=(2.63, 6.47), confidence=1.00
[buoy_visualizer-5] [INFO] [1771741094.578551088] [buoy_visualizer]: Published 12 buoy markers
[buoy_visualizer-5] [INFO] [1771741094.668983961] [buoy_visualizer]: Buoy 0: range=9.80m, bearing=-15.2°, position=(9.45, -2.57), confidence=0.25
[buoy_visualizer-5] [INFO] [1771741094.669958366] [buoy_visualizer]: Buoy 1: range=11.99m, bearing=-18.2°, position=(11.39, -3.74), confidence=0.62
[buoy_visualizer-5] [INFO] [1771741094.670795417] [buoy_visualizer]: Buoy 2: range=0.40m, bearing=-169.7°, position=(-0.40, -0.07), confidence=1.00
[buoy_visualizer-5] [INFO] [1771741094.671582065] [buoy_visualizer]: Buoy 3: range=6.96m, bearing=34.5°, position=(5.74, 3.94), confidence=0.88
[buoy_visualizer-5] [INFO] [1771741094.672368680] [buoy_visualizer]: Buoy 4: range=3.43m, bearing=-102.5°, position=(-0.74, -3.35), confidence=1.00
[buoy_visualizer-5] [INFO] [1771741094.673149087] [buoy_visualizer]: Buoy 5: range=7.99m, bearing=-19.5°, position=(7.54, -2.66), confidence=0.25
[buoy_visualizer-5] [INFO] [1771741094.674071264] [buoy_visualizer]: Buoy 6: range=6.42m, bearing=-20.4°, position=(6.01, -2.24), confidence=0.75
[buoy_visualizer-5] [INFO] [1771741094.676220088] [buoy_visualizer]: Buoy 7: range=9.61m, bearing=45.0°, position=(6.80, 6.79), confidence=0.88
[buoy_visualizer-5] [INFO] [1771741094.677329094] [buoy_visualizer]: Buoy 8: range=7.00m, bearing=67.6°, position=(2.67, 6.47), confidence=1.00
[buoy_visualizer-5] [INFO] [1771741094.678404114] [buoy_visualizer]: Buoy 9: range=12.33m, bearing=-27.5°, position=(10.94, -5.69), confidence=1.00
[buoy_visualizer-5] [INFO] [1771741094.680943141] [buoy_visualizer]: Buoy 10: range=14.18m, bearing=-33.4°, position=(11.83, -7.80), confidence=1.00
[buoy_visualizer-5] [INFO] [1771741094.682923632] [buoy_visualizer]: Published 11 buoy markers
[buoy_visualizer-5] [INFO] [1771741094.798769882] [buoy_visualizer]: Buoy 0: range=0.40m, bearing=-168.8°, position=(-0.39, -0.08), confidence=1.00
[buoy_visualizer-5] [INFO] [1771741094.800673408] [buoy_visualizer]: Buoy 1: range=6.97m, bearing=34.1°, position=(5.78, 3.91), confidence=1.00
[buoy_visualizer-5] [INFO] [1771741094.809090002] [buoy_visualizer]: Buoy 2: range=9.61m, bearing=45.0°, position=(6.80, 6.79), confidence=0.88
[buoy_visualizer-5] [INFO] [1771741094.811611940] [buoy_visualizer]: Buoy 3: range=7.00m, bearing=67.6°, position=(2.67, 6.47), confidence=1.00
[buoy_visualizer-5] [INFO] [1771741094.812527972] [buoy_visualizer]: Buoy 4: range=12.33m, bearing=-27.5°, position=(10.94, -5.69), confidence=1.00
[buoy_visualizer-5] [INFO] [1771741094.813370560] [buoy_visualizer]: Buoy 5: range=3.43m, bearing=-103.3°, position=(-0.79, -3.34), confidence=1.00
[buoy_visualizer-5] [INFO] [1771741094.814185945] [buoy_visualizer]: Buoy 6: range=14.18m, bearing=-33.4°, position=(11.83, -7.80), confidence=1.00
[buoy_visualizer-5] [INFO] [1771741094.815014836] [buoy_visualizer]: Buoy 7: range=12.21m, bearing=-20.1°, position=(11.46, -4.20), confidence=0.50
[buoy_visualizer-5] [INFO] [1771741094.815983096] [buoy_visualizer]: Buoy 8: range=6.27m, bearing=-20.8°, position=(5.86, -2.23), confidence=0.88
[buoy_visualizer-5] [INFO] [1771741094.817440863] [buoy_visualizer]: Published 9 buoy markers
[buoy_visualizer-5] [INFO] [1771741094.942045938] [buoy_visualizer]: Buoy 0: range=5.33m, bearing=-36.5°, position=(4.29, -3.17), confidence=1.00
[buoy_visualizer-5] [INFO] [1771741094.942986645] [buoy_visualizer]: Buoy 1: range=0.38m, bearing=-168.1°, position=(-0.38, -0.08), confidence=1.00
[buoy_visualizer-5] [INFO] [1771741094.943775980] [buoy_visualizer]: Buoy 2: range=7.01m, bearing=66.8°, position=(2.77, 6.44), confidence=1.00
[buoy_visualizer-5] [INFO] [1771741094.944621448] [buoy_visualizer]: Buoy 3: range=14.18m, bearing=-33.4°, position=(11.83, -7.80), confidence=1.00
[buoy_visualizer-5] [INFO] [1771741094.945457507] [buoy_visualizer]: Buoy 4: range=9.52m, bearing=43.3°, position=(6.93, 6.53), confidence=0.75
[buoy_visualizer-5] [INFO] [1771741094.946252539] [buoy_visualizer]: Buoy 5: range=5.49m, bearing=44.4°, position=(3.92, 3.84), confidence=1.00
[buoy_visualizer-5] [INFO] [1771741094.947918865] [buoy_visualizer]: Buoy 6: range=6.97m, bearing=34.0°, position=(5.77, 3.90), confidence=1.00
[buoy_visualizer-5] [INFO] [1771741094.948899094] [buoy_visualizer]: Buoy 7: range=12.21m, bearing=-20.1°, position=(11.46, -4.20), confidence=0.50
[buoy_visualizer-5] [INFO] [1771741094.949854969] [buoy_visualizer]: Buoy 8: range=6.27m, bearing=-20.8°, position=(5.86, -2.23), confidence=0.88
[buoy_visualizer-5] [INFO] [1771741094.950752216] [buoy_visualizer]: Buoy 9: range=12.39m, bearing=-28.0°, position=(10.95, -5.81), confidence=1.00
[buoy_visualizer-5] [INFO] [1771741094.951566290] [buoy_visualizer]: Buoy 10: range=3.44m, bearing=-103.6°, position=(-0.81, -3.34), confidence=1.00
[buoy_visualizer-5] [INFO] [1771741094.953249449] [buoy_visualizer]: Published 11 buoy markers
[buoy_visualizer-5] [INFO] [1771741095.073490695] [buoy_visualizer]: Buoy 0: range=0.38m, bearing=-167.2°, position=(-0.37, -0.08), confidence=1.00
[buoy_visualizer-5] [INFO] [1771741095.074380710] [buoy_visualizer]: Buoy 1: range=6.97m, bearing=34.0°, position=(5.77, 3.90), confidence=1.00
[buoy_visualizer-5] [INFO] [1771741095.075184799] [buoy_visualizer]: Buoy 2: range=12.07m, bearing=-18.5°, position=(11.44, -3.83), confidence=1.00
[buoy_visualizer-5] [INFO] [1771741095.076112128] [buoy_visualizer]: Buoy 3: range=6.18m, bearing=-21.1°, position=(5.77, -2.22), confidence=1.00
[buoy_visualizer-5] [INFO] [1771741095.076902168] [buoy_visualizer]: Buoy 4: range=14.05m, bearing=-33.2°, position=(11.76, -7.69), confidence=0.88
[buoy_visualizer-5] [INFO] [1771741095.077634187] [buoy_visualizer]: Buoy 5: range=5.54m, bearing=43.1°, position=(4.05, 3.79), confidence=0.88
[buoy_visualizer-5] [INFO] [1771741095.078606000] [buoy_visualizer]: Buoy 6: range=7.05m, bearing=65.5°, position=(2.93, 6.42), confidence=1.00
[buoy_visualizer-5] [INFO] [1771741095.089433131] [buoy_visualizer]: Buoy 7: range=3.47m, bearing=-103.5°, position=(-0.81, -3.37), confidence=1.00
[buoy_visualizer-5] [INFO] [1771741095.096861271] [buoy_visualizer]: Buoy 8: range=5.39m, bearing=-37.7°, position=(4.26, -3.29), confidence=1.00
[buoy_visualizer-5] [INFO] [1771741095.102079175] [buoy_visualizer]: Buoy 9: range=9.35m, bearing=-1.5°, position=(9.35, -0.24), confidence=0.38
[buoy_visualizer-5] [INFO] [1771741095.104910510] [buoy_visualizer]: Published 10 buoy markers
[buoy_visualizer-5] [INFO] [1771741095.169558205] [buoy_visualizer]: Buoy 0: range=0.37m, bearing=-166.3°, position=(-0.36, -0.09), confidence=1.00
[buoy_visualizer-5] [INFO] [1771741095.170720494] [buoy_visualizer]: Buoy 1: range=3.46m, bearing=-103.6°, position=(-0.81, -3.36), confidence=1.00
[buoy_visualizer-5] [INFO] [1771741095.172835108] [buoy_visualizer]: Buoy 2: range=5.42m, bearing=-38.2°, position=(4.26, -3.36), confidence=1.00
[buoy_visualizer-5] [INFO] [1771741095.174895381] [buoy_visualizer]: Buoy 3: range=7.10m, bearing=64.7°, position=(3.04, 6.42), confidence=1.00
[buoy_visualizer-5] [INFO] [1771741095.175942591] [buoy_visualizer]: Buoy 4: range=14.30m, bearing=-35.0°, position=(11.71, -8.21), confidence=0.50
[buoy_visualizer-5] [INFO] [1771741095.177379716] [buoy_visualizer]: Buoy 5: range=6.94m, bearing=33.4°, position=(5.80, 3.82), confidence=1.00
[buoy_visualizer-5] [INFO] [1771741095.178405324] [buoy_visualizer]: Buoy 6: range=6.12m, bearing=-21.4°, position=(5.70, -2.24), confidence=1.00
[buoy_visualizer-5] [INFO] [1771741095.179240935] [buoy_visualizer]: Buoy 7: range=5.53m, bearing=43.0°, position=(4.04, 3.77), confidence=0.75
[buoy_visualizer-5] [INFO] [1771741095.180089667] [buoy_visualizer]: Buoy 8: range=9.39m, bearing=-2.6°, position=(9.38, -0.42), confidence=0.50
[buoy_visualizer-5] [INFO] [1771741095.180920798] [buoy_visualizer]: Buoy 9: range=7.45m, bearing=-23.4°, position=(6.84, -2.96), confidence=0.25
[buoy_visualizer-5] [INFO] [1771741095.182395142] [buoy_visualizer]: Published 10 buoy markers
[buoy_visualizer-5] [INFO] [1771741095.297698727] [buoy_visualizer]: Buoy 0: range=0.37m, bearing=-165.9°, position=(-0.36, -0.09), confidence=1.00
[buoy_visualizer-5] [INFO] [1771741095.301413101] [buoy_visualizer]: Buoy 1: range=6.94m, bearing=33.4°, position=(5.80, 3.82), confidence=1.00
[buoy_visualizer-5] [INFO] [1771741095.305905962] [buoy_visualizer]: Buoy 2: range=3.46m, bearing=-104.1°, position=(-0.84, -3.36), confidence=1.00
[buoy_visualizer-5] [INFO] [1771741095.307170179] [buoy_visualizer]: Buoy 3: range=5.46m, bearing=-38.7°, position=(4.26, -3.41), confidence=1.00
[buoy_visualizer-5] [INFO] [1771741095.311985943] [buoy_visualizer]: Buoy 4: range=6.12m, bearing=-21.4°, position=(5.70, -2.24), confidence=1.00
[buoy_visualizer-5] [INFO] [1771741095.313521731] [buoy_visualizer]: Buoy 5: range=7.06m, bearing=64.9°, position=(2.99, 6.40), confidence=1.00
[buoy_visualizer-5] [INFO] [1771741095.314837856] [buoy_visualizer]: Buoy 6: range=9.32m, bearing=40.6°, position=(7.08, 6.06), confidence=0.25
[buoy_visualizer-5] [INFO] [1771741095.341682116] [buoy_visualizer]: Buoy 7: range=14.19m, bearing=-34.3°, position=(11.73, -7.99), confidence=0.25
[buoy_visualizer-5] [INFO] [1771741095.343451809] [buoy_visualizer]: Buoy 8: range=9.39m, bearing=-2.6°, position=(9.38, -0.42), confidence=0.50
[buoy_visualizer-5] [INFO] [1771741095.346470774] [buoy_visualizer]: Buoy 9: range=7.45m, bearing=-23.4°, position=(6.84, -2.96), confidence=0.25
[buoy_visualizer-5] [INFO] [1771741095.348442529] [buoy_visualizer]: Published 10 buoy markers
[buoy_visualizer-5] [INFO] [1771741095.402554152] [buoy_visualizer]: Buoy 0: range=7.08m, bearing=64.9°, position=(3.01, 6.41), confidence=1.00
[buoy_visualizer-5] [INFO] [1771741095.403670519] [buoy_visualizer]: Buoy 1: range=0.36m, bearing=-166.4°, position=(-0.35, -0.09), confidence=1.00
[buoy_visualizer-5] [INFO] [1771741095.410460054] [buoy_visualizer]: Buoy 2: range=3.49m, bearing=-104.4°, position=(-0.87, -3.38), confidence=1.00
[buoy_visualizer-5] [INFO] [1771741095.412119083] [buoy_visualizer]: Buoy 3: range=5.39m, bearing=-37.8°, position=(4.26, -3.31), confidence=1.00
[buoy_visualizer-5] [INFO] [1771741095.413286589] [buoy_visualizer]: Buoy 4: range=9.47m, bearing=42.7°, position=(6.96, 6.42), confidence=0.50
[buoy_visualizer-5] [INFO] [1771741095.420119871] [buoy_visualizer]: Buoy 5: range=14.05m, bearing=-33.4°, position=(11.74, -7.72), confidence=0.50
[buoy_visualizer-5] [INFO] [1771741095.422531721] [buoy_visualizer]: Buoy 6: range=6.03m, bearing=-21.6°, position=(5.61, -2.21), confidence=0.88
[buoy_visualizer-5] [INFO] [1771741095.424102840] [buoy_visualizer]: Buoy 7: range=9.39m, bearing=-2.6°, position=(9.38, -0.42), confidence=0.50
[buoy_visualizer-5] [INFO] [1771741095.425242888] [buoy_visualizer]: Buoy 8: range=7.45m, bearing=-23.4°, position=(6.84, -2.96), confidence=0.25
[buoy_visualizer-5] [INFO] [1771741095.426143879] [buoy_visualizer]: Buoy 9: range=6.92m, bearing=33.1°, position=(5.80, 3.77), confidence=0.50
[buoy_visualizer-5] [INFO] [1771741095.428318913] [buoy_visualizer]: Published 10 buoy markers
[buoy_visualizer-5] [INFO] [1771741095.517979506] [buoy_visualizer]: Buoy 0: range=7.10m, bearing=64.7°, position=(3.03, 6.42), confidence=1.00
[buoy_visualizer-5] [INFO] [1771741095.522624698] [buoy_visualizer]: Buoy 1: range=0.37m, bearing=-166.9°, position=(-0.36, -0.08), confidence=1.00
[buoy_visualizer-5] [INFO] [1771741095.526314078] [buoy_visualizer]: Buoy 2: range=3.49m, bearing=-104.4°, position=(-0.87, -3.38), confidence=1.00
[buoy_visualizer-5] [INFO] [1771741095.535549481] [buoy_visualizer]: Buoy 3: range=5.39m, bearing=-37.8°, position=(4.26, -3.31), confidence=1.00
[buoy_visualizer-5] [INFO] [1771741095.537010096] [buoy_visualizer]: Buoy 4: range=9.47m, bearing=42.7°, position=(6.96, 6.42), confidence=0.50
[buoy_visualizer-5] [INFO] [1771741095.541082863] [buoy_visualizer]: Buoy 5: range=14.05m, bearing=-33.4°, position=(11.74, -7.72), confidence=0.50
[buoy_visualizer-5] [INFO] [1771741095.542040115] [buoy_visualizer]: Buoy 6: range=6.05m, bearing=-22.1°, position=(5.61, -2.28), confidence=1.00
[buoy_visualizer-5] [INFO] [1771741095.542883534] [buoy_visualizer]: Buoy 7: range=9.39m, bearing=-2.6°, position=(9.38, -0.42), confidence=0.50
[buoy_visualizer-5] [INFO] [1771741095.543670918] [buoy_visualizer]: Buoy 8: range=7.45m, bearing=-23.6°, position=(6.83, -2.99), confidence=0.75
[buoy_visualizer-5] [INFO] [1771741095.544577478] [buoy_visualizer]: Buoy 9: range=6.95m, bearing=33.0°, position=(5.83, 3.78), confidence=0.75
[buoy_visualizer-5] [INFO] [1771741095.548933785] [buoy_visualizer]: Published 10 buoy markers
[buoy_visualizer-5] [INFO] [1771741095.657557059] [buoy_visualizer]: Buoy 0: range=13.99m, bearing=-33.0°, position=(11.73, -7.62), confidence=0.75
[buoy_visualizer-5] [INFO] [1771741095.658647088] [buoy_visualizer]: Buoy 1: range=5.40m, bearing=-37.9°, position=(4.26, -3.32), confidence=1.00
[buoy_visualizer-5] [INFO] [1771741095.659518094] [buoy_visualizer]: Buoy 2: range=6.05m, bearing=-22.1°, position=(5.61, -2.28), confidence=1.00
[buoy_visualizer-5] [INFO] [1771741095.660347304] [buoy_visualizer]: Buoy 3: range=9.39m, bearing=-2.6°, position=(9.38, -0.42), confidence=0.50
[buoy_visualizer-5] [INFO] [1771741095.662785460] [buoy_visualizer]: Buoy 4: range=7.10m, bearing=64.8°, position=(3.02, 6.43), confidence=1.00
[buoy_visualizer-5] [INFO] [1771741095.663921956] [buoy_visualizer]: Buoy 5: range=3.49m, bearing=-104.5°, position=(-0.87, -3.38), confidence=1.00
[buoy_visualizer-5] [INFO] [1771741095.664939948] [buoy_visualizer]: Buoy 6: range=7.64m, bearing=-40.2°, position=(5.84, -4.93), confidence=0.25
[buoy_visualizer-5] [INFO] [1771741095.665980021] [buoy_visualizer]: Buoy 7: range=0.37m, bearing=-167.6°, position=(-0.37, -0.08), confidence=1.00
[buoy_visualizer-5] [INFO] [1771741095.666971835] [buoy_visualizer]: Buoy 8: range=7.45m, bearing=-23.6°, position=(6.83, -2.99), confidence=0.75
[buoy_visualizer-5] [INFO] [1771741095.667922398] [buoy_visualizer]: Buoy 9: range=6.95m, bearing=33.0°, position=(5.83, 3.78), confidence=0.75
[buoy_visualizer-5] [INFO] [1771741095.668933350] [buoy_visualizer]: Buoy 10: range=9.51m, bearing=43.4°, position=(6.91, 6.54), confidence=0.38
[buoy_visualizer-5] [INFO] [1771741095.670771303] [buoy_visualizer]: Published 11 buoy markers
[buoy_visualizer-5] [INFO] [1771741095.774570878] [buoy_visualizer]: Buoy 0: range=7.45m, bearing=-23.6°, position=(6.83, -2.99), confidence=0.75
[buoy_visualizer-5] [INFO] [1771741095.775810965] [buoy_visualizer]: Buoy 1: range=9.46m, bearing=-2.6°, position=(9.45, -0.44), confidence=0.50
[buoy_visualizer-5] [INFO] [1771741095.776767065] [buoy_visualizer]: Buoy 2: range=0.39m, bearing=-167.2°, position=(-0.38, -0.09), confidence=1.00
[buoy_visualizer-5] [INFO] [1771741095.777789441] [buoy_visualizer]: Buoy 3: range=6.96m, bearing=32.8°, position=(5.85, 3.77), confidence=1.00
[buoy_visualizer-5] [INFO] [1771741095.778551318] [buoy_visualizer]: Buoy 4: range=3.46m, bearing=-104.9°, position=(-0.89, -3.35), confidence=1.00
[buoy_visualizer-5] [INFO] [1771741095.779475992] [buoy_visualizer]: Buoy 5: range=6.13m, bearing=-22.8°, position=(5.66, -2.37), confidence=1.00
[buoy_visualizer-5] [INFO] [1771741095.780429883] [buoy_visualizer]: Buoy 6: range=9.51m, bearing=43.4°, position=(6.91, 6.54), confidence=0.38
[buoy_visualizer-5] [INFO] [1771741095.781412736] [buoy_visualizer]: Buoy 7: range=7.07m, bearing=65.1°, position=(2.98, 6.41), confidence=1.00
[buoy_visualizer-5] [INFO] [1771741095.782189335] [buoy_visualizer]: Buoy 8: range=14.11m, bearing=-34.1°, position=(11.69, -7.90), confidence=1.00
[buoy_visualizer-5] [INFO] [1771741095.783075477] [buoy_visualizer]: Buoy 9: range=11.73m, bearing=-12.6°, position=(11.45, -2.55), confidence=0.25
[buoy_visualizer-5] [INFO] [1771741095.784592192] [buoy_visualizer]: Published 10 buoy markers
[buoy_visualizer-5] [INFO] [1771741095.884444864] [buoy_visualizer]: Buoy 0: range=9.51m, bearing=43.4°, position=(6.91, 6.54), confidence=0.38
[buoy_visualizer-5] [INFO] [1771741095.886238335] [buoy_visualizer]: Buoy 1: range=7.07m, bearing=64.9°, position=(3.00, 6.41), confidence=1.00
[buoy_visualizer-5] [INFO] [1771741095.887763690] [buoy_visualizer]: Buoy 2: range=0.40m, bearing=-168.0°, position=(-0.39, -0.08), confidence=1.00
[buoy_visualizer-5] [INFO] [1771741095.889862654] [buoy_visualizer]: Buoy 3: range=3.47m, bearing=-105.2°, position=(-0.91, -3.35), confidence=1.00
[buoy_visualizer-5] [INFO] [1771741095.891752644] [buoy_visualizer]: Buoy 4: range=5.31m, bearing=-36.8°, position=(4.25, -3.18), confidence=1.00
[buoy_visualizer-5] [INFO] [1771741095.893448059] [buoy_visualizer]: Buoy 5: range=14.11m, bearing=-34.1°, position=(11.69, -7.90), confidence=1.00
[buoy_visualizer-5] [INFO] [1771741095.901319526] [buoy_visualizer]: Buoy 6: range=11.73m, bearing=-12.6°, position=(11.45, -2.55), confidence=0.25
[buoy_visualizer-5] [INFO] [1771741095.903232397] [buoy_visualizer]: Buoy 7: range=7.45m, bearing=-23.7°, position=(6.82, -3.00), confidence=0.50
[buoy_visualizer-5] [INFO] [1771741095.905252860] [buoy_visualizer]: Buoy 8: range=6.17m, bearing=-23.1°, position=(5.67, -2.42), confidence=1.00
[buoy_visualizer-5] [INFO] [1771741095.906892239] [buoy_visualizer]: Buoy 9: range=6.98m, bearing=32.4°, position=(5.89, 3.74), confidence=0.75
[buoy_visualizer-5] [INFO] [1771741095.908660332] [buoy_visualizer]: Buoy 10: range=9.44m, bearing=-1.6°, position=(9.44, -0.26), confidence=0.38
[buoy_visualizer-5] [INFO] [1771741095.910964686] [buoy_visualizer]: Published 11 buoy markers
[buoy_visualizer-5] [INFO] [1771741096.017144428] [buoy_visualizer]: Buoy 0: range=14.13m, bearing=-34.3°, position=(11.68, -7.95), confidence=1.00
[buoy_visualizer-5] [INFO] [1771741096.018618900] [buoy_visualizer]: Buoy 1: range=12.00m, bearing=-12.5°, position=(11.72, -2.59), confidence=0.50
[buoy_visualizer-5] [INFO] [1771741096.019685888] [buoy_visualizer]: Buoy 2: range=0.38m, bearing=-166.5°, position=(-0.37, -0.09), confidence=1.00
[buoy_visualizer-5] [INFO] [1771741096.020635202] [buoy_visualizer]: Buoy 3: range=7.11m, bearing=64.7°, position=(3.04, 6.42), confidence=1.00
[buoy_visualizer-5] [INFO] [1771741096.024929617] [buoy_visualizer]: Buoy 4: range=3.47m, bearing=-105.1°, position=(-0.91, -3.35), confidence=1.00
[buoy_visualizer-5] [INFO] [1771741096.028794690] [buoy_visualizer]: Buoy 5: range=7.45m, bearing=-23.7°, position=(6.82, -3.00), confidence=0.50
[buoy_visualizer-5] [INFO] [1771741096.031805078] [buoy_visualizer]: Buoy 6: range=6.17m, bearing=-22.6°, position=(5.69, -2.37), confidence=1.00
[buoy_visualizer-5] [INFO] [1771741096.036253423] [buoy_visualizer]: Buoy 7: range=6.98m, bearing=32.4°, position=(5.89, 3.74), confidence=0.75
[buoy_visualizer-5] [INFO] [1771741096.039682561] [buoy_visualizer]: Buoy 8: range=9.50m, bearing=6.4°, position=(9.44, 1.06), confidence=0.25
[buoy_visualizer-5] [INFO] [1771741096.042646290] [buoy_visualizer]: Buoy 9: range=9.30m, bearing=-18.7°, position=(8.81, -2.98), confidence=0.38
[buoy_visualizer-5] [INFO] [1771741096.044351146] [buoy_visualizer]: Buoy 10: range=9.37m, bearing=-1.8°, position=(9.37, -0.29), confidence=0.62
[buoy_visualizer-5] [INFO] [1771741096.047170129] [buoy_visualizer]: Published 11 buoy markers
[buoy_visualizer-5] [INFO] [1771741096.109010904] [buoy_visualizer]: Buoy 0: range=7.07m, bearing=64.5°, position=(3.05, 6.38), confidence=1.00
[buoy_visualizer-5] [INFO] [1771741096.110318068] [buoy_visualizer]: Buoy 1: range=7.42m, bearing=-23.8°, position=(6.79, -3.00), confidence=0.62
[buoy_visualizer-5] [INFO] [1771741096.111692917] [buoy_visualizer]: Buoy 2: range=0.38m, bearing=-166.1°, position=(-0.37, -0.09), confidence=1.00
[buoy_visualizer-5] [INFO] [1771741096.112983792] [buoy_visualizer]: Buoy 3: range=6.15m, bearing=-23.0°, position=(5.66, -2.40), confidence=1.00
[buoy_visualizer-5] [INFO] [1771741096.114315438] [buoy_visualizer]: Buoy 4: range=6.98m, bearing=32.4°, position=(5.89, 3.74), confidence=0.75
[buoy_visualizer-5] [INFO] [1771741096.115508322] [buoy_visualizer]: Buoy 5: range=14.18m, bearing=-34.7°, position=(11.66, -8.08), confidence=1.00
[buoy_visualizer-5] [INFO] [1771741096.116741113] [buoy_visualizer]: Buoy 6: range=9.50m, bearing=6.4°, position=(9.44, 1.06), confidence=0.25
[buoy_visualizer-5] [INFO] [1771741096.117900875] [buoy_visualizer]: Buoy 7: range=3.47m, bearing=-105.1°, position=(-0.91, -3.35), confidence=1.00
[buoy_visualizer-5] [INFO] [1771741096.119076350] [buoy_visualizer]: Buoy 8: range=9.37m, bearing=-18.7°, position=(8.88, -3.01), confidence=0.50
[buoy_visualizer-5] [INFO] [1771741096.120360216] [buoy_visualizer]: Buoy 9: range=9.37m, bearing=-1.8°, position=(9.37, -0.29), confidence=0.62
[buoy_visualizer-5] [INFO] [1771741096.121821951] [buoy_visualizer]: Buoy 10: range=12.28m, bearing=-12.4°, position=(12.00, -2.63), confidence=0.25
[buoy_visualizer-5] [INFO] [1771741096.125364281] [buoy_visualizer]: Published 11 buoy markers
[buoy_visualizer-5] [INFO] [1771741096.268330294] [buoy_visualizer]: Buoy 0: range=14.15m, bearing=-34.6°, position=(11.65, -8.03), confidence=1.00
[buoy_visualizer-5] [INFO] [1771741096.271069239] [buoy_visualizer]: Buoy 1: range=9.06m, bearing=-30.6°, position=(7.79, -4.61), confidence=0.38
[buoy_visualizer-5] [INFO] [1771741096.276498358] [buoy_visualizer]: Buoy 2: range=9.50m, bearing=6.4°, position=(9.44, 1.06), confidence=0.25
[buoy_visualizer-5] [INFO] [1771741096.278002752] [buoy_visualizer]: Buoy 3: range=7.04m, bearing=64.7°, position=(3.01, 6.36), confidence=1.00
[buoy_visualizer-5] [INFO] [1771741096.278957923] [buoy_visualizer]: Buoy 4: range=3.47m, bearing=-105.1°, position=(-0.91, -3.35), confidence=1.00
[buoy_visualizer-5] [INFO] [1771741096.279814848] [buoy_visualizer]: Buoy 5: range=9.37m, bearing=-18.7°, position=(8.88, -3.01), confidence=0.50
[buoy_visualizer-5] [INFO] [1771741096.280694334] [buoy_visualizer]: Buoy 6: range=6.15m, bearing=-22.8°, position=(5.67, -2.39), confidence=1.00
[buoy_visualizer-5] [INFO] [1771741096.281513784] [buoy_visualizer]: Buoy 7: range=0.37m, bearing=-164.6°, position=(-0.36, -0.10), confidence=1.00
[buoy_visualizer-5] [INFO] [1771741096.282327633] [buoy_visualizer]: Buoy 8: range=6.96m, bearing=32.3°, position=(5.88, 3.72), confidence=0.62
[buoy_visualizer-5] [INFO] [1771741096.283137898] [buoy_visualizer]: Buoy 9: range=9.37m, bearing=-1.8°, position=(9.37, -0.29), confidence=0.62
[buoy_visualizer-5] [INFO] [1771741096.284723226] [buoy_visualizer]: Buoy 10: range=12.28m, bearing=-12.4°, position=(12.00, -2.63), confidence=0.25
[buoy_visualizer-5] [INFO] [1771741096.286262150] [buoy_visualizer]: Published 11 buoy markers
[buoy_visualizer-5] [INFO] [1771741096.371245453] [buoy_visualizer]: Buoy 0: range=7.04m, bearing=64.5°, position=(3.03, 6.35), confidence=1.00
[buoy_visualizer-5] [INFO] [1771741096.372195184] [buoy_visualizer]: Buoy 1: range=12.47m, bearing=-28.9°, position=(10.92, -6.02), confidence=1.00
[buoy_visualizer-5] [INFO] [1771741096.373016618] [buoy_visualizer]: Buoy 2: range=0.38m, bearing=-165.9°, position=(-0.37, -0.09), confidence=1.00
[buoy_visualizer-5] [INFO] [1771741096.373908521] [buoy_visualizer]: Buoy 3: range=6.92m, bearing=32.1°, position=(5.87, 3.67), confidence=0.62
[buoy_visualizer-5] [INFO] [1771741096.374745540] [buoy_visualizer]: Buoy 4: range=3.48m, bearing=-105.5°, position=(-0.93, -3.35), confidence=0.88
[buoy_visualizer-5] [INFO] [1771741096.382731318] [buoy_visualizer]: Buoy 5: range=7.79m, bearing=-37.5°, position=(6.19, -4.74), confidence=0.25
[buoy_visualizer-5] [INFO] [1771741096.385638787] [buoy_visualizer]: Buoy 6: range=14.18m, bearing=-34.8°, position=(11.64, -8.10), confidence=0.50
[buoy_visualizer-5] [INFO] [1771741096.386665068] [buoy_visualizer]: Buoy 7: range=11.28m, bearing=-33.9°, position=(9.37, -6.29), confidence=0.62
[buoy_visualizer-5] [INFO] [1771741096.387820413] [buoy_visualizer]: Buoy 8: range=12.28m, bearing=-12.4°, position=(12.00, -2.63), confidence=0.25
[buoy_visualizer-5] [INFO] [1771741096.388792354] [buoy_visualizer]: Buoy 9: range=6.05m, bearing=-23.6°, position=(5.54, -2.42), confidence=1.00
[buoy_visualizer-5] [INFO] [1771741096.389699234] [buoy_visualizer]: Buoy 10: range=12.00m, bearing=-19.2°, position=(11.33, -3.94), confidence=0.75
[buoy_visualizer-5] [INFO] [1771741096.391502497] [buoy_visualizer]: Buoy 11: range=9.40m, bearing=-18.6°, position=(8.91, -3.00), confidence=0.25
[buoy_visualizer-5] [INFO] [1771741096.392831262] [buoy_visualizer]: Buoy 12: range=9.32m, bearing=-1.3°, position=(9.32, -0.21), confidence=0.38
[buoy_visualizer-5] [INFO] [1771741096.393659769] [buoy_visualizer]: Buoy 13: range=9.02m, bearing=-31.0°, position=(7.72, -4.65), confidence=0.25
[buoy_visualizer-5] [INFO] [1771741096.394411502] [buoy_visualizer]: Buoy 14: range=9.80m, bearing=45.2°, position=(6.90, 6.95), confidence=0.25
[buoy_visualizer-5] [INFO] [1771741096.396492768] [buoy_visualizer]: Published 15 buoy markers
[buoy_visualizer-5] [INFO] [1771741096.504364180] [buoy_visualizer]: Buoy 0: range=3.48m, bearing=-105.5°, position=(-0.93, -3.35), confidence=0.88
[buoy_visualizer-5] [INFO] [1771741096.505162381] [buoy_visualizer]: Buoy 1: range=7.79m, bearing=-37.5°, position=(6.19, -4.74), confidence=0.25
[buoy_visualizer-5] [INFO] [1771741096.505883615] [buoy_visualizer]: Buoy 2: range=14.18m, bearing=-34.8°, position=(11.64, -8.10), confidence=0.50
[buoy_visualizer-5] [INFO] [1771741096.506593105] [buoy_visualizer]: Buoy 3: range=11.28m, bearing=-33.9°, position=(9.37, -6.29), confidence=0.62
[buoy_visualizer-5] [INFO] [1771741096.508109692] [buoy_visualizer]: Buoy 4: range=0.36m, bearing=-164.4°, position=(-0.35, -0.10), confidence=1.00
[buoy_visualizer-5] [INFO] [1771741096.509921052] [buoy_visualizer]: Buoy 5: range=12.28m, bearing=-12.4°, position=(12.00, -2.63), confidence=0.25
[buoy_visualizer-5] [INFO] [1771741096.511851140] [buoy_visualizer]: Buoy 6: range=6.04m, bearing=-23.8°, position=(5.53, -2.44), confidence=1.00
[buoy_visualizer-5] [INFO] [1771741096.513591231] [buoy_visualizer]: Buoy 7: range=12.05m, bearing=-19.7°, position=(11.35, -4.06), confidence=0.88
[buoy_visualizer-5] [INFO] [1771741096.517034545] [buoy_visualizer]: Buoy 8: range=9.40m, bearing=-18.6°, position=(8.91, -3.00), confidence=0.25
[buoy_visualizer-5] [INFO] [1771741096.518188003] [buoy_visualizer]: Buoy 9: range=9.32m, bearing=-1.3°, position=(9.32, -0.21), confidence=0.38
[buoy_visualizer-5] [INFO] [1771741096.520270710] [buoy_visualizer]: Buoy 10: range=6.96m, bearing=65.6°, position=(2.87, 6.34), confidence=1.00
[buoy_visualizer-5] [INFO] [1771741096.522753381] [buoy_visualizer]: Buoy 11: range=6.92m, bearing=32.5°, position=(5.84, 3.72), confidence=0.62
[buoy_visualizer-5] [INFO] [1771741096.525899042] [buoy_visualizer]: Buoy 12: range=9.02m, bearing=-31.0°, position=(7.72, -4.65), confidence=0.25
[buoy_visualizer-5] [INFO] [1771741096.530176464] [buoy_visualizer]: Buoy 13: range=9.80m, bearing=45.2°, position=(6.90, 6.95), confidence=0.25
[buoy_visualizer-5] [INFO] [1771741096.531263068] [buoy_visualizer]: Buoy 14: range=12.40m, bearing=-29.7°, position=(10.76, -6.15), confidence=1.00
[buoy_visualizer-5] [INFO] [1771741096.537446352] [buoy_visualizer]: Published 15 buoy markers
[buoy_visualizer-5] [INFO] [1771741096.645196123] [buoy_visualizer]: Buoy 0: range=7.74m, bearing=-38.3°, position=(6.08, -4.79), confidence=0.25
[buoy_visualizer-5] [INFO] [1771741096.645998580] [buoy_visualizer]: Buoy 1: range=9.74m, bearing=-16.7°, position=(9.33, -2.80), confidence=0.38
[buoy_visualizer-5] [INFO] [1771741096.646717863] [buoy_visualizer]: Buoy 2: range=12.18m, bearing=-20.2°, position=(11.44, -4.20), confidence=0.75
[buoy_visualizer-5] [INFO] [1771741096.647425849] [buoy_visualizer]: Buoy 3: range=0.38m, bearing=-166.0°, position=(-0.37, -0.09), confidence=1.00
[buoy_visualizer-5] [INFO] [1771741096.648180782] [buoy_visualizer]: Buoy 4: range=6.96m, bearing=65.6°, position=(2.87, 6.34), confidence=1.00
[buoy_visualizer-5] [INFO] [1771741096.648903201] [buoy_visualizer]: Buoy 5: range=6.92m, bearing=32.5°, position=(5.84, 3.72), confidence=0.62
[buoy_visualizer-5] [INFO] [1771741096.649614771] [buoy_visualizer]: Buoy 6: range=11.38m, bearing=-34.0°, position=(9.44, -6.35), confidence=0.38
[buoy_visualizer-5] [INFO] [1771741096.650322309] [buoy_visualizer]: Buoy 7: range=13.77m, bearing=-32.4°, position=(11.63, -7.39), confidence=0.50
[buoy_visualizer-5] [INFO] [1771741096.651020598] [buoy_visualizer]: Buoy 8: range=8.98m, bearing=-31.6°, position=(7.65, -4.70), confidence=0.38
[buoy_visualizer-5] [INFO] [1771741096.661434516] [buoy_visualizer]: Buoy 9: range=9.74m, bearing=43.9°, position=(7.02, 6.75), confidence=0.62
[buoy_visualizer-5] [INFO] [1771741096.663343163] [buoy_visualizer]: Buoy 10: range=12.40m, bearing=-29.7°, position=(10.76, -6.15), confidence=1.00
[buoy_visualizer-5] [INFO] [1771741096.664641206] [buoy_visualizer]: Buoy 11: range=9.33m, bearing=-1.8°, position=(9.33, -0.29), confidence=0.88
[buoy_visualizer-5] [INFO] [1771741096.666046521] [buoy_visualizer]: Buoy 12: range=3.45m, bearing=-106.4°, position=(-0.97, -3.31), confidence=0.62
[buoy_visualizer-5] [INFO] [1771741096.667731088] [buoy_visualizer]: Published 13 buoy markers
[buoy_visualizer-5] [INFO] [1771741096.775816595] [buoy_visualizer]: Buoy 0: range=0.40m, bearing=-167.1°, position=(-0.39, -0.09), confidence=1.00
[buoy_visualizer-5] [INFO] [1771741096.777967082] [buoy_visualizer]: Buoy 1: range=6.92m, bearing=32.5°, position=(5.84, 3.72), confidence=0.62
[buoy_visualizer-5] [INFO] [1771741096.779552154] [buoy_visualizer]: Buoy 2: range=7.04m, bearing=65.1°, position=(2.97, 6.38), confidence=1.00
[buoy_visualizer-5] [INFO] [1771741096.781382171] [buoy_visualizer]: Buoy 3: range=11.38m, bearing=-34.0°, position=(9.44, -6.35), confidence=0.38
[buoy_visualizer-5] [INFO] [1771741096.782245496] [buoy_visualizer]: Buoy 4: range=13.77m, bearing=-32.4°, position=(11.63, -7.39), confidence=0.50
[buoy_visualizer-5] [INFO] [1771741096.782996493] [buoy_visualizer]: Buoy 5: range=8.98m, bearing=-31.6°, position=(7.65, -4.70), confidence=0.38
[buoy_visualizer-5] [INFO] [1771741096.785449690] [buoy_visualizer]: Buoy 6: range=9.74m, bearing=43.9°, position=(7.02, 6.75), confidence=0.62
[buoy_visualizer-5] [INFO] [1771741096.787046858] [buoy_visualizer]: Buoy 7: range=12.40m, bearing=-29.7°, position=(10.76, -6.15), confidence=1.00
[buoy_visualizer-5] [INFO] [1771741096.789364814] [buoy_visualizer]: Buoy 8: range=12.27m, bearing=-20.7°, position=(11.48, -4.33), confidence=0.50
[buoy_visualizer-5] [INFO] [1771741096.790794131] [buoy_visualizer]: Buoy 9: range=9.36m, bearing=-3.5°, position=(9.34, -0.57), confidence=1.00
[buoy_visualizer-5] [INFO] [1771741096.792216343] [buoy_visualizer]: Buoy 10: range=3.44m, bearing=-106.6°, position=(-0.98, -3.30), confidence=1.00
[buoy_visualizer-5] [INFO] [1771741096.793672509] [buoy_visualizer]: Buoy 11: range=9.82m, bearing=-15.7°, position=(9.45, -2.66), confidence=0.25
[buoy_visualizer-5] [INFO] [1771741096.795109411] [buoy_visualizer]: Buoy 12: range=9.61m, bearing=13.9°, position=(9.33, 2.30), confidence=0.50
[buoy_visualizer-5] [INFO] [1771741096.796468899] [buoy_visualizer]: Buoy 13: range=8.24m, bearing=-7.6°, position=(8.17, -1.09), confidence=0.25
[buoy_visualizer-5] [INFO] [1771741096.798734978] [buoy_visualizer]: Published 14 buoy markers
[buoy_visualizer-5] [INFO] [1771741096.918287886] [buoy_visualizer]: Buoy 0: range=0.42m, bearing=-168.3°, position=(-0.41, -0.09), confidence=1.00
[buoy_visualizer-5] [INFO] [1771741096.919193901] [buoy_visualizer]: Buoy 1: range=9.74m, bearing=43.5°, position=(7.06, 6.71), confidence=0.88
[buoy_visualizer-5] [INFO] [1771741096.919936386] [buoy_visualizer]: Buoy 2: range=7.01m, bearing=65.3°, position=(2.93, 6.36), confidence=1.00
[buoy_visualizer-5] [INFO] [1771741096.934350842] [buoy_visualizer]: Buoy 3: range=6.92m, bearing=32.4°, position=(5.84, 3.70), confidence=0.50
[buoy_visualizer-5] [INFO] [1771741096.940392292] [buoy_visualizer]: Buoy 4: range=3.44m, bearing=-106.6°, position=(-0.98, -3.30), confidence=1.00
[buoy_visualizer-5] [INFO] [1771741096.944950405] [buoy_visualizer]: Buoy 5: range=12.34m, bearing=-22.0°, position=(11.44, -4.63), confidence=0.25
[buoy_visualizer-5] [INFO] [1771741096.947226565] [buoy_visualizer]: Buoy 6: range=12.36m, bearing=-29.9°, position=(10.72, -6.17), confidence=1.00
[buoy_visualizer-5] [INFO] [1771741096.949626095] [buoy_visualizer]: Buoy 7: range=1.29m, bearing=16.9°, position=(1.24, 0.37), confidence=0.25
[buoy_visualizer-5] [INFO] [1771741096.951524756] [buoy_visualizer]: Buoy 8: range=8.44m, bearing=26.2°, position=(7.57, 3.73), confidence=0.25
[buoy_visualizer-5] [INFO] [1771741096.953155815] [buoy_visualizer]: Buoy 9: range=13.73m, bearing=-32.6°, position=(11.57, -7.39), confidence=0.75
[buoy_visualizer-5] [INFO] [1771741096.954888033] [buoy_visualizer]: Buoy 10: range=9.18m, bearing=-33.5°, position=(7.66, -5.06), confidence=0.25
[buoy_visualizer-5] [INFO] [1771741096.956883950] [buoy_visualizer]: Buoy 11: range=8.33m, bearing=-10.1°, position=(8.20, -1.46), confidence=0.50
[buoy_visualizer-5] [INFO] [1771741096.958540963] [buoy_visualizer]: Buoy 12: range=8.17m, bearing=2.0°, position=(8.17, 0.29), confidence=0.25
[buoy_visualizer-5] [INFO] [1771741096.961993046] [buoy_visualizer]: Published 13 buoy markers
[buoy_visualizer-5] [INFO] [1771741097.038767065] [buoy_visualizer]: Buoy 0: range=12.40m, bearing=-22.5°, position=(11.45, -4.74), confidence=0.38
[buoy_visualizer-5] [INFO] [1771741097.039681050] [buoy_visualizer]: Buoy 1: range=0.38m, bearing=-166.2°, position=(-0.37, -0.09), confidence=1.00
[buoy_visualizer-5] [INFO] [1771741097.042541251] [buoy_visualizer]: Buoy 2: range=6.90m, bearing=32.7°, position=(5.80, 3.73), confidence=0.75
[buoy_visualizer-5] [INFO] [1771741097.043710294] [buoy_visualizer]: Buoy 3: range=12.36m, bearing=-29.9°, position=(10.72, -6.17), confidence=1.00
[buoy_visualizer-5] [INFO] [1771741097.046663334] [buoy_visualizer]: Buoy 4: range=1.32m, bearing=24.0°, position=(1.21, 0.54), confidence=0.75
[buoy_visualizer-5] [INFO] [1771741097.048077578] [buoy_visualizer]: Buoy 5: range=8.44m, bearing=26.2°, position=(7.57, 3.73), confidence=0.25
[buoy_visualizer-5] [INFO] [1771741097.049337602] [buoy_visualizer]: Buoy 6: range=7.01m, bearing=65.1°, position=(2.95, 6.36), confidence=1.00
[buoy_visualizer-5] [INFO] [1771741097.050321512] [buoy_visualizer]: Buoy 7: range=8.04m, bearing=-37.4°, position=(6.39, -4.88), confidence=0.25
[buoy_visualizer-5] [INFO] [1771741097.051239848] [buoy_visualizer]: Buoy 8: range=13.91m, bearing=-34.0°, position=(11.54, -7.77), confidence=1.00
[buoy_visualizer-5] [INFO] [1771741097.052102277] [buoy_visualizer]: Buoy 9: range=9.72m, bearing=43.3°, position=(7.08, 6.67), confidence=0.75
[buoy_visualizer-5] [INFO] [1771741097.053056392] [buoy_visualizer]: Buoy 10: range=9.18m, bearing=-33.5°, position=(7.66, -5.06), confidence=0.25
[buoy_visualizer-5] [INFO] [1771741097.053867746] [buoy_visualizer]: Buoy 11: range=8.33m, bearing=-10.1°, position=(8.20, -1.46), confidence=0.50
[buoy_visualizer-5] [INFO] [1771741097.054747136] [buoy_visualizer]: Buoy 12: range=3.47m, bearing=-106.7°, position=(-1.00, -3.33), confidence=1.00
[buoy_visualizer-5] [INFO] [1771741097.055690594] [buoy_visualizer]: Buoy 13: range=4.32m, bearing=3.5°, position=(4.31, 0.27), confidence=0.25
[buoy_visualizer-5] [INFO] [1771741097.056528189] [buoy_visualizer]: Buoy 14: range=8.19m, bearing=2.0°, position=(8.19, 0.29), confidence=0.38
[buoy_visualizer-5] [INFO] [1771741097.057359448] [buoy_visualizer]: Buoy 15: range=8.16m, bearing=15.4°, position=(7.87, 2.17), confidence=0.38
[buoy_visualizer-5] [INFO] [1771741097.059263390] [buoy_visualizer]: Published 16 buoy markers
[buoy_visualizer-5] [INFO] [1771741097.169986201] [buoy_visualizer]: Buoy 0: range=7.92m, bearing=-38.1°, position=(6.23, -4.88), confidence=0.38
[buoy_visualizer-5] [INFO] [1771741097.171280660] [buoy_visualizer]: Buoy 1: range=13.88m, bearing=-33.7°, position=(11.54, -7.71), confidence=1.00
[buoy_visualizer-5] [INFO] [1771741097.172492265] [buoy_visualizer]: Buoy 2: range=6.84m, bearing=-19.3°, position=(6.46, -2.26), confidence=0.38
[buoy_visualizer-5] [INFO] [1771741097.173575542] [buoy_visualizer]: Buoy 3: range=0.39m, bearing=-166.6°, position=(-0.38, -0.09), confidence=1.00
[buoy_visualizer-5] [INFO] [1771741097.174637953] [buoy_visualizer]: Buoy 4: range=9.70m, bearing=43.7°, position=(7.01, 6.69), confidence=1.00
[buoy_visualizer-5] [INFO] [1771741097.176851229] [buoy_visualizer]: Buoy 5: range=7.01m, bearing=64.8°, position=(2.99, 6.34), confidence=1.00
[buoy_visualizer-5] [INFO] [1771741097.178271809] [buoy_visualizer]: Buoy 6: range=8.33m, bearing=-10.1°, position=(8.20, -1.46), confidence=0.50
[buoy_visualizer-5] [INFO] [1771741097.179312938] [buoy_visualizer]: Buoy 7: range=3.47m, bearing=-106.7°, position=(-1.00, -3.33), confidence=1.00
[buoy_visualizer-5] [INFO] [1771741097.180593828] [buoy_visualizer]: Buoy 8: range=5.83m, bearing=-26.1°, position=(5.23, -2.57), confidence=1.00
[buoy_visualizer-5] [INFO] [1771741097.181610476] [buoy_visualizer]: Buoy 9: range=12.39m, bearing=-22.3°, position=(11.46, -4.70), confidence=0.25
[buoy_visualizer-5] [INFO] [1771741097.182563855] [buoy_visualizer]: Buoy 10: range=4.23m, bearing=4.6°, position=(4.21, 0.34), confidence=0.50
[buoy_visualizer-5] [INFO] [1771741097.183949233] [buoy_visualizer]: Buoy 11: range=8.19m, bearing=2.5°, position=(8.18, 0.36), confidence=0.62
[buoy_visualizer-5] [INFO] [1771741097.185100930] [buoy_visualizer]: Buoy 12: range=1.34m, bearing=27.3°, position=(1.19, 0.61), confidence=0.88
[buoy_visualizer-5] [INFO] [1771741097.186036772] [buoy_visualizer]: Buoy 13: range=12.31m, bearing=-30.0°, position=(10.66, -6.16), confidence=1.00
[buoy_visualizer-5] [INFO] [1771741097.187145170] [buoy_visualizer]: Buoy 14: range=8.07m, bearing=16.4°, position=(7.74, 2.27), confidence=0.50
[buoy_visualizer-5] [INFO] [1771741097.188146809] [buoy_visualizer]: Buoy 15: range=6.88m, bearing=32.5°, position=(5.80, 3.70), confidence=0.50
[buoy_visualizer-5] [INFO] [1771741097.189920310] [buoy_visualizer]: Published 16 buoy markers
[buoy_visualizer-5] [INFO] [1771741097.290027044] [buoy_visualizer]: Buoy 0: range=7.03m, bearing=64.3°, position=(3.05, 6.33), confidence=1.00
[buoy_visualizer-5] [INFO] [1771741097.290885985] [buoy_visualizer]: Buoy 1: range=8.27m, bearing=-8.4°, position=(8.18, -1.21), confidence=0.50
[buoy_visualizer-5] [INFO] [1771741097.291735613] [buoy_visualizer]: Buoy 2: range=0.40m, bearing=-167.0°, position=(-0.39, -0.09), confidence=1.00
[buoy_visualizer-5] [INFO] [1771741097.292556375] [buoy_visualizer]: Buoy 3: range=3.49m, bearing=-106.5°, position=(-0.99, -3.34), confidence=1.00
[buoy_visualizer-5] [INFO] [1771741097.293351279] [buoy_visualizer]: Buoy 4: range=5.86m, bearing=-26.3°, position=(5.25, -2.59), confidence=1.00
[buoy_visualizer-5] [INFO] [1771741097.294184233] [buoy_visualizer]: Buoy 5: range=13.90m, bearing=-34.0°, position=(11.53, -7.77), confidence=0.75
[buoy_visualizer-5] [INFO] [1771741097.294911517] [buoy_visualizer]: Buoy 6: range=4.23m, bearing=4.6°, position=(4.21, 0.34), confidence=0.50
[buoy_visualizer-5] [INFO] [1771741097.295798619] [buoy_visualizer]: Buoy 7: range=8.19m, bearing=2.5°, position=(8.18, 0.36), confidence=0.62
[buoy_visualizer-5] [INFO] [1771741097.296770624] [buoy_visualizer]: Buoy 8: range=1.37m, bearing=27.3°, position=(1.22, 0.63), confidence=1.00
[buoy_visualizer-5] [INFO] [1771741097.297700097] [buoy_visualizer]: Buoy 9: range=9.69m, bearing=44.1°, position=(6.96, 6.75), confidence=0.62
[buoy_visualizer-5] [INFO] [1771741097.302174685] [buoy_visualizer]: Buoy 10: range=12.31m, bearing=-30.0°, position=(10.66, -6.16), confidence=1.00
[buoy_visualizer-5] [INFO] [1771741097.303132672] [buoy_visualizer]: Buoy 11: range=8.07m, bearing=16.4°, position=(7.74, 2.27), confidence=0.50
[buoy_visualizer-5] [INFO] [1771741097.303907063] [buoy_visualizer]: Buoy 12: range=7.95m, bearing=-37.6°, position=(6.30, -4.84), confidence=0.38
[buoy_visualizer-5] [INFO] [1771741097.304683469] [buoy_visualizer]: Buoy 13: range=9.86m, bearing=-17.3°, position=(9.41, -2.94), confidence=0.75
[buoy_visualizer-5] [INFO] [1771741097.305407872] [buoy_visualizer]: Buoy 14: range=6.68m, bearing=-17.6°, position=(6.36, -2.02), confidence=0.25
[buoy_visualizer-5] [INFO] [1771741097.306133940] [buoy_visualizer]: Buoy 15: range=6.88m, bearing=32.5°, position=(5.80, 3.70), confidence=0.50
[buoy_visualizer-5] [INFO] [1771741097.307773831] [buoy_visualizer]: Published 16 buoy markers
[buoy_visualizer-5] [INFO] [1771741097.420713758] [buoy_visualizer]: Buoy 0: range=13.97m, bearing=-34.1°, position=(11.56, -7.83), confidence=0.88
[buoy_visualizer-5] [INFO] [1771741097.421602493] [buoy_visualizer]: Buoy 1: range=4.23m, bearing=4.6°, position=(4.21, 0.34), confidence=0.50
[buoy_visualizer-5] [INFO] [1771741097.422546239] [buoy_visualizer]: Buoy 2: range=8.19m, bearing=2.5°, position=(8.18, 0.36), confidence=0.62
[buoy_visualizer-5] [INFO] [1771741097.423470913] [buoy_visualizer]: Buoy 3: range=0.34m, bearing=-163.5°, position=(-0.33, -0.10), confidence=1.00
[buoy_visualizer-5] [INFO] [1771741097.424288666] [buoy_visualizer]: Buoy 4: range=1.37m, bearing=27.3°, position=(1.22, 0.63), confidence=1.00
[buoy_visualizer-5] [INFO] [1771741097.425053392] [buoy_visualizer]: Buoy 5: range=9.68m, bearing=44.5°, position=(6.91, 6.78), confidence=0.75
[buoy_visualizer-5] [INFO] [1771741097.425949071] [buoy_visualizer]: Buoy 6: range=6.92m, bearing=66.2°, position=(2.80, 6.33), confidence=1.00
[buoy_visualizer-5] [INFO] [1771741097.427468826] [buoy_visualizer]: Buoy 7: range=12.38m, bearing=-28.9°, position=(10.84, -5.99), confidence=1.00
[buoy_visualizer-5] [INFO] [1771741097.429143952] [buoy_visualizer]: Buoy 8: range=8.29m, bearing=-9.2°, position=(8.19, -1.32), confidence=0.25
[buoy_visualizer-5] [INFO] [1771741097.430543315] [buoy_visualizer]: Buoy 9: range=8.07m, bearing=16.4°, position=(7.74, 2.27), confidence=0.50
[buoy_visualizer-5] [INFO] [1771741097.431409904] [buoy_visualizer]: Buoy 10: range=7.95m, bearing=-37.6°, position=(6.30, -4.84), confidence=0.38
[buoy_visualizer-5] [INFO] [1771741097.432205896] [buoy_visualizer]: Buoy 11: range=9.86m, bearing=-17.0°, position=(9.43, -2.89), confidence=1.00
[buoy_visualizer-5] [INFO] [1771741097.432959965] [buoy_visualizer]: Buoy 12: range=6.57m, bearing=-17.4°, position=(6.26, -1.96), confidence=0.38
[buoy_visualizer-5] [INFO] [1771741097.433678640] [buoy_visualizer]: Buoy 13: range=6.88m, bearing=32.5°, position=(5.80, 3.70), confidence=0.50
[buoy_visualizer-5] [INFO] [1771741097.434497418] [buoy_visualizer]: Buoy 14: range=3.51m, bearing=-106.4°, position=(-0.99, -3.37), confidence=0.75
[buoy_visualizer-5] [INFO] [1771741097.437014779] [buoy_visualizer]: Published 15 buoy markers
[buoy_visualizer-5] [INFO] [1771741097.553321568] [buoy_visualizer]: Buoy 0: range=14.34m, bearing=-35.9°, position=(11.62, -8.40), confidence=0.38
[buoy_visualizer-5] [INFO] [1771741097.554211198] [buoy_visualizer]: Buoy 1: range=7.95m, bearing=-37.6°, position=(6.30, -4.84), confidence=0.38
[buoy_visualizer-5] [INFO] [1771741097.554971476] [buoy_visualizer]: Buoy 2: range=6.57m, bearing=-17.4°, position=(6.26, -1.96), confidence=0.38
[buoy_visualizer-5] [INFO] [1771741097.556114308] [buoy_visualizer]: Buoy 3: range=8.19m, bearing=2.1°, position=(8.19, 0.30), confidence=0.62
[buoy_visualizer-5] [INFO] [1771741097.556971201] [buoy_visualizer]: Buoy 4: range=4.19m, bearing=5.5°, position=(4.17, 0.40), confidence=0.62
[buoy_visualizer-5] [INFO] [1771741097.557819069] [buoy_visualizer]: Buoy 5: range=0.31m, bearing=-162.3°, position=(-0.30, -0.10), confidence=1.00
[buoy_visualizer-5] [INFO] [1771741097.560253960] [buoy_visualizer]: Buoy 6: range=6.22m, bearing=24.6°, position=(5.66, 2.59), confidence=0.50
[buoy_visualizer-5] [INFO] [1771741097.562372765] [buoy_visualizer]: Buoy 7: range=1.38m, bearing=27.5°, position=(1.22, 0.64), confidence=1.00
[buoy_visualizer-5] [INFO] [1771741097.567869633] [buoy_visualizer]: Buoy 8: range=6.94m, bearing=66.8°, position=(2.74, 6.38), confidence=1.00
[buoy_visualizer-5] [INFO] [1771741097.569778055] [buoy_visualizer]: Buoy 9: range=8.18m, bearing=15.6°, position=(7.88, 2.19), confidence=0.38
[buoy_visualizer-5] [INFO] [1771741097.571344374] [buoy_visualizer]: Buoy 10: range=6.88m, bearing=32.9°, position=(5.78, 3.73), confidence=0.62
[buoy_visualizer-5] [INFO] [1771741097.579545944] [buoy_visualizer]: Buoy 11: range=3.51m, bearing=-105.9°, position=(-0.96, -3.38), confidence=1.00
[buoy_visualizer-5] [INFO] [1771741097.582095467] [buoy_visualizer]: Buoy 12: range=12.33m, bearing=-28.6°, position=(10.83, -5.91), confidence=1.00
[buoy_visualizer-5] [INFO] [1771741097.583367909] [buoy_visualizer]: Buoy 13: range=8.96m, bearing=-32.0°, position=(7.59, -4.75), confidence=0.50
[buoy_visualizer-5] [INFO] [1771741097.584672193] [buoy_visualizer]: Buoy 14: range=13.75m, bearing=-31.7°, position=(11.69, -7.23), confidence=0.25
[buoy_visualizer-5] [INFO] [1771741097.586083236] [buoy_visualizer]: Buoy 15: range=9.63m, bearing=45.6°, position=(6.74, 6.88), confidence=0.75
[buoy_visualizer-5] [INFO] [1771741097.588800932] [buoy_visualizer]: Buoy 16: range=8.37m, bearing=-9.9°, position=(8.25, -1.45), confidence=0.25
[buoy_visualizer-5] [INFO] [1771741097.592965353] [buoy_visualizer]: Published 17 buoy markers
[buoy_visualizer-5] [INFO] [1771741097.680128136] [buoy_visualizer]: Buoy 0: range=13.75m, bearing=-31.7°, position=(11.69, -7.23), confidence=0.25
[buoy_visualizer-5] [INFO] [1771741097.681167985] [buoy_visualizer]: Buoy 1: range=12.32m, bearing=-29.2°, position=(10.76, -6.01), confidence=1.00
[buoy_visualizer-5] [INFO] [1771741097.682005452] [buoy_visualizer]: Buoy 2: range=4.14m, bearing=6.3°, position=(4.11, 0.45), confidence=0.50
[buoy_visualizer-5] [INFO] [1771741097.682794660] [buoy_visualizer]: Buoy 3: range=8.20m, bearing=2.0°, position=(8.19, 0.28), confidence=0.62
[buoy_visualizer-5] [INFO] [1771741097.683564922] [buoy_visualizer]: Buoy 4: range=1.47m, bearing=27.0°, position=(1.31, 0.67), confidence=0.75
[buoy_visualizer-5] [INFO] [1771741097.686803358] [buoy_visualizer]: Buoy 5: range=5.78m, bearing=26.1°, position=(5.19, 2.54), confidence=0.25
[buoy_visualizer-5] [INFO] [1771741097.688881329] [buoy_visualizer]: Buoy 6: range=9.63m, bearing=45.6°, position=(6.74, 6.88), confidence=0.75
[buoy_visualizer-5] [INFO] [1771741097.689888536] [buoy_visualizer]: Buoy 7: range=6.99m, bearing=66.8°, position=(2.76, 6.42), confidence=1.00
[buoy_visualizer-5] [INFO] [1771741097.691470503] [buoy_visualizer]: Buoy 8: range=7.89m, bearing=-37.9°, position=(6.22, -4.85), confidence=0.25
[buoy_visualizer-5] [INFO] [1771741097.693267558] [buoy_visualizer]: Buoy 9: range=7.29m, bearing=21.4°, position=(6.79, 2.66), confidence=0.38
[buoy_visualizer-5] [INFO] [1771741097.694101569] [buoy_visualizer]: Buoy 10: range=0.31m, bearing=-162.3°, position=(-0.30, -0.10), confidence=1.00
[buoy_visualizer-5] [INFO] [1771741097.695227376] [buoy_visualizer]: Buoy 11: range=8.34m, bearing=-9.1°, position=(8.23, -1.33), confidence=0.38
[buoy_visualizer-5] [INFO] [1771741097.697131574] [buoy_visualizer]: Buoy 12: range=3.47m, bearing=-105.3°, position=(-0.92, -3.34), confidence=0.88
[buoy_visualizer-5] [INFO] [1771741097.698372782] [buoy_visualizer]: Buoy 13: range=12.12m, bearing=-17.4°, position=(11.57, -3.62), confidence=0.38
[buoy_visualizer-5] [INFO] [1771741097.699845750] [buoy_visualizer]: Buoy 14: range=6.88m, bearing=34.4°, position=(5.68, 3.89), confidence=0.25
[buoy_visualizer-5] [INFO] [1771741097.701699768] [buoy_visualizer]: Published 15 buoy markers
[buoy_visualizer-5] [INFO] [1771741097.810701306] [buoy_visualizer]: Buoy 0: range=0.06m, bearing=161.1°, position=(-0.06, 0.02), confidence=1.00
[buoy_visualizer-5] [INFO] [1771741097.815646166] [buoy_visualizer]: Buoy 1: range=7.17m, bearing=22.3°, position=(6.63, 2.72), confidence=0.38
[buoy_visualizer-5] [INFO] [1771741097.818817750] [buoy_visualizer]: Buoy 2: range=7.00m, bearing=67.0°, position=(2.73, 6.45), confidence=1.00
[buoy_visualizer-5] [INFO] [1771741097.821544470] [buoy_visualizer]: Buoy 3: range=8.34m, bearing=-9.1°, position=(8.23, -1.33), confidence=0.38
[buoy_visualizer-5] [INFO] [1771741097.824071688] [buoy_visualizer]: Buoy 4: range=3.47m, bearing=-105.3°, position=(-0.92, -3.34), confidence=0.88
[buoy_visualizer-5] [INFO] [1771741097.826024050] [buoy_visualizer]: Buoy 5: range=12.40m, bearing=-28.3°, position=(10.92, -5.88), confidence=1.00
[buoy_visualizer-5] [INFO] [1771741097.828225645] [buoy_visualizer]: Buoy 6: range=9.66m, bearing=46.0°, position=(6.71, 6.96), confidence=0.75
[buoy_visualizer-5] [INFO] [1771741097.830313728] [buoy_visualizer]: Buoy 7: range=6.83m, bearing=-28.9°, position=(5.98, -3.31), confidence=0.50
[buoy_visualizer-5] [INFO] [1771741097.832804464] [buoy_visualizer]: Buoy 8: range=12.12m, bearing=-17.4°, position=(11.57, -3.62), confidence=0.38
[buoy_visualizer-5] [INFO] [1771741097.834652242] [buoy_visualizer]: Buoy 9: range=8.20m, bearing=1.6°, position=(8.20, 0.22), confidence=0.50
[buoy_visualizer-5] [INFO] [1771741097.836957460] [buoy_visualizer]: Buoy 10: range=13.77m, bearing=-31.4°, position=(11.75, -7.18), confidence=0.38
[buoy_visualizer-5] [INFO] [1771741097.837958267] [buoy_visualizer]: Buoy 11: range=4.13m, bearing=6.3°, position=(4.10, 0.45), confidence=0.50
[buoy_visualizer-5] [INFO] [1771741097.838906878] [buoy_visualizer]: Buoy 12: range=6.88m, bearing=34.4°, position=(5.68, 3.89), confidence=0.25
[buoy_visualizer-5] [INFO] [1771741097.841699938] [buoy_visualizer]: Published 13 buoy markers
[buoy_visualizer-5] [INFO] [1771741097.908364188] [buoy_visualizer]: Buoy 0: range=0.14m, bearing=-172.2°, position=(-0.14, -0.02), confidence=1.00
[buoy_visualizer-5] [INFO] [1771741097.909675513] [buoy_visualizer]: Buoy 1: range=8.31m, bearing=-31.9°, position=(7.06, -4.39), confidence=0.25
[buoy_visualizer-5] [INFO] [1771741097.910803240] [buoy_visualizer]: Buoy 2: range=12.40m, bearing=-28.3°, position=(10.92, -5.88), confidence=1.00
[buoy_visualizer-5] [INFO] [1771741097.912250446] [buoy_visualizer]: Buoy 3: range=9.69m, bearing=45.9°, position=(6.74, 6.96), confidence=0.88
[buoy_visualizer-5] [INFO] [1771741097.913483525] [buoy_visualizer]: Buoy 4: range=7.00m, bearing=67.4°, position=(2.69, 6.47), confidence=1.00
[buoy_visualizer-5] [INFO] [1771741097.914692922] [buoy_visualizer]: Buoy 5: range=13.96m, bearing=-32.4°, position=(11.78, -7.49), confidence=0.62
[buoy_visualizer-5] [INFO] [1771741097.921051771] [buoy_visualizer]: Buoy 6: range=12.12m, bearing=-17.4°, position=(11.57, -3.62), confidence=0.38
[buoy_visualizer-5] [INFO] [1771741097.923772122] [buoy_visualizer]: Buoy 7: range=8.20m, bearing=1.6°, position=(8.20, 0.22), confidence=0.50
[buoy_visualizer-5] [INFO] [1771741097.925351466] [buoy_visualizer]: Buoy 8: range=8.40m, bearing=-10.0°, position=(8.27, -1.45), confidence=0.25
[buoy_visualizer-5] [INFO] [1771741097.928218068] [buoy_visualizer]: Buoy 9: range=4.13m, bearing=6.3°, position=(4.10, 0.45), confidence=0.50
[buoy_visualizer-5] [INFO] [1771741097.930232002] [buoy_visualizer]: Buoy 10: range=3.47m, bearing=-104.3°, position=(-0.86, -3.37), confidence=0.88
[buoy_visualizer-5] [INFO] [1771741097.931816593] [buoy_visualizer]: Buoy 11: range=6.89m, bearing=35.0°, position=(5.64, 3.96), confidence=0.62
[buoy_visualizer-5] [INFO] [1771741097.938788285] [buoy_visualizer]: Buoy 12: range=7.40m, bearing=21.8°, position=(6.87, 2.75), confidence=0.25
[buoy_visualizer-5] [INFO] [1771741097.941914297] [buoy_visualizer]: Buoy 13: range=6.07m, bearing=26.9°, position=(5.41, 2.75), confidence=0.25
[buoy_visualizer-5] [INFO] [1771741097.945065975] [buoy_visualizer]: Published 14 buoy markers
[buoy_visualizer-5] [INFO] [1771741098.054023669] [buoy_visualizer]: Buoy 0: range=8.20m, bearing=1.6°, position=(8.20, 0.22), confidence=0.50
[buoy_visualizer-5] [INFO] [1771741098.055087424] [buoy_visualizer]: Buoy 1: range=0.17m, bearing=-167.9°, position=(-0.16, -0.03), confidence=1.00
[buoy_visualizer-5] [INFO] [1771741098.056082182] [buoy_visualizer]: Buoy 2: range=11.31m, bearing=-31.5°, position=(9.65, -5.91), confidence=0.25
[buoy_visualizer-5] [INFO] [1771741098.060096256] [buoy_visualizer]: Buoy 3: range=14.05m, bearing=-32.2°, position=(11.89, -7.48), confidence=0.88
[buoy_visualizer-5] [INFO] [1771741098.064789707] [buoy_visualizer]: Buoy 4: range=8.40m, bearing=-10.0°, position=(8.27, -1.45), confidence=0.25
[buoy_visualizer-5] [INFO] [1771741098.066098855] [buoy_visualizer]: Buoy 5: range=4.13m, bearing=6.3°, position=(4.10, 0.45), confidence=0.50
[buoy_visualizer-5] [INFO] [1771741098.067155762] [buoy_visualizer]: Buoy 6: range=9.70m, bearing=45.8°, position=(6.76, 6.96), confidence=0.75
[buoy_visualizer-5] [INFO] [1771741098.068170105] [buoy_visualizer]: Buoy 7: range=3.48m, bearing=-104.2°, position=(-0.85, -3.37), confidence=1.00
[buoy_visualizer-5] [INFO] [1771741098.069225508] [buoy_visualizer]: Buoy 8: range=6.99m, bearing=67.2°, position=(2.71, 6.45), confidence=1.00
[buoy_visualizer-5] [INFO] [1771741098.070736014] [buoy_visualizer]: Buoy 9: range=6.89m, bearing=35.0°, position=(5.65, 3.95), confidence=0.88
[buoy_visualizer-5] [INFO] [1771741098.072794559] [buoy_visualizer]: Buoy 10: range=12.18m, bearing=-17.8°, position=(11.60, -3.72), confidence=0.25
[buoy_visualizer-5] [INFO] [1771741098.074874450] [buoy_visualizer]: Buoy 11: range=7.33m, bearing=-19.1°, position=(6.93, -2.39), confidence=0.50
[buoy_visualizer-5] [INFO] [1771741098.077135089] [buoy_visualizer]: Buoy 12: range=7.40m, bearing=21.8°, position=(6.87, 2.75), confidence=0.25
[buoy_visualizer-5] [INFO] [1771741098.078626842] [buoy_visualizer]: Buoy 13: range=6.07m, bearing=26.9°, position=(5.41, 2.75), confidence=0.25
[buoy_visualizer-5] [INFO] [1771741098.079809741] [buoy_visualizer]: Buoy 14: range=12.30m, bearing=-28.4°, position=(10.82, -5.85), confidence=0.50
[buoy_visualizer-5] [INFO] [1771741098.082036042] [buoy_visualizer]: Published 15 buoy markers
[buoy_visualizer-5] [INFO] [1771741098.197268833] [buoy_visualizer]: Buoy 0: range=12.29m, bearing=-19.1°, position=(11.62, -4.02), confidence=0.50
[buoy_visualizer-5] [INFO] [1771741098.198176065] [buoy_visualizer]: Buoy 1: range=7.33m, bearing=-19.7°, position=(6.90, -2.48), confidence=0.62
[buoy_visualizer-5] [INFO] [1771741098.199823861] [buoy_visualizer]: Buoy 2: range=8.21m, bearing=1.5°, position=(8.20, 0.21), confidence=0.38
[buoy_visualizer-5] [INFO] [1771741098.200937956] [buoy_visualizer]: Buoy 3: range=0.10m, bearing=-173.6°, position=(-0.10, -0.01), confidence=1.00
[buoy_visualizer-5] [INFO] [1771741098.201852164] [buoy_visualizer]: Buoy 4: range=7.40m, bearing=21.8°, position=(6.87, 2.75), confidence=0.25
[buoy_visualizer-5] [INFO] [1771741098.202711809] [buoy_visualizer]: Buoy 5: range=6.98m, bearing=67.2°, position=(2.71, 6.44), confidence=1.00
[buoy_visualizer-5] [INFO] [1771741098.203517337] [buoy_visualizer]: Buoy 6: range=3.46m, bearing=-104.1°, position=(-0.85, -3.36), confidence=0.75
[buoy_visualizer-5] [INFO] [1771741098.204509983] [buoy_visualizer]: Buoy 7: range=6.89m, bearing=35.1°, position=(5.64, 3.96), confidence=0.75
[buoy_visualizer-5] [INFO] [1771741098.206952491] [buoy_visualizer]: Buoy 8: range=14.07m, bearing=-32.3°, position=(11.90, -7.51), confidence=0.75
[buoy_visualizer-5] [INFO] [1771741098.209341044] [buoy_visualizer]: Buoy 9: range=4.12m, bearing=5.9°, position=(4.10, 0.42), confidence=0.25
[buoy_visualizer-5] [INFO] [1771741098.211976813] [buoy_visualizer]: Buoy 10: range=6.07m, bearing=26.9°, position=(5.41, 2.75), confidence=0.25
[buoy_visualizer-5] [INFO] [1771741098.214859289] [buoy_visualizer]: Buoy 11: range=9.79m, bearing=45.9°, position=(6.82, 7.02), confidence=0.62
[buoy_visualizer-5] [INFO] [1771741098.217263746] [buoy_visualizer]: Buoy 12: range=12.30m, bearing=-28.4°, position=(10.82, -5.85), confidence=0.50
[buoy_visualizer-5] [INFO] [1771741098.221196919] [buoy_visualizer]: Published 13 buoy markers
[buoy_visualizer-5] [INFO] [1771741098.308802451] [buoy_visualizer]: Buoy 0: range=14.07m, bearing=-32.3°, position=(11.90, -7.51), confidence=0.75
[buoy_visualizer-5] [INFO] [1771741098.309710195] [buoy_visualizer]: Buoy 1: range=3.98m, bearing=-2.5°, position=(3.97, -0.18), confidence=0.62
[buoy_visualizer-5] [INFO] [1771741098.310530829] [buoy_visualizer]: Buoy 2: range=0.13m, bearing=-171.0°, position=(-0.13, -0.02), confidence=1.00
[buoy_visualizer-5] [INFO] [1771741098.311324933] [buoy_visualizer]: Buoy 3: range=9.79m, bearing=45.9°, position=(6.82, 7.02), confidence=0.62
[buoy_visualizer-5] [INFO] [1771741098.312258343] [buoy_visualizer]: Buoy 4: range=6.96m, bearing=67.5°, position=(2.67, 6.43), confidence=1.00
[buoy_visualizer-5] [INFO] [1771741098.313423129] [buoy_visualizer]: Buoy 5: range=12.33m, bearing=-28.4°, position=(10.85, -5.87), confidence=0.75
[buoy_visualizer-5] [INFO] [1771741098.314788697] [buoy_visualizer]: Buoy 6: range=8.18m, bearing=1.4°, position=(8.18, 0.21), confidence=0.25
[buoy_visualizer-5] [INFO] [1771741098.317857649] [buoy_visualizer]: Buoy 7: range=7.37m, bearing=-22.1°, position=(6.82, -2.77), confidence=0.38
[buoy_visualizer-5] [INFO] [1771741098.319036068] [buoy_visualizer]: Buoy 8: range=8.41m, bearing=14.1°, position=(8.15, 2.05), confidence=0.25
[buoy_visualizer-5] [INFO] [1771741098.320250458] [buoy_visualizer]: Buoy 9: range=6.91m, bearing=35.0°, position=(5.66, 3.97), confidence=0.75
[buoy_visualizer-5] [INFO] [1771741098.321238944] [buoy_visualizer]: Buoy 10: range=3.49m, bearing=-103.8°, position=(-0.83, -3.39), confidence=0.50
[buoy_visualizer-5] [INFO] [1771741098.323447995] [buoy_visualizer]: Buoy 11: range=10.62m, bearing=32.0°, position=(9.00, 5.63), confidence=0.25
[buoy_visualizer-5] [INFO] [1771741098.326057363] [buoy_visualizer]: Buoy 12: range=12.41m, bearing=-20.4°, position=(11.63, -4.33), confidence=0.25
[buoy_visualizer-5] [INFO] [1771741098.328972288] [buoy_visualizer]: Published 13 buoy markers
[buoy_visualizer-5] [INFO] [1771741098.438244531] [buoy_visualizer]: Buoy 0: range=6.95m, bearing=68.0°, position=(2.60, 6.45), confidence=1.00
[buoy_visualizer-5] [INFO] [1771741098.439336448] [buoy_visualizer]: Buoy 1: range=14.17m, bearing=-32.4°, position=(11.97, -7.59), confidence=0.75
[buoy_visualizer-5] [INFO] [1771741098.440997653] [buoy_visualizer]: Buoy 2: range=7.98m, bearing=-33.1°, position=(6.69, -4.36), confidence=0.25
[buoy_visualizer-5] [INFO] [1771741098.442233804] [buoy_visualizer]: Buoy 3: range=6.98m, bearing=-14.6°, position=(6.75, -1.76), confidence=0.25
[buoy_visualizer-5] [INFO] [1771741098.443920195] [buoy_visualizer]: Buoy 4: range=9.76m, bearing=46.0°, position=(6.78, 7.02), confidence=0.62
[buoy_visualizer-5] [INFO] [1771741098.445178556] [buoy_visualizer]: Buoy 5: range=7.36m, bearing=-22.1°, position=(6.82, -2.76), confidence=0.50
[buoy_visualizer-5] [INFO] [1771741098.446065434] [buoy_visualizer]: Buoy 6: range=8.41m, bearing=14.1°, position=(8.15, 2.05), confidence=0.25
[buoy_visualizer-5] [INFO] [1771741098.448369309] [buoy_visualizer]: Buoy 7: range=6.91m, bearing=35.0°, position=(5.66, 3.97), confidence=0.75
[buoy_visualizer-5] [INFO] [1771741098.449950924] [buoy_visualizer]: Buoy 8: range=3.47m, bearing=-103.9°, position=(-0.83, -3.37), confidence=1.00
[buoy_visualizer-5] [INFO] [1771741098.450916688] [buoy_visualizer]: Buoy 9: range=0.31m, bearing=-160.8°, position=(-0.30, -0.10), confidence=1.00
[buoy_visualizer-5] [INFO] [1771741098.451773997] [buoy_visualizer]: Buoy 10: range=10.62m, bearing=32.0°, position=(9.00, 5.63), confidence=0.25
[buoy_visualizer-5] [INFO] [1771741098.452718287] [buoy_visualizer]: Buoy 11: range=11.77m, bearing=-30.0°, position=(10.20, -5.88), confidence=0.62
[buoy_visualizer-5] [INFO] [1771741098.453563595] [buoy_visualizer]: Buoy 12: range=8.62m, bearing=-13.1°, position=(8.39, -1.95), confidence=0.25
[buoy_visualizer-5] [INFO] [1771741098.454807138] [buoy_visualizer]: Buoy 13: range=3.93m, bearing=-0.4°, position=(3.93, -0.03), confidence=0.88
[buoy_visualizer-5] [INFO] [1771741098.455783143] [buoy_visualizer]: Buoy 14: range=1.28m, bearing=24.7°, position=(1.16, 0.53), confidence=0.38
[buoy_visualizer-5] [INFO] [1771741098.457717007] [buoy_visualizer]: Buoy 15: range=12.40m, bearing=-20.5°, position=(11.61, -4.35), confidence=0.38
[buoy_visualizer-5] [INFO] [1771741098.459371844] [buoy_visualizer]: Buoy 16: range=8.18m, bearing=2.5°, position=(8.17, 0.36), confidence=0.25
[buoy_visualizer-5] [INFO] [1771741098.462043040] [buoy_visualizer]: Published 17 buoy markers
[buoy_visualizer-5] [INFO] [1771741098.547532487] [buoy_visualizer]: Buoy 0: range=0.31m, bearing=-160.8°, position=(-0.30, -0.10), confidence=1.00
[buoy_visualizer-5] [INFO] [1771741098.548887911] [buoy_visualizer]: Buoy 1: range=9.78m, bearing=19.1°, position=(9.24, 3.20), confidence=0.38
[buoy_visualizer-5] [INFO] [1771741098.550861618] [buoy_visualizer]: Buoy 2: range=6.92m, bearing=34.7°, position=(5.69, 3.94), confidence=0.50
[buoy_visualizer-5] [INFO] [1771741098.551777651] [buoy_visualizer]: Buoy 3: range=6.94m, bearing=68.3°, position=(2.57, 6.45), confidence=1.00
[buoy_visualizer-5] [INFO] [1771741098.553053996] [buoy_visualizer]: Buoy 4: range=10.62m, bearing=32.0°, position=(9.00, 5.63), confidence=0.25
[buoy_visualizer-5] [INFO] [1771741098.558176245] [buoy_visualizer]: Buoy 5: range=3.46m, bearing=-103.8°, position=(-0.82, -3.36), confidence=1.00
[buoy_visualizer-5] [INFO] [1771741098.561594726] [buoy_visualizer]: Buoy 6: range=14.18m, bearing=-32.3°, position=(11.98, -7.58), confidence=0.62
[buoy_visualizer-5] [INFO] [1771741098.562591724] [buoy_visualizer]: Buoy 7: range=11.77m, bearing=-30.0°, position=(10.20, -5.88), confidence=0.62
[buoy_visualizer-5] [INFO] [1771741098.563547504] [buoy_visualizer]: Buoy 8: range=8.52m, bearing=-11.1°, position=(8.36, -1.63), confidence=0.38
[buoy_visualizer-5] [INFO] [1771741098.564515316] [buoy_visualizer]: Buoy 9: range=3.93m, bearing=-0.4°, position=(3.93, -0.03), confidence=0.88
[buoy_visualizer-5] [INFO] [1771741098.565355951] [buoy_visualizer]: Buoy 10: range=1.28m, bearing=24.7°, position=(1.16, 0.53), confidence=0.38
[buoy_visualizer-5] [INFO] [1771741098.566179913] [buoy_visualizer]: Buoy 11: range=9.74m, bearing=46.2°, position=(6.74, 7.03), confidence=0.50
[buoy_visualizer-5] [INFO] [1771741098.567120844] [buoy_visualizer]: Buoy 12: range=7.34m, bearing=-22.2°, position=(6.79, -2.78), confidence=0.25
[buoy_visualizer-5] [INFO] [1771741098.568467178] [buoy_visualizer]: Buoy 13: range=12.40m, bearing=-20.5°, position=(11.61, -4.35), confidence=0.38
[buoy_visualizer-5] [INFO] [1771741098.569663071] [buoy_visualizer]: Buoy 14: range=8.18m, bearing=2.5°, position=(8.17, 0.36), confidence=0.25
[buoy_visualizer-5] [INFO] [1771741098.570623106] [buoy_visualizer]: Buoy 15: range=8.40m, bearing=14.5°, position=(8.13, 2.10), confidence=0.38
[buoy_visualizer-5] [INFO] [1771741098.572778842] [buoy_visualizer]: Published 16 buoy markers
[buoy_visualizer-5] [INFO] [1771741098.664098940] [buoy_visualizer]: Buoy 0: range=8.49m, bearing=-10.5°, position=(8.35, -1.55), confidence=0.50
[buoy_visualizer-5] [INFO] [1771741098.665512096] [buoy_visualizer]: Buoy 1: range=4.02m, bearing=-1.4°, position=(4.02, -0.10), confidence=1.00
[buoy_visualizer-5] [INFO] [1771741098.667212440] [buoy_visualizer]: Buoy 2: range=0.31m, bearing=-161.7°, position=(-0.30, -0.10), confidence=1.00
[buoy_visualizer-5] [INFO] [1771741098.670700717] [buoy_visualizer]: Buoy 3: range=1.28m, bearing=19.9°, position=(1.20, 0.44), confidence=0.50
[buoy_visualizer-5] [INFO] [1771741098.673038482] [buoy_visualizer]: Buoy 4: range=6.95m, bearing=68.1°, position=(2.60, 6.45), confidence=1.00
[buoy_visualizer-5] [INFO] [1771741098.674689318] [buoy_visualizer]: Buoy 5: range=9.73m, bearing=46.5°, position=(6.70, 7.05), confidence=0.88
[buoy_visualizer-5] [INFO] [1771741098.676284439] [buoy_visualizer]: Buoy 6: range=7.34m, bearing=-22.2°, position=(6.80, -2.77), confidence=0.50
[buoy_visualizer-5] [INFO] [1771741098.678537173] [buoy_visualizer]: Buoy 7: range=12.40m, bearing=-20.5°, position=(11.61, -4.35), confidence=0.38
[buoy_visualizer-5] [INFO] [1771741098.679854354] [buoy_visualizer]: Buoy 8: range=8.18m, bearing=2.5°, position=(8.17, 0.36), confidence=0.25
[buoy_visualizer-5] [INFO] [1771741098.682688602] [buoy_visualizer]: Buoy 9: range=12.08m, bearing=-28.7°, position=(10.59, -5.80), confidence=0.88
[buoy_visualizer-5] [INFO] [1771741098.683896495] [buoy_visualizer]: Buoy 10: range=8.40m, bearing=14.5°, position=(8.13, 2.10), confidence=0.38
[buoy_visualizer-5] [INFO] [1771741098.685365111] [buoy_visualizer]: Buoy 11: range=6.94m, bearing=34.9°, position=(5.69, 3.97), confidence=0.38
[buoy_visualizer-5] [INFO] [1771741098.686145454] [buoy_visualizer]: Buoy 12: range=3.45m, bearing=-103.8°, position=(-0.82, -3.35), confidence=0.88
[buoy_visualizer-5] [INFO] [1771741098.686875425] [buoy_visualizer]: Buoy 13: range=13.88m, bearing=-31.0°, position=(11.89, -7.15), confidence=0.50
[buoy_visualizer-5] [INFO] [1771741098.693293029] [buoy_visualizer]: Published 14 buoy markers
[buoy_visualizer-5] [INFO] [1771741098.777438606] [buoy_visualizer]: Buoy 0: range=12.08m, bearing=-28.7°, position=(10.59, -5.80), confidence=0.88
[buoy_visualizer-5] [INFO] [1771741098.778371791] [buoy_visualizer]: Buoy 1: range=6.94m, bearing=68.5°, position=(2.54, 6.46), confidence=1.00
[buoy_visualizer-5] [INFO] [1771741098.779316018] [buoy_visualizer]: Buoy 2: range=4.03m, bearing=-0.4°, position=(4.03, -0.03), confidence=1.00
[buoy_visualizer-5] [INFO] [1771741098.780322553] [buoy_visualizer]: Buoy 3: range=0.32m, bearing=-162.4°, position=(-0.30, -0.10), confidence=1.00
[buoy_visualizer-5] [INFO] [1771741098.781163540] [buoy_visualizer]: Buoy 4: range=8.28m, bearing=10.8°, position=(8.13, 1.55), confidence=0.75
[buoy_visualizer-5] [INFO] [1771741098.781966477] [buoy_visualizer]: Buoy 5: range=6.94m, bearing=34.9°, position=(5.69, 3.97), confidence=0.38
[buoy_visualizer-5] [INFO] [1771741098.782717250] [buoy_visualizer]: Buoy 6: range=3.45m, bearing=-103.8°, position=(-0.82, -3.35), confidence=0.88
[buoy_visualizer-5] [INFO] [1771741098.787864012] [buoy_visualizer]: Buoy 7: range=7.96m, bearing=-32.7°, position=(6.70, -4.31), confidence=0.25
[buoy_visualizer-5] [INFO] [1771741098.789939422] [buoy_visualizer]: Buoy 8: range=13.96m, bearing=-31.3°, position=(11.93, -7.26), confidence=0.75
[buoy_visualizer-5] [INFO] [1771741098.790824861] [buoy_visualizer]: Buoy 9: range=6.96m, bearing=-14.2°, position=(6.75, -1.71), confidence=0.25
[buoy_visualizer-5] [INFO] [1771741098.791620309] [buoy_visualizer]: Buoy 10: range=8.43m, bearing=-8.9°, position=(8.33, -1.31), confidence=0.38
[buoy_visualizer-5] [INFO] [1771741098.792423661] [buoy_visualizer]: Buoy 11: range=9.71m, bearing=46.6°, position=(6.68, 7.05), confidence=0.75
[buoy_visualizer-5] [INFO] [1771741098.793194020] [buoy_visualizer]: Buoy 12: range=7.34m, bearing=-22.1°, position=(6.80, -2.76), confidence=0.38
[buoy_visualizer-5] [INFO] [1771741098.793907414] [buoy_visualizer]: Buoy 13: range=1.45m, bearing=11.3°, position=(1.42, 0.28), confidence=0.50
[buoy_visualizer-5] [INFO] [1771741098.795619183] [buoy_visualizer]: Published 14 buoy markers
[buoy_visualizer-5] [INFO] [1771741098.902986715] [buoy_visualizer]: Buoy 0: range=12.15m, bearing=-28.1°, position=(10.71, -5.73), confidence=1.00
[buoy_visualizer-5] [INFO] [1771741098.904093257] [buoy_visualizer]: Buoy 1: range=6.95m, bearing=68.4°, position=(2.56, 6.46), confidence=1.00
[buoy_visualizer-5] [INFO] [1771741098.907568638] [buoy_visualizer]: Buoy 2: range=0.34m, bearing=-163.1°, position=(-0.32, -0.10), confidence=1.00
[buoy_visualizer-5] [INFO] [1771741098.908983298] [buoy_visualizer]: Buoy 3: range=8.26m, bearing=9.5°, position=(8.14, 1.36), confidence=0.88
[buoy_visualizer-5] [INFO] [1771741098.910059726] [buoy_visualizer]: Buoy 4: range=6.93m, bearing=34.8°, position=(5.69, 3.95), confidence=0.62
[buoy_visualizer-5] [INFO] [1771741098.911094551] [buoy_visualizer]: Buoy 5: range=3.50m, bearing=-103.5°, position=(-0.82, -3.41), confidence=1.00
[buoy_visualizer-5] [INFO] [1771741098.912169250] [buoy_visualizer]: Buoy 6: range=7.96m, bearing=-32.7°, position=(6.70, -4.31), confidence=0.25
[buoy_visualizer-5] [INFO] [1771741098.913237742] [buoy_visualizer]: Buoy 7: range=13.96m, bearing=-31.3°, position=(11.93, -7.26), confidence=0.75
[buoy_visualizer-5] [INFO] [1771741098.914267222] [buoy_visualizer]: Buoy 8: range=6.96m, bearing=-14.2°, position=(6.75, -1.71), confidence=0.25
[buoy_visualizer-5] [INFO] [1771741098.915377188] [buoy_visualizer]: Buoy 9: range=8.43m, bearing=-8.9°, position=(8.33, -1.31), confidence=0.38
[buoy_visualizer-5] [INFO] [1771741098.918231469] [buoy_visualizer]: Buoy 10: range=9.71m, bearing=46.6°, position=(6.68, 7.05), confidence=0.75
[buoy_visualizer-5] [INFO] [1771741098.919394591] [buoy_visualizer]: Buoy 11: range=12.48m, bearing=-20.7°, position=(11.67, -4.42), confidence=0.25
[buoy_visualizer-5] [INFO] [1771741098.920493997] [buoy_visualizer]: Buoy 12: range=1.50m, bearing=14.2°, position=(1.45, 0.37), confidence=0.62
[buoy_visualizer-5] [INFO] [1771741098.922301388] [buoy_visualizer]: Published 13 buoy markers
[buoy_visualizer-5] [INFO] [1771741099.024122834] [buoy_visualizer]: Buoy 0: range=3.50m, bearing=-103.4°, position=(-0.81, -3.40), confidence=1.00
[buoy_visualizer-5] [INFO] [1771741099.025088822] [buoy_visualizer]: Buoy 1: range=7.96m, bearing=-32.7°, position=(6.70, -4.31), confidence=0.25
[buoy_visualizer-5] [INFO] [1771741099.025900751] [buoy_visualizer]: Buoy 2: range=13.84m, bearing=-30.3°, position=(11.95, -6.99), confidence=1.00
[buoy_visualizer-5] [INFO] [1771741099.026673157] [buoy_visualizer]: Buoy 3: range=11.45m, bearing=-30.9°, position=(9.83, -5.88), confidence=0.25
[buoy_visualizer-5] [INFO] [1771741099.039696507] [buoy_visualizer]: Buoy 4: range=6.96m, bearing=-14.2°, position=(6.75, -1.71), confidence=0.25
[buoy_visualizer-5] [INFO] [1771741099.042404314] [buoy_visualizer]: Buoy 5: range=8.24m, bearing=9.0°, position=(8.14, 1.29), confidence=0.75
[buoy_visualizer-5] [INFO] [1771741099.045333832] [buoy_visualizer]: Buoy 6: range=0.33m, bearing=-162.7°, position=(-0.32, -0.10), confidence=1.00
[buoy_visualizer-5] [INFO] [1771741099.046693000] [buoy_visualizer]: Buoy 7: range=8.40m, bearing=-7.9°, position=(8.32, -1.16), confidence=0.50
[buoy_visualizer-5] [INFO] [1771741099.047820663] [buoy_visualizer]: Buoy 8: range=9.70m, bearing=46.2°, position=(6.71, 7.01), confidence=0.88
[buoy_visualizer-5] [INFO] [1771741099.048900067] [buoy_visualizer]: Buoy 9: range=6.96m, bearing=68.0°, position=(2.61, 6.45), confidence=1.00
[buoy_visualizer-5] [INFO] [1771741099.049915691] [buoy_visualizer]: Buoy 10: range=12.48m, bearing=-20.7°, position=(11.67, -4.42), confidence=0.25
[buoy_visualizer-5] [INFO] [1771741099.050806025] [buoy_visualizer]: Buoy 11: range=6.92m, bearing=35.0°, position=(5.66, 3.97), confidence=0.62
[buoy_visualizer-5] [INFO] [1771741099.051687879] [buoy_visualizer]: Buoy 12: range=1.46m, bearing=16.3°, position=(1.40, 0.41), confidence=0.75
[buoy_visualizer-5] [INFO] [1771741099.052590215] [buoy_visualizer]: Buoy 13: range=12.34m, bearing=-27.0°, position=(10.99, -5.60), confidence=0.62
[buoy_visualizer-5] [INFO] [1771741099.053407681] [buoy_visualizer]: Buoy 14: range=8.78m, bearing=-28.4°, position=(7.72, -4.18), confidence=0.25
[buoy_visualizer-5] [INFO] [1771741099.055192958] [buoy_visualizer]: Published 15 buoy markers
[buoy_visualizer-5] [INFO] [1771741099.120291144] [buoy_visualizer]: Buoy 0: range=6.92m, bearing=35.0°, position=(5.66, 3.97), confidence=0.62
[buoy_visualizer-5] [INFO] [1771741099.124687037] [buoy_visualizer]: Buoy 1: range=3.51m, bearing=-103.2°, position=(-0.80, -3.41), confidence=1.00
[buoy_visualizer-5] [INFO] [1771741099.128388322] [buoy_visualizer]: Buoy 2: range=6.98m, bearing=67.5°, position=(2.67, 6.45), confidence=1.00
[buoy_visualizer-5] [INFO] [1771741099.137841660] [buoy_visualizer]: Buoy 3: range=8.38m, bearing=-7.8°, position=(8.31, -1.14), confidence=0.50
[buoy_visualizer-5] [INFO] [1771741099.140244645] [buoy_visualizer]: Buoy 4: range=0.35m, bearing=-163.7°, position=(-0.33, -0.10), confidence=1.00
[buoy_visualizer-5] [INFO] [1771741099.149199516] [buoy_visualizer]: Buoy 5: range=13.80m, bearing=-29.9°, position=(11.96, -6.88), confidence=0.88
[buoy_visualizer-5] [INFO] [1771741099.152221169] [buoy_visualizer]: Buoy 6: range=1.47m, bearing=17.7°, position=(1.40, 0.45), confidence=1.00
[buoy_visualizer-5] [INFO] [1771741099.154355815] [buoy_visualizer]: Buoy 7: range=6.43m, bearing=26.8°, position=(5.74, 2.90), confidence=0.25
[buoy_visualizer-5] [INFO] [1771741099.155760426] [buoy_visualizer]: Buoy 8: range=9.73m, bearing=46.3°, position=(6.72, 7.04), confidence=0.75
[buoy_visualizer-5] [INFO] [1771741099.157093320] [buoy_visualizer]: Buoy 9: range=12.34m, bearing=-27.0°, position=(10.99, -5.60), confidence=0.62
[buoy_visualizer-5] [INFO] [1771741099.158370530] [buoy_visualizer]: Buoy 10: range=8.78m, bearing=-28.4°, position=(7.72, -4.18), confidence=0.25
[buoy_visualizer-5] [INFO] [1771741099.159608473] [buoy_visualizer]: Buoy 11: range=12.26m, bearing=-17.5°, position=(11.69, -3.69), confidence=0.50
[buoy_visualizer-5] [INFO] [1771741099.163059340] [buoy_visualizer]: Published 12 buoy markers
[buoy_visualizer-5] [INFO] [1771741099.249903090] [buoy_visualizer]: Buoy 0: range=0.33m, bearing=-165.2°, position=(-0.32, -0.08), confidence=1.00
[buoy_visualizer-5] [INFO] [1771741099.250772559] [buoy_visualizer]: Buoy 1: range=6.92m, bearing=35.1°, position=(5.66, 3.98), confidence=0.62
[buoy_visualizer-5] [INFO] [1771741099.251563207] [buoy_visualizer]: Buoy 2: range=13.80m, bearing=-29.9°, position=(11.96, -6.88), confidence=0.88
[buoy_visualizer-5] [INFO] [1771741099.253886282] [buoy_visualizer]: Buoy 3: range=1.49m, bearing=18.0°, position=(1.42, 0.46), confidence=1.00
[buoy_visualizer-5] [INFO] [1771741099.256820057] [buoy_visualizer]: Buoy 4: range=6.43m, bearing=26.8°, position=(5.74, 2.90), confidence=0.25
[buoy_visualizer-5] [INFO] [1771741099.262318140] [buoy_visualizer]: Buoy 5: range=9.73m, bearing=46.3°, position=(6.72, 7.04), confidence=0.75
[buoy_visualizer-5] [INFO] [1771741099.264737415] [buoy_visualizer]: Buoy 6: range=6.98m, bearing=67.5°, position=(2.67, 6.45), confidence=1.00
[buoy_visualizer-5] [INFO] [1771741099.266495202] [buoy_visualizer]: Buoy 7: range=12.34m, bearing=-27.0°, position=(10.99, -5.60), confidence=0.62
[buoy_visualizer-5] [INFO] [1771741099.267510890] [buoy_visualizer]: Buoy 8: range=8.78m, bearing=-28.4°, position=(7.72, -4.18), confidence=0.25
[buoy_visualizer-5] [INFO] [1771741099.268515537] [buoy_visualizer]: Buoy 9: range=12.26m, bearing=-17.5°, position=(11.69, -3.69), confidence=0.50
[buoy_visualizer-5] [INFO] [1771741099.269309225] [buoy_visualizer]: Buoy 10: range=3.51m, bearing=-103.4°, position=(-0.81, -3.42), confidence=1.00
[buoy_visualizer-5] [INFO] [1771741099.270082943] [buoy_visualizer]: Buoy 11: range=8.40m, bearing=18.9°, position=(7.95, 2.72), confidence=0.25
[buoy_visualizer-5] [INFO] [1771741099.271590825] [buoy_visualizer]: Published 12 buoy markers
[buoy_visualizer-5] [INFO] [1771741099.372553905] [buoy_visualizer]: Buoy 0: range=0.32m, bearing=-164.8°, position=(-0.31, -0.08), confidence=1.00
[buoy_visualizer-5] [INFO] [1771741099.374511675] [buoy_visualizer]: Buoy 1: range=1.51m, bearing=19.3°, position=(1.43, 0.50), confidence=1.00
[buoy_visualizer-5] [INFO] [1771741099.380400186] [buoy_visualizer]: Buoy 2: range=7.00m, bearing=67.4°, position=(2.69, 6.46), confidence=1.00
[buoy_visualizer-5] [INFO] [1771741099.381535690] [buoy_visualizer]: Buoy 3: range=13.77m, bearing=-30.0°, position=(11.93, -6.88), confidence=1.00
[buoy_visualizer-5] [INFO] [1771741099.382335970] [buoy_visualizer]: Buoy 4: range=9.75m, bearing=46.4°, position=(6.73, 7.05), confidence=0.75
[buoy_visualizer-5] [INFO] [1771741099.384821425] [buoy_visualizer]: Buoy 5: range=7.38m, bearing=-21.5°, position=(6.87, -2.71), confidence=0.62
[buoy_visualizer-5] [INFO] [1771741099.387110290] [buoy_visualizer]: Buoy 6: range=12.26m, bearing=-17.5°, position=(11.69, -3.69), confidence=0.50
[buoy_visualizer-5] [INFO] [1771741099.388512757] [buoy_visualizer]: Buoy 7: range=3.53m, bearing=-103.4°, position=(-0.82, -3.44), confidence=1.00
[buoy_visualizer-5] [INFO] [1771741099.389508059] [buoy_visualizer]: Buoy 8: range=12.34m, bearing=-26.8°, position=(11.01, -5.56), confidence=0.50
[buoy_visualizer-5] [INFO] [1771741099.390536420] [buoy_visualizer]: Buoy 9: range=8.87m, bearing=-30.2°, position=(7.67, -4.46), confidence=0.25
[buoy_visualizer-5] [INFO] [1771741099.391415234] [buoy_visualizer]: Buoy 10: range=8.12m, bearing=19.9°, position=(7.64, 2.77), confidence=0.38
[buoy_visualizer-5] [INFO] [1771741099.394034106] [buoy_visualizer]: Published 11 buoy markers
[buoy_visualizer-5] [INFO] [1771741099.495363100] [buoy_visualizer]: Buoy 0: range=7.38m, bearing=-21.5°, position=(6.87, -2.71), confidence=0.62
[buoy_visualizer-5] [INFO] [1771741099.497041970] [buoy_visualizer]: Buoy 1: range=12.26m, bearing=-17.5°, position=(11.69, -3.69), confidence=0.50
[buoy_visualizer-5] [INFO] [1771741099.498702279] [buoy_visualizer]: Buoy 2: range=0.33m, bearing=-165.6°, position=(-0.32, -0.08), confidence=1.00
[buoy_visualizer-5] [INFO] [1771741099.501902504] [buoy_visualizer]: Buoy 3: range=3.53m, bearing=-103.2°, position=(-0.80, -3.44), confidence=1.00
[buoy_visualizer-5] [INFO] [1771741099.504154759] [buoy_visualizer]: Buoy 4: range=1.59m, bearing=20.9°, position=(1.48, 0.57), confidence=1.00
[buoy_visualizer-5] [INFO] [1771741099.506729692] [buoy_visualizer]: Buoy 5: range=7.00m, bearing=67.3°, position=(2.70, 6.45), confidence=1.00
[buoy_visualizer-5] [INFO] [1771741099.508383505] [buoy_visualizer]: Buoy 6: range=12.34m, bearing=-26.8°, position=(11.01, -5.56), confidence=0.50
[buoy_visualizer-5] [INFO] [1771741099.510235219] [buoy_visualizer]: Buoy 7: range=9.76m, bearing=46.6°, position=(6.71, 7.09), confidence=0.75
[buoy_visualizer-5] [INFO] [1771741099.512523893] [buoy_visualizer]: Buoy 8: range=13.65m, bearing=-29.3°, position=(11.90, -6.69), confidence=0.75
[buoy_visualizer-5] [INFO] [1771741099.514115877] [buoy_visualizer]: Buoy 9: range=8.87m, bearing=-30.2°, position=(7.67, -4.46), confidence=0.25
[buoy_visualizer-5] [INFO] [1771741099.515718166] [buoy_visualizer]: Buoy 10: range=8.21m, bearing=19.2°, position=(7.75, 2.70), confidence=0.50
[buoy_visualizer-5] [INFO] [1771741099.519126374] [buoy_visualizer]: Published 11 buoy markers
[buoy_visualizer-5] [INFO] [1771741099.621159129] [buoy_visualizer]: Buoy 0: range=8.40m, bearing=-7.6°, position=(8.32, -1.11), confidence=0.50
[buoy_visualizer-5] [INFO] [1771741099.622012213] [buoy_visualizer]: Buoy 1: range=0.30m, bearing=-165.2°, position=(-0.29, -0.08), confidence=1.00
[buoy_visualizer-5] [INFO] [1771741099.622777483] [buoy_visualizer]: Buoy 2: range=3.51m, bearing=-103.3°, position=(-0.80, -3.42), confidence=1.00
[buoy_visualizer-5] [INFO] [1771741099.623533152] [buoy_visualizer]: Buoy 3: range=1.64m, bearing=19.6°, position=(1.55, 0.55), confidence=1.00
[buoy_visualizer-5] [INFO] [1771741099.628081120] [buoy_visualizer]: Buoy 4: range=9.76m, bearing=46.6°, position=(6.71, 7.09), confidence=0.75
[buoy_visualizer-5] [INFO] [1771741099.629807322] [buoy_visualizer]: Buoy 5: range=6.99m, bearing=67.3°, position=(2.69, 6.45), confidence=1.00
[buoy_visualizer-5] [INFO] [1771741099.631721601] [buoy_visualizer]: Buoy 6: range=13.65m, bearing=-29.3°, position=(11.90, -6.69), confidence=0.75
[buoy_visualizer-5] [INFO] [1771741099.634500229] [buoy_visualizer]: Buoy 7: range=8.87m, bearing=-30.2°, position=(7.67, -4.46), confidence=0.25
[buoy_visualizer-5] [INFO] [1771741099.637898644] [buoy_visualizer]: Buoy 8: range=8.23m, bearing=13.9°, position=(7.99, 1.98), confidence=1.00
[buoy_visualizer-5] [INFO] [1771741099.639541288] [buoy_visualizer]: Buoy 9: range=4.04m, bearing=9.1°, position=(3.99, 0.64), confidence=0.25
[buoy_visualizer-5] [INFO] [1771741099.643510431] [buoy_visualizer]: Buoy 10: range=6.53m, bearing=-16.2°, position=(6.27, -1.83), confidence=0.38
[buoy_visualizer-5] [INFO] [1771741099.649546920] [buoy_visualizer]: Buoy 11: range=12.17m, bearing=-16.4°, position=(11.67, -3.43), confidence=0.38
[buoy_visualizer-5] [INFO] [1771741099.652341805] [buoy_visualizer]: Buoy 12: range=7.38m, bearing=-21.4°, position=(6.87, -2.69), confidence=0.38
[buoy_visualizer-5] [INFO] [1771741099.653652554] [buoy_visualizer]: Buoy 13: range=12.26m, bearing=-27.3°, position=(10.89, -5.63), confidence=0.25
[buoy_visualizer-5] [INFO] [1771741099.656480753] [buoy_visualizer]: Published 14 buoy markers
[buoy_visualizer-5] [INFO] [1771741099.724587918] [buoy_visualizer]: Buoy 0: range=8.51m, bearing=-11.3°, position=(8.35, -1.67), confidence=0.50
[buoy_visualizer-5] [INFO] [1771741099.728977763] [buoy_visualizer]: Buoy 1: range=4.04m, bearing=9.1°, position=(3.99, 0.64), confidence=0.25
[buoy_visualizer-5] [INFO] [1771741099.730857000] [buoy_visualizer]: Buoy 2: range=9.80m, bearing=46.8°, position=(6.71, 7.14), confidence=0.75
[buoy_visualizer-5] [INFO] [1771741099.732770287] [buoy_visualizer]: Buoy 3: range=3.52m, bearing=-103.4°, position=(-0.81, -3.42), confidence=1.00
[buoy_visualizer-5] [INFO] [1771741099.734441668] [buoy_visualizer]: Buoy 4: range=6.99m, bearing=67.2°, position=(2.71, 6.44), confidence=1.00
[buoy_visualizer-5] [INFO] [1771741099.735873577] [buoy_visualizer]: Buoy 5: range=6.53m, bearing=-16.2°, position=(6.27, -1.83), confidence=0.38
[buoy_visualizer-5] [INFO] [1771741099.738062083] [buoy_visualizer]: Buoy 6: range=12.17m, bearing=-16.4°, position=(11.67, -3.43), confidence=0.38
[buoy_visualizer-5] [INFO] [1771741099.739597584] [buoy_visualizer]: Buoy 7: range=1.73m, bearing=19.4°, position=(1.63, 0.57), confidence=1.00
[buoy_visualizer-5] [INFO] [1771741099.741007987] [buoy_visualizer]: Buoy 8: range=0.32m, bearing=-164.7°, position=(-0.31, -0.08), confidence=1.00
[buoy_visualizer-5] [INFO] [1771741099.742331216] [buoy_visualizer]: Buoy 9: range=7.38m, bearing=-21.4°, position=(6.87, -2.69), confidence=0.38
[buoy_visualizer-5] [INFO] [1771741099.743970084] [buoy_visualizer]: Buoy 10: range=8.60m, bearing=-31.0°, position=(7.38, -4.43), confidence=0.50
[buoy_visualizer-5] [INFO] [1771741099.747140131] [buoy_visualizer]: Buoy 11: range=13.70m, bearing=-30.4°, position=(11.82, -6.94), confidence=0.38
[buoy_visualizer-5] [INFO] [1771741099.748653325] [buoy_visualizer]: Buoy 12: range=12.25m, bearing=-28.3°, position=(10.79, -5.81), confidence=0.50
[buoy_visualizer-5] [INFO] [1771741099.749859106] [buoy_visualizer]: Buoy 13: range=11.14m, bearing=-32.4°, position=(9.41, -5.96), confidence=0.25
[buoy_visualizer-5] [INFO] [1771741099.752180038] [buoy_visualizer]: Published 14 buoy markers
[buoy_visualizer-5] [INFO] [1771741099.849361667] [buoy_visualizer]: Buoy 0: range=8.60m, bearing=-31.0°, position=(7.38, -4.43), confidence=0.50
[buoy_visualizer-5] [INFO] [1771741099.850498451] [buoy_visualizer]: Buoy 1: range=13.70m, bearing=-30.4°, position=(11.82, -6.94), confidence=0.38
[buoy_visualizer-5] [INFO] [1771741099.851511387] [buoy_visualizer]: Buoy 2: range=9.79m, bearing=46.7°, position=(6.72, 7.12), confidence=0.62
[buoy_visualizer-5] [INFO] [1771741099.852549284] [buoy_visualizer]: Buoy 3: range=6.97m, bearing=66.9°, position=(2.74, 6.41), confidence=1.00
[buoy_visualizer-5] [INFO] [1771741099.853535081] [buoy_visualizer]: Buoy 4: range=12.25m, bearing=-28.3°, position=(10.79, -5.81), confidence=0.50
[buoy_visualizer-5] [INFO] [1771741099.854531055] [buoy_visualizer]: Buoy 5: range=3.53m, bearing=-103.9°, position=(-0.85, -3.43), confidence=1.00
[buoy_visualizer-5] [INFO] [1771741099.857646891] [buoy_visualizer]: Buoy 6: range=0.34m, bearing=-162.2°, position=(-0.32, -0.10), confidence=1.00
[buoy_visualizer-5] [INFO] [1771741099.861064060] [buoy_visualizer]: Buoy 7: range=11.14m, bearing=-32.4°, position=(9.41, -5.96), confidence=0.25
[buoy_visualizer-5] [INFO] [1771741099.862979458] [buoy_visualizer]: Buoy 8: range=1.78m, bearing=17.7°, position=(1.70, 0.54), confidence=1.00
[buoy_visualizer-5] [INFO] [1771741099.866039610] [buoy_visualizer]: Published 9 buoy markers
[buoy_visualizer-5] [INFO] [1771741099.943505067] [buoy_visualizer]: Buoy 0: range=11.14m, bearing=-32.4°, position=(9.41, -5.96), confidence=0.25
[buoy_visualizer-5] [INFO] [1771741099.944734305] [buoy_visualizer]: Buoy 1: range=8.46m, bearing=-30.8°, position=(7.26, -4.33), confidence=0.38
[buoy_visualizer-5] [INFO] [1771741099.945695301] [buoy_visualizer]: Buoy 2: range=6.79m, bearing=-17.3°, position=(6.48, -2.02), confidence=0.38
[buoy_visualizer-5] [INFO] [1771741099.946507934] [buoy_visualizer]: Buoy 3: range=6.78m, bearing=31.7°, position=(5.77, 3.56), confidence=1.00
[buoy_visualizer-5] [INFO] [1771741099.947250931] [buoy_visualizer]: Buoy 4: range=9.87m, bearing=46.3°, position=(6.81, 7.14), confidence=0.25
[buoy_visualizer-5] [INFO] [1771741099.949945968] [buoy_visualizer]: Buoy 5: range=6.96m, bearing=66.6°, position=(2.76, 6.39), confidence=1.00
[buoy_visualizer-5] [INFO] [1771741099.958075373] [buoy_visualizer]: Buoy 6: range=1.77m, bearing=17.3°, position=(1.69, 0.53), confidence=1.00
[buoy_visualizer-5] [INFO] [1771741099.959799590] [buoy_visualizer]: Buoy 7: range=8.34m, bearing=16.5°, position=(8.00, 2.36), confidence=0.62
[buoy_visualizer-5] [INFO] [1771741099.961980224] [buoy_visualizer]: Buoy 8: range=9.65m, bearing=15.3°, position=(9.31, 2.54), confidence=0.88
[buoy_visualizer-5] [INFO] [1771741099.964810663] [buoy_visualizer]: Buoy 9: range=3.51m, bearing=-104.4°, position=(-0.87, -3.40), confidence=0.88
[buoy_visualizer-5] [INFO] [1771741099.968264987] [buoy_visualizer]: Buoy 10: range=0.34m, bearing=-162.1°, position=(-0.33, -0.11), confidence=1.00
[buoy_visualizer-5] [INFO] [1771741099.970673988] [buoy_visualizer]: Buoy 11: range=12.25m, bearing=-29.2°, position=(10.69, -5.98), confidence=0.25
[buoy_visualizer-5] [INFO] [1771741099.976410905] [buoy_visualizer]: Published 12 buoy markers
[buoy_visualizer-5] [INFO] [1771741100.070070109] [buoy_visualizer]: Buoy 0: range=11.19m, bearing=-33.0°, position=(9.39, -6.10), confidence=0.38
[buoy_visualizer-5] [INFO] [1771741100.071080228] [buoy_visualizer]: Buoy 1: range=8.46m, bearing=-30.8°, position=(7.26, -4.33), confidence=0.38
[buoy_visualizer-5] [INFO] [1771741100.071944993] [buoy_visualizer]: Buoy 2: range=6.95m, bearing=-16.8°, position=(6.65, -2.01), confidence=0.50
[buoy_visualizer-5] [INFO] [1771741100.079325641] [buoy_visualizer]: Buoy 3: range=6.72m, bearing=31.1°, position=(5.75, 3.47), confidence=1.00
[buoy_visualizer-5] [INFO] [1771741100.085469337] [buoy_visualizer]: Buoy 4: range=9.84m, bearing=44.9°, position=(6.98, 6.94), confidence=0.50
[buoy_visualizer-5] [INFO] [1771741100.086843194] [buoy_visualizer]: Buoy 5: range=6.94m, bearing=66.0°, position=(2.82, 6.34), confidence=1.00
[buoy_visualizer-5] [INFO] [1771741100.090760686] [buoy_visualizer]: Buoy 6: range=1.77m, bearing=17.3°, position=(1.69, 0.53), confidence=1.00
[buoy_visualizer-5] [INFO] [1771741100.091735251] [buoy_visualizer]: Buoy 7: range=3.52m, bearing=-105.0°, position=(-0.91, -3.40), confidence=1.00
[buoy_visualizer-5] [INFO] [1771741100.092571117] [buoy_visualizer]: Buoy 8: range=0.32m, bearing=-161.7°, position=(-0.31, -0.10), confidence=1.00
[buoy_visualizer-5] [INFO] [1771741100.093346116] [buoy_visualizer]: Buoy 9: range=12.31m, bearing=-30.4°, position=(10.62, -6.23), confidence=0.62
[buoy_visualizer-5] [INFO] [1771741100.094264997] [buoy_visualizer]: Buoy 10: range=14.10m, bearing=-34.7°, position=(11.60, -8.02), confidence=0.38
[buoy_visualizer-5] [INFO] [1771741100.095799601] [buoy_visualizer]: Published 11 buoy markers
[buoy_visualizer-5] [INFO] [1771741100.196398173] [buoy_visualizer]: Buoy 0: range=0.32m, bearing=-161.7°, position=(-0.31, -0.10), confidence=1.00
[buoy_visualizer-5] [INFO] [1771741100.199155135] [buoy_visualizer]: Buoy 1: range=1.80m, bearing=16.5°, position=(1.72, 0.51), confidence=1.00
[buoy_visualizer-5] [INFO] [1771741100.200747920] [buoy_visualizer]: Buoy 2: range=6.75m, bearing=30.6°, position=(5.81, 3.44), confidence=1.00
[buoy_visualizer-5] [INFO] [1771741100.201713299] [buoy_visualizer]: Buoy 3: range=11.15m, bearing=-34.4°, position=(9.20, -6.31), confidence=0.38
[buoy_visualizer-5] [INFO] [1771741100.202492362] [buoy_visualizer]: Buoy 4: range=9.82m, bearing=44.1°, position=(7.05, 6.83), confidence=0.38
[buoy_visualizer-5] [INFO] [1771741100.203248832] [buoy_visualizer]: Buoy 5: range=6.92m, bearing=65.3°, position=(2.90, 6.29), confidence=1.00
[buoy_visualizer-5] [INFO] [1771741100.204080058] [buoy_visualizer]: Buoy 6: range=12.31m, bearing=-30.4°, position=(10.62, -6.23), confidence=0.62
[buoy_visualizer-5] [INFO] [1771741100.204857457] [buoy_visualizer]: Buoy 7: range=8.70m, bearing=-29.8°, position=(7.54, -4.33), confidence=0.25
[buoy_visualizer-5] [INFO] [1771741100.205627783] [buoy_visualizer]: Buoy 8: range=14.10m, bearing=-34.7°, position=(11.60, -8.02), confidence=0.38
[buoy_visualizer-5] [INFO] [1771741100.206385885] [buoy_visualizer]: Buoy 9: range=6.96m, bearing=-18.2°, position=(6.61, -2.17), confidence=0.50
[buoy_visualizer-5] [INFO] [1771741100.207152467] [buoy_visualizer]: Buoy 10: range=3.52m, bearing=-106.9°, position=(-1.02, -3.37), confidence=1.00
[buoy_visualizer-5] [INFO] [1771741100.207893799] [buoy_visualizer]: Buoy 11: range=7.41m, bearing=-26.7°, position=(6.62, -3.32), confidence=0.25
[buoy_visualizer-5] [INFO] [1771741100.209710951] [buoy_visualizer]: Published 12 buoy markers
[buoy_visualizer-5] [INFO] [1771741100.312115858] [buoy_visualizer]: Buoy 0: range=11.15m, bearing=-34.4°, position=(9.20, -6.31), confidence=0.38
[buoy_visualizer-5] [INFO] [1771741100.315292786] [buoy_visualizer]: Buoy 1: range=0.31m, bearing=-163.9°, position=(-0.30, -0.09), confidence=1.00
[buoy_visualizer-5] [INFO] [1771741100.318135802] [buoy_visualizer]: Buoy 2: range=6.74m, bearing=29.7°, position=(5.86, 3.34), confidence=1.00
[buoy_visualizer-5] [INFO] [1771741100.322628471] [buoy_visualizer]: Buoy 3: range=9.82m, bearing=44.1°, position=(7.05, 6.83), confidence=0.38
[buoy_visualizer-5] [INFO] [1771741100.325582023] [buoy_visualizer]: Buoy 4: range=6.91m, bearing=65.3°, position=(2.89, 6.28), confidence=1.00
[buoy_visualizer-5] [INFO] [1771741100.326415201] [buoy_visualizer]: Buoy 5: range=12.32m, bearing=-30.8°, position=(10.58, -6.31), confidence=0.75
[buoy_visualizer-5] [INFO] [1771741100.327173623] [buoy_visualizer]: Buoy 6: range=8.70m, bearing=-29.8°, position=(7.54, -4.33), confidence=0.25
[buoy_visualizer-5] [INFO] [1771741100.328199039] [buoy_visualizer]: Buoy 7: range=1.78m, bearing=16.5°, position=(1.70, 0.50), confidence=1.00
[buoy_visualizer-5] [INFO] [1771741100.329020505] [buoy_visualizer]: Buoy 8: range=8.06m, bearing=18.7°, position=(7.63, 2.58), confidence=0.38
[buoy_visualizer-5] [INFO] [1771741100.329966203] [buoy_visualizer]: Buoy 9: range=14.10m, bearing=-34.7°, position=(11.60, -8.02), confidence=0.38
[buoy_visualizer-5] [INFO] [1771741100.330781301] [buoy_visualizer]: Buoy 10: range=3.52m, bearing=-106.9°, position=(-1.02, -3.37), confidence=1.00
[buoy_visualizer-5] [INFO] [1771741100.331558444] [buoy_visualizer]: Buoy 11: range=12.37m, bearing=-21.8°, position=(11.49, -4.60), confidence=0.25
[buoy_visualizer-5] [INFO] [1771741100.332336098] [buoy_visualizer]: Buoy 12: range=3.97m, bearing=4.6°, position=(3.95, 0.32), confidence=0.38
[buoy_visualizer-5] [INFO] [1771741100.333174045] [buoy_visualizer]: Buoy 13: range=7.41m, bearing=-26.7°, position=(6.62, -3.32), confidence=0.25
[buoy_visualizer-5] [INFO] [1771741100.334741612] [buoy_visualizer]: Published 14 buoy markers
[buoy_visualizer-5] [INFO] [1771741100.451780606] [buoy_visualizer]: Buoy 0: range=14.10m, bearing=-34.7°, position=(11.60, -8.02), confidence=0.38
[buoy_visualizer-5] [INFO] [1771741100.452846185] [buoy_visualizer]: Buoy 1: range=0.29m, bearing=-162.0°, position=(-0.27, -0.09), confidence=1.00
[buoy_visualizer-5] [INFO] [1771741100.453711878] [buoy_visualizer]: Buoy 2: range=6.90m, bearing=64.1°, position=(3.02, 6.21), confidence=1.00
[buoy_visualizer-5] [INFO] [1771741100.454543169] [buoy_visualizer]: Buoy 3: range=1.77m, bearing=16.6°, position=(1.70, 0.51), confidence=1.00
[buoy_visualizer-5] [INFO] [1771741100.455378747] [buoy_visualizer]: Buoy 4: range=3.52m, bearing=-107.5°, position=(-1.06, -3.35), confidence=1.00
[buoy_visualizer-5] [INFO] [1771741100.459188648] [buoy_visualizer]: Buoy 5: range=12.37m, bearing=-21.8°, position=(11.49, -4.60), confidence=0.25
[buoy_visualizer-5] [INFO] [1771741100.461373442] [buoy_visualizer]: Buoy 6: range=3.97m, bearing=4.6°, position=(3.95, 0.32), confidence=0.38
[buoy_visualizer-5] [INFO] [1771741100.462177914] [buoy_visualizer]: Buoy 7: range=11.24m, bearing=-36.4°, position=(9.05, -6.68), confidence=0.50
[buoy_visualizer-5] [INFO] [1771741100.463123773] [buoy_visualizer]: Buoy 8: range=9.79m, bearing=41.8°, position=(7.30, 6.53), confidence=0.50
[buoy_visualizer-5] [INFO] [1771741100.463906612] [buoy_visualizer]: Buoy 9: range=12.36m, bearing=-31.6°, position=(10.53, -6.47), confidence=0.50
[buoy_visualizer-5] [INFO] [1771741100.469895514] [buoy_visualizer]: Buoy 10: range=7.43m, bearing=16.6°, position=(7.13, 2.12), confidence=0.25
[buoy_visualizer-5] [INFO] [1771741100.470808090] [buoy_visualizer]: Buoy 11: range=7.41m, bearing=-26.7°, position=(6.62, -3.32), confidence=0.25
[buoy_visualizer-5] [INFO] [1771741100.472386313] [buoy_visualizer]: Published 12 buoy markers
[buoy_visualizer-5] [INFO] [1771741100.563717225] [buoy_visualizer]: Buoy 0: range=0.30m, bearing=-162.2°, position=(-0.28, -0.09), confidence=1.00
[buoy_visualizer-5] [INFO] [1771741100.564642954] [buoy_visualizer]: Buoy 1: range=1.75m, bearing=16.1°, position=(1.68, 0.48), confidence=1.00
[buoy_visualizer-5] [INFO] [1771741100.565378942] [buoy_visualizer]: Buoy 2: range=6.91m, bearing=62.9°, position=(3.14, 6.15), confidence=1.00
[buoy_visualizer-5] [INFO] [1771741100.566947756] [buoy_visualizer]: Buoy 3: range=3.53m, bearing=-108.9°, position=(-1.14, -3.34), confidence=1.00
[buoy_visualizer-5] [INFO] [1771741100.568591232] [buoy_visualizer]: Buoy 4: range=13.95m, bearing=-34.3°, position=(11.52, -7.86), confidence=0.25
[buoy_visualizer-5] [INFO] [1771741100.569802613] [buoy_visualizer]: Buoy 5: range=11.25m, bearing=-36.8°, position=(9.01, -6.75), confidence=0.62
[buoy_visualizer-5] [INFO] [1771741100.570717494] [buoy_visualizer]: Buoy 6: range=7.23m, bearing=-17.5°, position=(6.89, -2.18), confidence=0.25
[buoy_visualizer-5] [INFO] [1771741100.571582163] [buoy_visualizer]: Buoy 7: range=6.00m, bearing=21.5°, position=(5.59, 2.20), confidence=0.38
[buoy_visualizer-5] [INFO] [1771741100.572419502] [buoy_visualizer]: Buoy 8: range=9.79m, bearing=41.2°, position=(7.37, 6.45), confidence=0.62
[buoy_visualizer-5] [INFO] [1771741100.579164073] [buoy_visualizer]: Buoy 9: range=12.40m, bearing=-31.0°, position=(10.63, -6.38), confidence=0.62
[buoy_visualizer-5] [INFO] [1771741100.584467934] [buoy_visualizer]: Buoy 10: range=4.00m, bearing=7.9°, position=(3.96, 0.55), confidence=0.25
[buoy_visualizer-5] [INFO] [1771741100.586868839] [buoy_visualizer]: Buoy 11: range=7.43m, bearing=16.6°, position=(7.13, 2.12), confidence=0.25
[buoy_visualizer-5] [INFO] [1771741100.590175888] [buoy_visualizer]: Buoy 12: range=7.41m, bearing=-26.7°, position=(6.62, -3.32), confidence=0.25
[buoy_visualizer-5] [INFO] [1771741100.593359952] [buoy_visualizer]: Published 13 buoy markers
[buoy_visualizer-5] [INFO] [1771741100.706414762] [buoy_visualizer]: Buoy 0: range=1.68m, bearing=14.6°, position=(1.63, 0.42), confidence=1.00
[buoy_visualizer-5] [INFO] [1771741100.707381134] [buoy_visualizer]: Buoy 1: range=7.43m, bearing=16.6°, position=(7.13, 2.12), confidence=0.25
[buoy_visualizer-5] [INFO] [1771741100.708277165] [buoy_visualizer]: Buoy 2: range=11.25m, bearing=-38.3°, position=(8.83, -6.97), confidence=0.62
[buoy_visualizer-5] [INFO] [1771741100.709356889] [buoy_visualizer]: Buoy 3: range=8.22m, bearing=-4.5°, position=(8.19, -0.64), confidence=0.75
[buoy_visualizer-5] [INFO] [1771741100.711796901] [buoy_visualizer]: Buoy 4: range=7.41m, bearing=-26.7°, position=(6.62, -3.32), confidence=0.25
[buoy_visualizer-5] [INFO] [1771741100.714382715] [buoy_visualizer]: Buoy 5: range=8.41m, bearing=10.6°, position=(8.27, 1.54), confidence=0.25
[buoy_visualizer-5] [INFO] [1771741100.715679415] [buoy_visualizer]: Buoy 6: range=6.88m, bearing=29.3°, position=(6.00, 3.37), confidence=0.38
[buoy_visualizer-5] [INFO] [1771741100.716916654] [buoy_visualizer]: Buoy 7: range=3.52m, bearing=-109.8°, position=(-1.20, -3.31), confidence=1.00
[buoy_visualizer-5] [INFO] [1771741100.717738344] [buoy_visualizer]: Buoy 8: range=0.29m, bearing=-161.7°, position=(-0.27, -0.09), confidence=1.00
[buoy_visualizer-5] [INFO] [1771741100.719207407] [buoy_visualizer]: Buoy 9: range=12.49m, bearing=-33.8°, position=(10.38, -6.95), confidence=0.25
[buoy_visualizer-5] [INFO] [1771741100.722394799] [buoy_visualizer]: Buoy 10: range=6.93m, bearing=61.7°, position=(3.29, 6.10), confidence=1.00
[buoy_visualizer-5] [INFO] [1771741100.725208534] [buoy_visualizer]: Buoy 11: range=5.98m, bearing=19.3°, position=(5.65, 1.98), confidence=0.38
[buoy_visualizer-5] [INFO] [1771741100.726257279] [buoy_visualizer]: Buoy 12: range=9.78m, bearing=39.0°, position=(7.60, 6.15), confidence=0.50
[buoy_visualizer-5] [INFO] [1771741100.727853296] [buoy_visualizer]: Published 13 buoy markers
[buoy_visualizer-5] [INFO] [1771741100.844572588] [buoy_visualizer]: Buoy 0: range=8.22m, bearing=-5.1°, position=(8.19, -0.73), confidence=0.50
[buoy_visualizer-5] [INFO] [1771741100.845819107] [buoy_visualizer]: Buoy 1: range=0.29m, bearing=-162.4°, position=(-0.28, -0.09), confidence=1.00
[buoy_visualizer-5] [INFO] [1771741100.846661535] [buoy_visualizer]: Buoy 2: range=1.61m, bearing=13.4°, position=(1.57, 0.37), confidence=1.00
[buoy_visualizer-5] [INFO] [1771741100.847419764] [buoy_visualizer]: Buoy 3: range=11.92m, bearing=-36.9°, position=(9.53, -7.16), confidence=1.00
[buoy_visualizer-5] [INFO] [1771741100.848197835] [buoy_visualizer]: Buoy 4: range=6.92m, bearing=59.9°, position=(3.47, 5.99), confidence=1.00
[buoy_visualizer-5] [INFO] [1771741100.848930334] [buoy_visualizer]: Buoy 5: range=9.14m, bearing=-38.1°, position=(7.19, -5.65), confidence=0.25
[buoy_visualizer-5] [INFO] [1771741100.849656594] [buoy_visualizer]: Buoy 6: range=9.74m, bearing=38.6°, position=(7.61, 6.08), confidence=0.75
[buoy_visualizer-5] [INFO] [1771741100.850389093] [buoy_visualizer]: Buoy 7: range=3.52m, bearing=-110.9°, position=(-1.25, -3.29), confidence=0.62
[buoy_visualizer-5] [INFO] [1771741100.851114200] [buoy_visualizer]: Buoy 8: range=9.73m, bearing=-20.2°, position=(9.13, -3.36), confidence=0.25
[buoy_visualizer-5] [INFO] [1771741100.857781550] [buoy_visualizer]: Buoy 9: range=12.39m, bearing=-28.5°, position=(10.89, -5.91), confidence=0.25
[buoy_visualizer-5] [INFO] [1771741100.859874657] [buoy_visualizer]: Buoy 10: range=3.99m, bearing=1.1°, position=(3.99, 0.07), confidence=0.25
[buoy_visualizer-5] [INFO] [1771741100.862006839] [buoy_visualizer]: Published 11 buoy markers
[buoy_visualizer-5] [INFO] [1771741100.952786480] [buoy_visualizer]: Buoy 0: range=0.31m, bearing=-160.3°, position=(-0.29, -0.10), confidence=1.00
[buoy_visualizer-5] [INFO] [1771741100.953671311] [buoy_visualizer]: Buoy 1: range=11.95m, bearing=-38.0°, position=(9.42, -7.36), confidence=1.00
[buoy_visualizer-5] [INFO] [1771741100.954451526] [buoy_visualizer]: Buoy 2: range=1.60m, bearing=12.8°, position=(1.56, 0.35), confidence=1.00
[buoy_visualizer-5] [INFO] [1771741100.955243133] [buoy_visualizer]: Buoy 3: range=9.74m, bearing=38.6°, position=(7.61, 6.08), confidence=0.75
[buoy_visualizer-5] [INFO] [1771741100.956302280] [buoy_visualizer]: Buoy 4: range=6.94m, bearing=58.9°, position=(3.59, 5.94), confidence=1.00
[buoy_visualizer-5] [INFO] [1771741100.957200007] [buoy_visualizer]: Buoy 5: range=3.52m, bearing=-111.7°, position=(-1.30, -3.27), confidence=0.88
[buoy_visualizer-5] [INFO] [1771741100.958352536] [buoy_visualizer]: Buoy 6: range=8.19m, bearing=-2.6°, position=(8.18, -0.37), confidence=0.25
[buoy_visualizer-5] [INFO] [1771741100.959258584] [buoy_visualizer]: Buoy 7: range=9.85m, bearing=12.2°, position=(9.62, 2.09), confidence=0.50
[buoy_visualizer-5] [INFO] [1771741100.960115284] [buoy_visualizer]: Buoy 8: range=9.73m, bearing=-20.2°, position=(9.13, -3.36), confidence=0.25
[buoy_visualizer-5] [INFO] [1771741100.960935470] [buoy_visualizer]: Buoy 9: range=12.39m, bearing=-28.5°, position=(10.89, -5.91), confidence=0.25
[buoy_visualizer-5] [INFO] [1771741100.961916851] [buoy_visualizer]: Buoy 10: range=4.01m, bearing=-0.0°, position=(4.01, -0.00), confidence=0.50
[buoy_visualizer-5] [INFO] [1771741100.962787313] [buoy_visualizer]: Buoy 11: range=6.86m, bearing=23.4°, position=(6.30, 2.73), confidence=0.38
[buoy_visualizer-5] [INFO] [1771741100.964474951] [buoy_visualizer]: Published 12 buoy markers
[buoy_visualizer-5] [INFO] [1771741101.071843952] [buoy_visualizer]: Buoy 0: range=11.24m, bearing=-39.1°, position=(8.73, -7.08), confidence=0.38
[buoy_visualizer-5] [INFO] [1771741101.073233809] [buoy_visualizer]: Buoy 1: range=9.76m, bearing=-22.6°, position=(9.01, -3.76), confidence=0.75
[buoy_visualizer-5] [INFO] [1771741101.074379586] [buoy_visualizer]: Buoy 2: range=8.30m, bearing=0.3°, position=(8.30, 0.05), confidence=0.25
[buoy_visualizer-5] [INFO] [1771741101.075440205] [buoy_visualizer]: Buoy 3: range=1.36m, bearing=2.5°, position=(1.36, 0.06), confidence=0.50
[buoy_visualizer-5] [INFO] [1771741101.080776933] [buoy_visualizer]: Buoy 4: range=0.31m, bearing=-161.9°, position=(-0.30, -0.10), confidence=1.00
[buoy_visualizer-5] [INFO] [1771741101.082167078] [buoy_visualizer]: Buoy 5: range=9.73m, bearing=37.8°, position=(7.69, 5.96), confidence=0.50
[buoy_visualizer-5] [INFO] [1771741101.083098888] [buoy_visualizer]: Buoy 6: range=6.93m, bearing=57.5°, position=(3.72, 5.85), confidence=1.00
[buoy_visualizer-5] [INFO] [1771741101.085355335] [buoy_visualizer]: Buoy 7: range=12.39m, bearing=-28.5°, position=(10.89, -5.91), confidence=0.25
[buoy_visualizer-5] [INFO] [1771741101.086768618] [buoy_visualizer]: Buoy 8: range=9.83m, bearing=11.2°, position=(9.64, 1.91), confidence=0.38
[buoy_visualizer-5] [INFO] [1771741101.087932476] [buoy_visualizer]: Buoy 9: range=3.56m, bearing=-113.4°, position=(-1.41, -3.27), confidence=0.88
[buoy_visualizer-5] [INFO] [1771741101.089011112] [buoy_visualizer]: Buoy 10: range=12.45m, bearing=-37.5°, position=(9.88, -7.58), confidence=0.88
[buoy_visualizer-5] [INFO] [1771741101.090038289] [buoy_visualizer]: Buoy 11: range=4.01m, bearing=-0.0°, position=(4.01, -0.00), confidence=0.50
[buoy_visualizer-5] [INFO] [1771741101.090889517] [buoy_visualizer]: Buoy 12: range=6.86m, bearing=23.4°, position=(6.30, 2.73), confidence=0.38
[buoy_visualizer-5] [INFO] [1771741101.092640552] [buoy_visualizer]: Published 13 buoy markers
[buoy_visualizer-5] [INFO] [1771741101.209353025] [buoy_visualizer]: Buoy 0: range=6.99m, bearing=55.3°, position=(3.98, 5.75), confidence=1.00
[buoy_visualizer-5] [INFO] [1771741101.210406251] [buoy_visualizer]: Buoy 1: range=12.45m, bearing=-37.5°, position=(9.88, -7.58), confidence=0.88
[buoy_visualizer-5] [INFO] [1771741101.211342061] [buoy_visualizer]: Buoy 2: range=1.37m, bearing=12.9°, position=(1.34, 0.31), confidence=0.62
[buoy_visualizer-5] [INFO] [1771741101.215029297] [buoy_visualizer]: Buoy 3: range=0.31m, bearing=-161.8°, position=(-0.29, -0.10), confidence=1.00
[buoy_visualizer-5] [INFO] [1771741101.216887572] [buoy_visualizer]: Buoy 4: range=13.76m, bearing=-41.5°, position=(10.31, -9.12), confidence=0.25
[buoy_visualizer-5] [INFO] [1771741101.218314264] [buoy_visualizer]: Buoy 5: range=9.71m, bearing=37.5°, position=(7.70, 5.91), confidence=0.38
[buoy_visualizer-5] [INFO] [1771741101.219604563] [buoy_visualizer]: Buoy 6: range=8.50m, bearing=-42.3°, position=(6.28, -5.72), confidence=0.38
[buoy_visualizer-5] [INFO] [1771741101.220957426] [buoy_visualizer]: Buoy 7: range=9.78m, bearing=-23.9°, position=(8.94, -3.97), confidence=0.88
[buoy_visualizer-5] [INFO] [1771741101.222446779] [buoy_visualizer]: Buoy 8: range=4.00m, bearing=-1.4°, position=(4.00, -0.10), confidence=0.88
[buoy_visualizer-5] [INFO] [1771741101.223717940] [buoy_visualizer]: Buoy 9: range=12.24m, bearing=-29.8°, position=(10.63, -6.07), confidence=0.25
[buoy_visualizer-5] [INFO] [1771741101.224990062] [buoy_visualizer]: Buoy 10: range=6.86m, bearing=23.4°, position=(6.30, 2.73), confidence=0.38
[buoy_visualizer-5] [INFO] [1771741101.226440884] [buoy_visualizer]: Buoy 11: range=3.58m, bearing=-115.0°, position=(-1.51, -3.25), confidence=0.50
[buoy_visualizer-5] [INFO] [1771741101.227882426] [buoy_visualizer]: Buoy 12: range=14.40m, bearing=-46.8°, position=(9.86, -10.49), confidence=0.25
[buoy_visualizer-5] [INFO] [1771741101.229181461] [buoy_visualizer]: Buoy 13: range=6.86m, bearing=-27.8°, position=(6.07, -3.20), confidence=0.25
[buoy_visualizer-5] [INFO] [1771741101.230421004] [buoy_visualizer]: Buoy 14: range=8.20m, bearing=-9.3°, position=(8.09, -1.33), confidence=0.25
[buoy_visualizer-5] [INFO] [1771741101.233062214] [buoy_visualizer]: Published 15 buoy markers
[buoy_visualizer-5] [INFO] [1771741101.315886478] [buoy_visualizer]: Buoy 0: range=7.03m, bearing=54.6°, position=(4.08, 5.73), confidence=1.00
[buoy_visualizer-5] [INFO] [1771741101.317439419] [buoy_visualizer]: Buoy 1: range=8.61m, bearing=-42.5°, position=(6.35, -5.81), confidence=0.50
[buoy_visualizer-5] [INFO] [1771741101.318750199] [buoy_visualizer]: Buoy 2: range=4.00m, bearing=-1.4°, position=(4.00, -0.10), confidence=0.88
[buoy_visualizer-5] [INFO] [1771741101.319613972] [buoy_visualizer]: Buoy 3: range=1.40m, bearing=15.8°, position=(1.35, 0.38), confidence=0.50
[buoy_visualizer-5] [INFO] [1771741101.320600794] [buoy_visualizer]: Buoy 4: range=0.32m, bearing=-163.1°, position=(-0.30, -0.09), confidence=1.00
[buoy_visualizer-5] [INFO] [1771741101.322443259] [buoy_visualizer]: Buoy 5: range=9.66m, bearing=37.9°, position=(7.63, 5.93), confidence=0.25
[buoy_visualizer-5] [INFO] [1771741101.324239706] [buoy_visualizer]: Buoy 6: range=6.46m, bearing=12.3°, position=(6.31, 1.37), confidence=0.38
[buoy_visualizer-5] [INFO] [1771741101.325430254] [buoy_visualizer]: Buoy 7: range=6.86m, bearing=23.4°, position=(6.30, 2.73), confidence=0.38
[buoy_visualizer-5] [INFO] [1771741101.326764908] [buoy_visualizer]: Buoy 8: range=3.58m, bearing=-115.0°, position=(-1.51, -3.25), confidence=0.50
[buoy_visualizer-5] [INFO] [1771741101.327870682] [buoy_visualizer]: Buoy 9: range=8.43m, bearing=2.6°, position=(8.42, 0.38), confidence=0.38
[buoy_visualizer-5] [INFO] [1771741101.329012042] [buoy_visualizer]: Buoy 10: range=14.40m, bearing=-46.8°, position=(9.86, -10.49), confidence=0.25
[buoy_visualizer-5] [INFO] [1771741101.330371018] [buoy_visualizer]: Buoy 11: range=6.86m, bearing=-27.8°, position=(6.07, -3.20), confidence=0.25
[buoy_visualizer-5] [INFO] [1771741101.331308460] [buoy_visualizer]: Buoy 12: range=8.22m, bearing=-10.9°, position=(8.07, -1.56), confidence=0.38
[buoy_visualizer-5] [INFO] [1771741101.333481861] [buoy_visualizer]: Published 13 buoy markers
[buoy_visualizer-5] [INFO] [1771741101.464151605] [buoy_visualizer]: Buoy 0: range=7.04m, bearing=53.1°, position=(4.23, 5.63), confidence=1.00
[buoy_visualizer-5] [INFO] [1771741101.465100215] [buoy_visualizer]: Buoy 1: range=0.32m, bearing=-162.5°, position=(-0.30, -0.10), confidence=1.00
[buoy_visualizer-5] [INFO] [1771741101.469093617] [buoy_visualizer]: Buoy 2: range=6.86m, bearing=23.4°, position=(6.30, 2.73), confidence=0.38
[buoy_visualizer-5] [INFO] [1771741101.470133050] [buoy_visualizer]: Buoy 3: range=3.58m, bearing=-115.0°, position=(-1.51, -3.25), confidence=0.50
[buoy_visualizer-5] [INFO] [1771741101.471019672] [buoy_visualizer]: Buoy 4: range=10.00m, bearing=-42.0°, position=(7.43, -6.69), confidence=0.25
[buoy_visualizer-5] [INFO] [1771741101.472134119] [buoy_visualizer]: Buoy 5: range=12.60m, bearing=-38.7°, position=(9.83, -7.88), confidence=0.50
[buoy_visualizer-5] [INFO] [1771741101.473035142] [buoy_visualizer]: Buoy 6: range=4.01m, bearing=-2.6°, position=(4.01, -0.18), confidence=0.88
[buoy_visualizer-5] [INFO] [1771741101.473873825] [buoy_visualizer]: Buoy 7: range=8.50m, bearing=-45.0°, position=(6.01, -6.01), confidence=0.62
[buoy_visualizer-5] [INFO] [1771741101.474710844] [buoy_visualizer]: Buoy 8: range=14.02m, bearing=-45.1°, position=(9.90, -9.93), confidence=0.50
[buoy_visualizer-5] [INFO] [1771741101.475494675] [buoy_visualizer]: Buoy 9: range=6.86m, bearing=-27.8°, position=(6.07, -3.20), confidence=0.25
[buoy_visualizer-5] [INFO] [1771741101.476446710] [buoy_visualizer]: Buoy 10: range=6.39m, bearing=11.4°, position=(6.26, 1.27), confidence=0.38
[buoy_visualizer-5] [INFO] [1771741101.477307187] [buoy_visualizer]: Buoy 11: range=1.30m, bearing=11.2°, position=(1.27, 0.25), confidence=0.50
[buoy_visualizer-5] [INFO] [1771741101.478084618] [buoy_visualizer]: Buoy 12: range=12.31m, bearing=-32.0°, position=(10.44, -6.53), confidence=0.25
[buoy_visualizer-5] [INFO] [1771741101.480852812] [buoy_visualizer]: Published 13 buoy markers
[buoy_visualizer-5] [INFO] [1771741101.565244450] [buoy_visualizer]: Buoy 0: range=7.03m, bearing=52.8°, position=(4.25, 5.60), confidence=1.00
[buoy_visualizer-5] [INFO] [1771741101.567583623] [buoy_visualizer]: Buoy 1: range=12.87m, bearing=-37.3°, position=(10.23, -7.81), confidence=0.25
[buoy_visualizer-5] [INFO] [1771741101.569131348] [buoy_visualizer]: Buoy 2: range=0.33m, bearing=-163.0°, position=(-0.31, -0.10), confidence=1.00
[buoy_visualizer-5] [INFO] [1771741101.570460497] [buoy_visualizer]: Buoy 3: range=3.63m, bearing=-116.2°, position=(-1.60, -3.26), confidence=0.25
[buoy_visualizer-5] [INFO] [1771741101.571607586] [buoy_visualizer]: Buoy 4: range=8.50m, bearing=-45.0°, position=(6.01, -6.01), confidence=0.62
[buoy_visualizer-5] [INFO] [1771741101.573081514] [buoy_visualizer]: Buoy 5: range=14.02m, bearing=-45.1°, position=(9.90, -9.93), confidence=0.50
[buoy_visualizer-5] [INFO] [1771741101.574421256] [buoy_visualizer]: Buoy 6: range=6.78m, bearing=-28.8°, position=(5.95, -3.27), confidence=0.38
[buoy_visualizer-5] [INFO] [1771741101.575650495] [buoy_visualizer]: Buoy 7: range=6.46m, bearing=10.7°, position=(6.35, 1.20), confidence=0.50
[buoy_visualizer-5] [INFO] [1771741101.576839891] [buoy_visualizer]: Buoy 8: range=1.36m, bearing=12.6°, position=(1.33, 0.30), confidence=1.00
[buoy_visualizer-5] [INFO] [1771741101.577907582] [buoy_visualizer]: Buoy 9: range=4.00m, bearing=-4.0°, position=(3.99, -0.28), confidence=1.00
[buoy_visualizer-5] [INFO] [1771741101.579816932] [buoy_visualizer]: Buoy 10: range=12.24m, bearing=-32.2°, position=(10.35, -6.53), confidence=0.50
[buoy_visualizer-5] [INFO] [1771741101.581193253] [buoy_visualizer]: Buoy 11: range=7.41m, bearing=-36.5°, position=(5.96, -4.41), confidence=0.38
[buoy_visualizer-5] [INFO] [1771741101.582280850] [buoy_visualizer]: Buoy 12: range=9.58m, bearing=31.9°, position=(8.13, 5.07), confidence=0.50
[buoy_visualizer-5] [INFO] [1771741101.584433385] [buoy_visualizer]: Published 13 buoy markers
[buoy_visualizer-5] [INFO] [1771741101.696668967] [buoy_visualizer]: Buoy 0: range=7.04m, bearing=52.6°, position=(4.28, 5.59), confidence=1.00
[buoy_visualizer-5] [INFO] [1771741101.697760436] [buoy_visualizer]: Buoy 1: range=12.45m, bearing=-34.3°, position=(10.29, -7.01), confidence=0.88
[buoy_visualizer-5] [INFO] [1771741101.698886339] [buoy_visualizer]: Buoy 2: range=0.33m, bearing=-162.8°, position=(-0.32, -0.10), confidence=1.00
[buoy_visualizer-5] [INFO] [1771741101.700099481] [buoy_visualizer]: Buoy 3: range=3.63m, bearing=-116.2°, position=(-1.60, -3.26), confidence=0.25
[buoy_visualizer-5] [INFO] [1771741101.701187429] [buoy_visualizer]: Buoy 4: range=8.59m, bearing=-45.4°, position=(6.03, -6.12), confidence=0.88
[buoy_visualizer-5] [INFO] [1771741101.702117671] [buoy_visualizer]: Buoy 5: range=13.95m, bearing=-45.1°, position=(9.84, -9.88), confidence=0.62
[buoy_visualizer-5] [INFO] [1771741101.703045192] [buoy_visualizer]: Buoy 6: range=6.78m, bearing=-28.8°, position=(5.95, -3.27), confidence=0.38
[buoy_visualizer-5] [INFO] [1771741101.704052591] [buoy_visualizer]: Buoy 7: range=6.46m, bearing=10.7°, position=(6.35, 1.20), confidence=0.50
[buoy_visualizer-5] [INFO] [1771741101.704896203] [buoy_visualizer]: Buoy 8: range=1.35m, bearing=11.9°, position=(1.32, 0.28), confidence=1.00
[buoy_visualizer-5] [INFO] [1771741101.710005810] [buoy_visualizer]: Buoy 9: range=8.34m, bearing=-22.0°, position=(7.74, -3.13), confidence=0.25
[buoy_visualizer-5] [INFO] [1771741101.711019034] [buoy_visualizer]: Buoy 10: range=4.00m, bearing=-4.0°, position=(3.99, -0.28), confidence=1.00
[buoy_visualizer-5] [INFO] [1771741101.712645612] [buoy_visualizer]: Buoy 11: range=9.58m, bearing=31.9°, position=(8.13, 5.07), confidence=0.50
[buoy_visualizer-5] [INFO] [1771741101.714380134] [buoy_visualizer]: Published 12 buoy markers
[buoy_visualizer-5] [INFO] [1771741101.784936782] [buoy_visualizer]: Buoy 0: range=6.97m, bearing=52.3°, position=(4.27, 5.51), confidence=1.00
[buoy_visualizer-5] [INFO] [1771741101.786023226] [buoy_visualizer]: Buoy 1: range=12.33m, bearing=-34.0°, position=(10.23, -6.89), confidence=0.75
[buoy_visualizer-5] [INFO] [1771741101.787075653] [buoy_visualizer]: Buoy 2: range=0.34m, bearing=-163.1°, position=(-0.32, -0.10), confidence=1.00
[buoy_visualizer-5] [INFO] [1771741101.788311772] [buoy_visualizer]: Buoy 3: range=1.32m, bearing=9.4°, position=(1.30, 0.21), confidence=1.00
[buoy_visualizer-5] [INFO] [1771741101.789172376] [buoy_visualizer]: Buoy 4: range=8.66m, bearing=-45.8°, position=(6.04, -6.21), confidence=0.62
[buoy_visualizer-5] [INFO] [1771741101.790177951] [buoy_visualizer]: Buoy 5: range=3.99m, bearing=-5.0°, position=(3.97, -0.35), confidence=0.88
[buoy_visualizer-5] [INFO] [1771741101.791236617] [buoy_visualizer]: Buoy 6: range=9.59m, bearing=31.9°, position=(8.14, 5.07), confidence=0.62
[buoy_visualizer-5] [INFO] [1771741101.792350936] [buoy_visualizer]: Buoy 7: range=6.57m, bearing=9.1°, position=(6.49, 1.04), confidence=0.38
[buoy_visualizer-5] [INFO] [1771741101.793224405] [buoy_visualizer]: Buoy 8: range=13.67m, bearing=-44.9°, position=(9.68, -9.65), confidence=0.25
[buoy_visualizer-5] [INFO] [1771741101.795043509] [buoy_visualizer]: Buoy 9: range=9.90m, bearing=-30.9°, position=(8.50, -5.08), confidence=0.25
[buoy_visualizer-5] [INFO] [1771741101.799139382] [buoy_visualizer]: Buoy 10: range=6.52m, bearing=-31.7°, position=(5.55, -3.42), confidence=0.25
[buoy_visualizer-5] [INFO] [1771741101.801271436] [buoy_visualizer]: Buoy 11: range=3.55m, bearing=-119.1°, position=(-1.73, -3.10), confidence=0.25
[buoy_visualizer-5] [INFO] [1771741101.805718949] [buoy_visualizer]: Published 12 buoy markers
[buoy_visualizer-5] [INFO] [1771741101.926577922] [buoy_visualizer]: Buoy 0: range=3.99m, bearing=-5.0°, position=(3.97, -0.35), confidence=0.88
[buoy_visualizer-5] [INFO] [1771741101.928340830] [buoy_visualizer]: Buoy 1: range=9.63m, bearing=31.3°, position=(8.23, 5.00), confidence=0.88
[buoy_visualizer-5] [INFO] [1771741101.930487702] [buoy_visualizer]: Buoy 2: range=6.91m, bearing=52.0°, position=(4.25, 5.45), confidence=1.00
[buoy_visualizer-5] [INFO] [1771741101.937677744] [buoy_visualizer]: Buoy 3: range=7.40m, bearing=-36.9°, position=(5.92, -4.44), confidence=0.38
[buoy_visualizer-5] [INFO] [1771741101.939060433] [buoy_visualizer]: Buoy 4: range=1.37m, bearing=9.2°, position=(1.35, 0.22), confidence=1.00
[buoy_visualizer-5] [INFO] [1771741101.940097146] [buoy_visualizer]: Buoy 5: range=11.16m, bearing=-47.7°, position=(7.52, -8.25), confidence=0.25
[buoy_visualizer-5] [INFO] [1771741101.940964727] [buoy_visualizer]: Buoy 6: range=13.75m, bearing=-45.6°, position=(9.61, -9.83), confidence=0.38
[buoy_visualizer-5] [INFO] [1771741101.941798930] [buoy_visualizer]: Buoy 7: range=0.34m, bearing=-162.4°, position=(-0.33, -0.10), confidence=1.00
[buoy_visualizer-5] [INFO] [1771741101.942666831] [buoy_visualizer]: Buoy 8: range=12.23m, bearing=-33.5°, position=(10.20, -6.74), confidence=0.75
[buoy_visualizer-5] [INFO] [1771741101.945156990] [buoy_visualizer]: Buoy 9: range=9.79m, bearing=4.3°, position=(9.76, 0.74), confidence=0.38
[buoy_visualizer-5] [INFO] [1771741101.946809235] [buoy_visualizer]: Buoy 10: range=3.56m, bearing=-119.4°, position=(-1.75, -3.10), confidence=0.62
[buoy_visualizer-5] [INFO] [1771741101.950495702] [buoy_visualizer]: Published 11 buoy markers
[buoy_visualizer-5] [INFO] [1771741102.054436588] [buoy_visualizer]: Buoy 0: range=3.97m, bearing=-5.8°, position=(3.95, -0.40), confidence=0.62
[buoy_visualizer-5] [INFO] [1771741102.055775274] [buoy_visualizer]: Buoy 1: range=0.34m, bearing=-162.4°, position=(-0.33, -0.10), confidence=1.00
[buoy_visualizer-5] [INFO] [1771741102.058033449] [buoy_visualizer]: Buoy 2: range=9.64m, bearing=31.1°, position=(8.25, 4.98), confidence=0.62
[buoy_visualizer-5] [INFO] [1771741102.059322116] [buoy_visualizer]: Buoy 3: range=6.89m, bearing=51.8°, position=(4.26, 5.42), confidence=1.00
[buoy_visualizer-5] [INFO] [1771741102.061477659] [buoy_visualizer]: Buoy 4: range=12.23m, bearing=-33.5°, position=(10.20, -6.74), confidence=0.75
[buoy_visualizer-5] [INFO] [1771741102.063452678] [buoy_visualizer]: Buoy 5: range=1.42m, bearing=10.6°, position=(1.40, 0.26), confidence=1.00
[buoy_visualizer-5] [INFO] [1771741102.066989855] [buoy_visualizer]: Buoy 6: range=6.76m, bearing=8.4°, position=(6.68, 0.98), confidence=0.25
[buoy_visualizer-5] [INFO] [1771741102.068799007] [buoy_visualizer]: Buoy 7: range=7.39m, bearing=-38.9°, position=(5.75, -4.64), confidence=0.38
[buoy_visualizer-5] [INFO] [1771741102.069793541] [buoy_visualizer]: Buoy 8: range=13.79m, bearing=-46.2°, position=(9.53, -9.96), confidence=0.25
[buoy_visualizer-5] [INFO] [1771741102.070588253] [buoy_visualizer]: Buoy 9: range=3.56m, bearing=-119.4°, position=(-1.75, -3.10), confidence=0.62
[buoy_visualizer-5] [INFO] [1771741102.071466778] [buoy_visualizer]: Buoy 10: range=11.33m, bearing=-48.1°, position=(7.57, -8.43), confidence=0.25
[buoy_visualizer-5] [INFO] [1771741102.072929441] [buoy_visualizer]: Published 11 buoy markers
[buoy_visualizer-5] [INFO] [1771741102.164787235] [buoy_visualizer]: Buoy 0: range=3.97m, bearing=-6.0°, position=(3.95, -0.42), confidence=0.88
[buoy_visualizer-5] [INFO] [1771741102.165745799] [buoy_visualizer]: Buoy 1: range=0.33m, bearing=-162.5°, position=(-0.31, -0.10), confidence=1.00
[buoy_visualizer-5] [INFO] [1771741102.168821919] [buoy_visualizer]: Buoy 2: range=9.65m, bearing=30.7°, position=(8.30, 4.93), confidence=1.00
[buoy_visualizer-5] [INFO] [1771741102.170186079] [buoy_visualizer]: Buoy 3: range=6.89m, bearing=51.3°, position=(4.30, 5.38), confidence=1.00
[buoy_visualizer-5] [INFO] [1771741102.171671944] [buoy_visualizer]: Buoy 4: range=12.22m, bearing=-34.1°, position=(10.13, -6.85), confidence=1.00
[buoy_visualizer-5] [INFO] [1771741102.172956834] [buoy_visualizer]: Buoy 5: range=1.39m, bearing=3.5°, position=(1.39, 0.08), confidence=1.00
[buoy_visualizer-5] [INFO] [1771741102.173847425] [buoy_visualizer]: Buoy 6: range=7.47m, bearing=-38.5°, position=(5.84, -4.65), confidence=0.50
[buoy_visualizer-5] [INFO] [1771741102.175127323] [buoy_visualizer]: Buoy 7: range=13.79m, bearing=-46.2°, position=(9.53, -9.96), confidence=0.25
[buoy_visualizer-5] [INFO] [1771741102.176432375] [buoy_visualizer]: Buoy 8: range=3.56m, bearing=-119.4°, position=(-1.75, -3.10), confidence=0.62
[buoy_visualizer-5] [INFO] [1771741102.178093580] [buoy_visualizer]: Buoy 9: range=11.33m, bearing=-48.1°, position=(7.57, -8.43), confidence=0.25
[buoy_visualizer-5] [INFO] [1771741102.179809221] [buoy_visualizer]: Published 10 buoy markers
[buoy_visualizer-5] [INFO] [1771741102.298297113] [buoy_visualizer]: Buoy 0: range=3.97m, bearing=-6.4°, position=(3.94, -0.44), confidence=0.50
[buoy_visualizer-5] [INFO] [1771741102.299415592] [buoy_visualizer]: Buoy 1: range=9.69m, bearing=30.2°, position=(8.37, 4.88), confidence=0.75
[buoy_visualizer-5] [INFO] [1771741102.306213574] [buoy_visualizer]: Buoy 2: range=6.85m, bearing=51.1°, position=(4.30, 5.34), confidence=1.00
[buoy_visualizer-5] [INFO] [1771741102.308920197] [buoy_visualizer]: Buoy 3: range=0.31m, bearing=-162.6°, position=(-0.30, -0.09), confidence=1.00
[buoy_visualizer-5] [INFO] [1771741102.311160034] [buoy_visualizer]: Buoy 4: range=1.43m, bearing=-5.3°, position=(1.42, -0.13), confidence=1.00
[buoy_visualizer-5] [INFO] [1771741102.313203794] [buoy_visualizer]: Buoy 5: range=3.56m, bearing=-119.4°, position=(-1.75, -3.10), confidence=0.62
[buoy_visualizer-5] [INFO] [1771741102.318136205] [buoy_visualizer]: Buoy 6: range=12.19m, bearing=-34.4°, position=(10.07, -6.88), confidence=0.62
[buoy_visualizer-5] [INFO] [1771741102.319421768] [buoy_visualizer]: Buoy 7: range=11.33m, bearing=-48.1°, position=(7.57, -8.43), confidence=0.25
[buoy_visualizer-5] [INFO] [1771741102.320700706] [buoy_visualizer]: Buoy 8: range=7.48m, bearing=-39.0°, position=(5.82, -4.71), confidence=0.62
[buoy_visualizer-5] [INFO] [1771741102.321911703] [buoy_visualizer]: Buoy 9: range=12.90m, bearing=-40.7°, position=(9.78, -8.41), confidence=0.25
[buoy_visualizer-5] [INFO] [1771741102.322937951] [buoy_visualizer]: Buoy 10: range=6.82m, bearing=17.0°, position=(6.52, 1.99), confidence=0.50
[buoy_visualizer-5] [INFO] [1771741102.324902378] [buoy_visualizer]: Published 11 buoy markers
[buoy_visualizer-5] [INFO] [1771741102.412808661] [buoy_visualizer]: Buoy 0: range=13.75m, bearing=-47.1°, position=(9.36, -10.07), confidence=0.25
[buoy_visualizer-5] [INFO] [1771741102.415506963] [buoy_visualizer]: Buoy 1: range=11.33m, bearing=-48.1°, position=(7.57, -8.43), confidence=0.25
[buoy_visualizer-5] [INFO] [1771741102.417673452] [buoy_visualizer]: Buoy 2: range=9.71m, bearing=29.9°, position=(8.41, 4.84), confidence=0.62
[buoy_visualizer-5] [INFO] [1771741102.425312198] [buoy_visualizer]: Buoy 3: range=6.84m, bearing=50.8°, position=(4.33, 5.30), confidence=1.00
[buoy_visualizer-5] [INFO] [1771741102.426731913] [buoy_visualizer]: Buoy 4: range=3.57m, bearing=-119.8°, position=(-1.78, -3.10), confidence=0.62
[buoy_visualizer-5] [INFO] [1771741102.427805301] [buoy_visualizer]: Buoy 5: range=12.22m, bearing=-34.9°, position=(10.02, -7.00), confidence=0.50
[buoy_visualizer-5] [INFO] [1771741102.428888705] [buoy_visualizer]: Buoy 6: range=1.48m, bearing=-7.1°, position=(1.47, -0.18), confidence=1.00
[buoy_visualizer-5] [INFO] [1771741102.430497907] [buoy_visualizer]: Buoy 7: range=7.47m, bearing=-39.3°, position=(5.78, -4.73), confidence=0.75
[buoy_visualizer-5] [INFO] [1771741102.431728649] [buoy_visualizer]: Buoy 8: range=12.90m, bearing=-40.7°, position=(9.78, -8.41), confidence=0.25
[buoy_visualizer-5] [INFO] [1771741102.433774393] [buoy_visualizer]: Buoy 9: range=3.99m, bearing=-6.5°, position=(3.96, -0.45), confidence=0.50
[buoy_visualizer-5] [INFO] [1771741102.437183657] [buoy_visualizer]: Buoy 10: range=0.31m, bearing=-162.5°, position=(-0.30, -0.09), confidence=1.00
[buoy_visualizer-5] [INFO] [1771741102.438339066] [buoy_visualizer]: Buoy 11: range=6.82m, bearing=16.8°, position=(6.53, 1.97), confidence=0.62
[buoy_visualizer-5] [INFO] [1771741102.439934379] [buoy_visualizer]: Published 12 buoy markers
[buoy_visualizer-5] [INFO] [1771741102.538699475] [buoy_visualizer]: Buoy 0: range=1.43m, bearing=-10.4°, position=(1.41, -0.26), confidence=1.00
[buoy_visualizer-5] [INFO] [1771741102.540778245] [buoy_visualizer]: Buoy 1: range=6.82m, bearing=50.6°, position=(4.33, 5.27), confidence=1.00
[buoy_visualizer-5] [INFO] [1771741102.542210378] [buoy_visualizer]: Buoy 2: range=7.31m, bearing=-37.3°, position=(5.81, -4.43), confidence=1.00
[buoy_visualizer-5] [INFO] [1771741102.543172046] [buoy_visualizer]: Buoy 3: range=12.90m, bearing=-40.7°, position=(9.78, -8.41), confidence=0.25
[buoy_visualizer-5] [INFO] [1771741102.544659446] [buoy_visualizer]: Buoy 4: range=9.59m, bearing=29.1°, position=(8.37, 4.67), confidence=0.75
[buoy_visualizer-5] [INFO] [1771741102.549528173] [buoy_visualizer]: Buoy 5: range=3.99m, bearing=-7.3°, position=(3.96, -0.51), confidence=0.75
[buoy_visualizer-5] [INFO] [1771741102.551778283] [buoy_visualizer]: Buoy 6: range=0.32m, bearing=-162.6°, position=(-0.30, -0.09), confidence=1.00
[buoy_visualizer-5] [INFO] [1771741102.553415871] [buoy_visualizer]: Buoy 7: range=8.38m, bearing=10.6°, position=(8.24, 1.54), confidence=0.25
[buoy_visualizer-5] [INFO] [1771741102.554895047] [buoy_visualizer]: Buoy 8: range=12.16m, bearing=-35.6°, position=(9.89, -7.08), confidence=0.50
[buoy_visualizer-5] [INFO] [1771741102.556984154] [buoy_visualizer]: Buoy 9: range=6.82m, bearing=16.8°, position=(6.53, 1.97), confidence=0.62
[buoy_visualizer-5] [INFO] [1771741102.558896641] [buoy_visualizer]: Buoy 10: range=3.63m, bearing=-120.3°, position=(-1.83, -3.14), confidence=0.38
[buoy_visualizer-5] [INFO] [1771741102.561257639] [buoy_visualizer]: Published 11 buoy markers
[buoy_visualizer-5] [INFO] [1771741102.663423326] [buoy_visualizer]: Buoy 0: range=9.59m, bearing=29.1°, position=(8.37, 4.67), confidence=0.75
[buoy_visualizer-5] [INFO] [1771741102.664884965] [buoy_visualizer]: Buoy 1: range=6.85m, bearing=49.9°, position=(4.41, 5.24), confidence=1.00
[buoy_visualizer-5] [INFO] [1771741102.665826087] [buoy_visualizer]: Buoy 2: range=3.99m, bearing=-7.3°, position=(3.96, -0.51), confidence=0.75
[buoy_visualizer-5] [INFO] [1771741102.666657314] [buoy_visualizer]: Buoy 3: range=0.32m, bearing=-162.6°, position=(-0.30, -0.09), confidence=1.00
[buoy_visualizer-5] [INFO] [1771741102.667533439] [buoy_visualizer]: Buoy 4: range=8.38m, bearing=10.6°, position=(8.24, 1.54), confidence=0.25
[buoy_visualizer-5] [INFO] [1771741102.668362682] [buoy_visualizer]: Buoy 5: range=1.44m, bearing=-13.5°, position=(1.40, -0.34), confidence=1.00
[buoy_visualizer-5] [INFO] [1771741102.669250264] [buoy_visualizer]: Buoy 6: range=7.47m, bearing=-39.9°, position=(5.73, -4.80), confidence=0.75
[buoy_visualizer-5] [INFO] [1771741102.670252639] [buoy_visualizer]: Buoy 7: range=12.34m, bearing=-37.2°, position=(9.83, -7.45), confidence=0.75
[buoy_visualizer-5] [INFO] [1771741102.672626598] [buoy_visualizer]: Buoy 8: range=6.82m, bearing=16.0°, position=(6.56, 1.88), confidence=1.00
[buoy_visualizer-5] [INFO] [1771741102.673632557] [buoy_visualizer]: Buoy 9: range=3.63m, bearing=-120.3°, position=(-1.83, -3.14), confidence=0.38
[buoy_visualizer-5] [INFO] [1771741102.674487273] [buoy_visualizer]: Buoy 10: range=6.73m, bearing=-34.7°, position=(5.53, -3.83), confidence=0.25
[buoy_visualizer-5] [INFO] [1771741102.675275328] [buoy_visualizer]: Buoy 11: range=9.92m, bearing=-34.5°, position=(8.18, -5.62), confidence=0.25
[buoy_visualizer-5] [INFO] [1771741102.677083552] [buoy_visualizer]: Published 12 buoy markers
[buoy_visualizer-5] [INFO] [1771741102.790454988] [buoy_visualizer]: Buoy 0: range=1.43m, bearing=-15.4°, position=(1.37, -0.38), confidence=1.00
[buoy_visualizer-5] [INFO] [1771741102.791340042] [buoy_visualizer]: Buoy 1: range=12.30m, bearing=-37.0°, position=(9.82, -7.41), confidence=0.88
[buoy_visualizer-5] [INFO] [1771741102.792290829] [buoy_visualizer]: Buoy 2: range=7.24m, bearing=-42.3°, position=(5.36, -4.87), confidence=0.88
[buoy_visualizer-5] [INFO] [1771741102.793333559] [buoy_visualizer]: Buoy 3: range=6.82m, bearing=16.0°, position=(6.56, 1.88), confidence=1.00
[buoy_visualizer-5] [INFO] [1771741102.794222901] [buoy_visualizer]: Buoy 4: range=0.31m, bearing=-161.5°, position=(-0.30, -0.10), confidence=1.00
[buoy_visualizer-5] [INFO] [1771741102.795111732] [buoy_visualizer]: Buoy 5: range=4.03m, bearing=-8.6°, position=(3.98, -0.61), confidence=0.75
[buoy_visualizer-5] [INFO] [1771741102.795911052] [buoy_visualizer]: Buoy 6: range=6.81m, bearing=49.7°, position=(4.40, 5.19), confidence=1.00
[buoy_visualizer-5] [INFO] [1771741102.796795402] [buoy_visualizer]: Buoy 7: range=3.63m, bearing=-120.3°, position=(-1.83, -3.14), confidence=0.38
[buoy_visualizer-5] [INFO] [1771741102.797608483] [buoy_visualizer]: Buoy 8: range=9.50m, bearing=28.3°, position=(8.37, 4.50), confidence=0.38
[buoy_visualizer-5] [INFO] [1771741102.798820793] [buoy_visualizer]: Buoy 9: range=9.92m, bearing=-34.5°, position=(8.18, -5.62), confidence=0.25
[buoy_visualizer-5] [INFO] [1771741102.800461196] [buoy_visualizer]: Published 10 buoy markers
[buoy_visualizer-5] [INFO] [1771741102.903623466] [buoy_visualizer]: Buoy 0: range=7.20m, bearing=-43.2°, position=(5.25, -4.93), confidence=0.75
[buoy_visualizer-5] [INFO] [1771741102.904595822] [buoy_visualizer]: Buoy 1: range=1.40m, bearing=-16.9°, position=(1.34, -0.41), confidence=1.00
[buoy_visualizer-5] [INFO] [1771741102.906831212] [buoy_visualizer]: Buoy 2: range=4.03m, bearing=-8.6°, position=(3.98, -0.61), confidence=0.75
[buoy_visualizer-5] [INFO] [1771741102.908005982] [buoy_visualizer]: Buoy 3: range=6.81m, bearing=49.7°, position=(4.40, 5.19), confidence=1.00
[buoy_visualizer-5] [INFO] [1771741102.909644722] [buoy_visualizer]: Buoy 4: range=0.30m, bearing=-163.5°, position=(-0.29, -0.09), confidence=1.00
[buoy_visualizer-5] [INFO] [1771741102.910762016] [buoy_visualizer]: Buoy 5: range=6.82m, bearing=15.5°, position=(6.57, 1.82), confidence=1.00
[buoy_visualizer-5] [INFO] [1771741102.912094686] [buoy_visualizer]: Buoy 6: range=3.63m, bearing=-120.3°, position=(-1.83, -3.14), confidence=0.38
[buoy_visualizer-5] [INFO] [1771741102.913225358] [buoy_visualizer]: Buoy 7: range=9.50m, bearing=28.3°, position=(8.37, 4.50), confidence=0.38
[buoy_visualizer-5] [INFO] [1771741102.914917925] [buoy_visualizer]: Buoy 8: range=9.91m, bearing=-33.8°, position=(8.24, -5.52), confidence=0.38
[buoy_visualizer-5] [INFO] [1771741102.923308051] [buoy_visualizer]: Buoy 9: range=12.28m, bearing=-37.3°, position=(9.77, -7.44), confidence=1.00
[buoy_visualizer-5] [INFO] [1771741102.930866855] [buoy_visualizer]: Published 10 buoy markers
[buoy_visualizer-5] [INFO] [1771741103.031807784] [buoy_visualizer]: Buoy 0: range=1.35m, bearing=-20.4°, position=(1.27, -0.47), confidence=1.00
[buoy_visualizer-5] [INFO] [1771741103.033889659] [buoy_visualizer]: Buoy 1: range=4.04m, bearing=-9.8°, position=(3.98, -0.68), confidence=0.50
[buoy_visualizer-5] [INFO] [1771741103.036245409] [buoy_visualizer]: Buoy 2: range=9.50m, bearing=28.3°, position=(8.37, 4.50), confidence=0.38
[buoy_visualizer-5] [INFO] [1771741103.038876570] [buoy_visualizer]: Buoy 3: range=6.83m, bearing=49.0°, position=(4.48, 5.15), confidence=1.00
[buoy_visualizer-5] [INFO] [1771741103.040180021] [buoy_visualizer]: Buoy 4: range=0.30m, bearing=-163.6°, position=(-0.29, -0.08), confidence=1.00
[buoy_visualizer-5] [INFO] [1771741103.041065812] [buoy_visualizer]: Buoy 5: range=3.66m, bearing=-121.9°, position=(-1.93, -3.10), confidence=0.25
[buoy_visualizer-5] [INFO] [1771741103.042310795] [buoy_visualizer]: Buoy 6: range=3.75m, bearing=-98.3°, position=(-0.54, -3.71), confidence=0.88
[buoy_visualizer-5] [INFO] [1771741103.043187241] [buoy_visualizer]: Buoy 7: range=9.91m, bearing=-33.8°, position=(8.24, -5.52), confidence=0.38
[buoy_visualizer-5] [INFO] [1771741103.046869324] [buoy_visualizer]: Buoy 8: range=12.28m, bearing=-37.3°, position=(9.77, -7.44), confidence=1.00
[buoy_visualizer-5] [INFO] [1771741103.050028106] [buoy_visualizer]: Buoy 9: range=6.77m, bearing=15.4°, position=(6.53, 1.80), confidence=1.00
[buoy_visualizer-5] [INFO] [1771741103.051631323] [buoy_visualizer]: Buoy 10: range=14.42m, bearing=-53.5°, position=(8.57, -11.59), confidence=0.25
[buoy_visualizer-5] [INFO] [1771741103.054480676] [buoy_visualizer]: Published 11 buoy markers
[buoy_visualizer-5] [INFO] [1771741103.156764002] [buoy_visualizer]: Buoy 0: range=6.71m, bearing=4.7°, position=(6.69, 0.55), confidence=0.38
[buoy_visualizer-5] [INFO] [1771741103.157624286] [buoy_visualizer]: Buoy 1: range=7.00m, bearing=46.4°, position=(4.83, 5.07), confidence=1.00
[buoy_visualizer-5] [INFO] [1771741103.158393685] [buoy_visualizer]: Buoy 2: range=1.35m, bearing=-17.3°, position=(1.29, -0.40), confidence=1.00
[buoy_visualizer-5] [INFO] [1771741103.159136073] [buoy_visualizer]: Buoy 3: range=8.30m, bearing=-4.7°, position=(8.27, -0.69), confidence=1.00
[buoy_visualizer-5] [INFO] [1771741103.159867708] [buoy_visualizer]: Buoy 4: range=6.77m, bearing=15.4°, position=(6.53, 1.80), confidence=1.00
[buoy_visualizer-5] [INFO] [1771741103.160630450] [buoy_visualizer]: Buoy 5: range=12.34m, bearing=-38.0°, position=(9.73, -7.59), confidence=0.75
[buoy_visualizer-5] [INFO] [1771741103.161535314] [buoy_visualizer]: Buoy 6: range=8.30m, bearing=-23.1°, position=(7.63, -3.26), confidence=0.62
[buoy_visualizer-5] [INFO] [1771741103.162338346] [buoy_visualizer]: Buoy 7: range=0.30m, bearing=-163.0°, position=(-0.29, -0.09), confidence=1.00
[buoy_visualizer-5] [INFO] [1771741103.163199815] [buoy_visualizer]: Buoy 8: range=4.06m, bearing=-11.4°, position=(3.98, -0.80), confidence=0.50
[buoy_visualizer-5] [INFO] [1771741103.164702353] [buoy_visualizer]: Buoy 9: range=14.24m, bearing=-52.6°, position=(8.65, -11.31), confidence=0.38
[buoy_visualizer-5] [INFO] [1771741103.165612689] [buoy_visualizer]: Buoy 10: range=3.62m, bearing=-123.6°, position=(-2.01, -3.02), confidence=0.50
[buoy_visualizer-5] [INFO] [1771741103.167159005] [buoy_visualizer]: Published 11 buoy markers
[buoy_visualizer-5] [INFO] [1771741103.279444411] [buoy_visualizer]: Buoy 0: range=1.36m, bearing=-15.6°, position=(1.31, -0.36), confidence=1.00
[buoy_visualizer-5] [INFO] [1771741103.280387806] [buoy_visualizer]: Buoy 1: range=6.98m, bearing=46.6°, position=(4.80, 5.07), confidence=1.00
[buoy_visualizer-5] [INFO] [1771741103.281116145] [buoy_visualizer]: Buoy 2: range=12.21m, bearing=-36.4°, position=(9.83, -7.24), confidence=0.88
[buoy_visualizer-5] [INFO] [1771741103.281822083] [buoy_visualizer]: Buoy 3: range=6.69m, bearing=3.6°, position=(6.67, 0.42), confidence=0.38
[buoy_visualizer-5] [INFO] [1771741103.282527444] [buoy_visualizer]: Buoy 4: range=0.30m, bearing=-162.9°, position=(-0.29, -0.09), confidence=1.00
[buoy_visualizer-5] [INFO] [1771741103.283232134] [buoy_visualizer]: Buoy 5: range=14.24m, bearing=-52.6°, position=(8.65, -11.31), confidence=0.38
[buoy_visualizer-5] [INFO] [1771741103.284672907] [buoy_visualizer]: Buoy 6: range=12.71m, bearing=-42.3°, position=(9.40, -8.56), confidence=0.25
[buoy_visualizer-5] [INFO] [1771741103.286306814] [buoy_visualizer]: Buoy 7: range=3.62m, bearing=-123.6°, position=(-2.01, -3.02), confidence=0.50
[buoy_visualizer-5] [INFO] [1771741103.292848299] [buoy_visualizer]: Published 8 buoy markers
[buoy_visualizer-5] [INFO] [1771741103.419071357] [buoy_visualizer]: Buoy 0: range=0.31m, bearing=-164.7°, position=(-0.30, -0.08), confidence=1.00
[buoy_visualizer-5] [INFO] [1771741103.420008959] [buoy_visualizer]: Buoy 1: range=14.24m, bearing=-52.6°, position=(8.65, -11.31), confidence=0.38
[buoy_visualizer-5] [INFO] [1771741103.421688502] [buoy_visualizer]: Buoy 2: range=1.38m, bearing=-15.7°, position=(1.33, -0.37), confidence=1.00
[buoy_visualizer-5] [INFO] [1771741103.423544856] [buoy_visualizer]: Buoy 3: range=7.44m, bearing=-42.8°, position=(5.45, -5.06), confidence=0.25
[buoy_visualizer-5] [INFO] [1771741103.428825804] [buoy_visualizer]: Buoy 4: range=12.28m, bearing=-38.6°, position=(9.60, -7.66), confidence=1.00
[buoy_visualizer-5] [INFO] [1771741103.429950683] [buoy_visualizer]: Buoy 5: range=8.05m, bearing=-2.2°, position=(8.05, -0.30), confidence=1.00
[buoy_visualizer-5] [INFO] [1771741103.430726930] [buoy_visualizer]: Buoy 6: range=6.97m, bearing=45.7°, position=(4.87, 4.99), confidence=1.00
[buoy_visualizer-5] [INFO] [1771741103.431465094] [buoy_visualizer]: Buoy 7: range=3.62m, bearing=-123.6°, position=(-2.01, -3.02), confidence=0.50
[buoy_visualizer-5] [INFO] [1771741103.432309153] [buoy_visualizer]: Buoy 8: range=11.57m, bearing=-51.2°, position=(7.24, -9.02), confidence=0.25
[buoy_visualizer-5] [INFO] [1771741103.433957429] [buoy_visualizer]: Published 9 buoy markers
[buoy_visualizer-5] [INFO] [1771741103.556514694] [buoy_visualizer]: Buoy 0: range=0.32m, bearing=-160.9°, position=(-0.30, -0.10), confidence=1.00
[buoy_visualizer-5] [INFO] [1771741103.557519692] [buoy_visualizer]: Buoy 1: range=7.05m, bearing=45.2°, position=(4.96, 5.00), confidence=1.00
[buoy_visualizer-5] [INFO] [1771741103.558371464] [buoy_visualizer]: Buoy 2: range=1.38m, bearing=-16.3°, position=(1.32, -0.39), confidence=1.00
[buoy_visualizer-5] [INFO] [1771741103.559178913] [buoy_visualizer]: Buoy 3: range=8.27m, bearing=-22.1°, position=(7.66, -3.11), confidence=0.88
[buoy_visualizer-5] [INFO] [1771741103.564730568] [buoy_visualizer]: Buoy 4: range=8.40m, bearing=-4.1°, position=(8.37, -0.60), confidence=0.62
[buoy_visualizer-5] [INFO] [1771741103.568039825] [buoy_visualizer]: Buoy 5: range=3.62m, bearing=-123.6°, position=(-2.01, -3.02), confidence=0.50
[buoy_visualizer-5] [INFO] [1771741103.570566339] [buoy_visualizer]: Buoy 6: range=11.57m, bearing=-51.2°, position=(7.24, -9.02), confidence=0.25
[buoy_visualizer-5] [INFO] [1771741103.572606738] [buoy_visualizer]: Buoy 7: range=12.23m, bearing=-38.4°, position=(9.59, -7.60), confidence=1.00
[buoy_visualizer-5] [INFO] [1771741103.575383222] [buoy_visualizer]: Buoy 8: range=7.21m, bearing=1.3°, position=(7.21, 0.17), confidence=0.25
[buoy_visualizer-5] [INFO] [1771741103.577949034] [buoy_visualizer]: Buoy 9: range=8.15m, bearing=-54.5°, position=(4.73, -6.63), confidence=0.25
[buoy_visualizer-5] [INFO] [1771741103.579860593] [buoy_visualizer]: Published 10 buoy markers
[buoy_visualizer-5] [INFO] [1771741103.660929018] [buoy_visualizer]: Buoy 0: range=8.26m, bearing=-22.4°, position=(7.64, -3.15), confidence=0.88
[buoy_visualizer-5] [INFO] [1771741103.662229205] [buoy_visualizer]: Buoy 1: range=1.40m, bearing=-14.9°, position=(1.36, -0.36), confidence=1.00
[buoy_visualizer-5] [INFO] [1771741103.663159415] [buoy_visualizer]: Buoy 2: range=0.32m, bearing=-159.0°, position=(-0.30, -0.11), confidence=1.00
[buoy_visualizer-5] [INFO] [1771741103.664056854] [buoy_visualizer]: Buoy 3: range=6.85m, bearing=47.0°, position=(4.67, 5.01), confidence=1.00
[buoy_visualizer-5] [INFO] [1771741103.665763854] [buoy_visualizer]: Buoy 4: range=11.57m, bearing=-51.2°, position=(7.24, -9.02), confidence=0.25
[buoy_visualizer-5] [INFO] [1771741103.666636171] [buoy_visualizer]: Buoy 5: range=6.73m, bearing=-51.6°, position=(4.17, -5.28), confidence=0.62
[buoy_visualizer-5] [INFO] [1771741103.667399137] [buoy_visualizer]: Buoy 6: range=8.39m, bearing=-3.9°, position=(8.37, -0.57), confidence=0.50
[buoy_visualizer-5] [INFO] [1771741103.668809284] [buoy_visualizer]: Buoy 7: range=3.63m, bearing=-123.9°, position=(-2.02, -3.01), confidence=0.62
[buoy_visualizer-5] [INFO] [1771741103.669740742] [buoy_visualizer]: Buoy 8: range=12.23m, bearing=-38.4°, position=(9.59, -7.60), confidence=1.00
[buoy_visualizer-5] [INFO] [1771741103.670569568] [buoy_visualizer]: Buoy 9: range=7.21m, bearing=1.3°, position=(7.21, 0.17), confidence=0.25
[buoy_visualizer-5] [INFO] [1771741103.671383065] [buoy_visualizer]: Buoy 10: range=8.93m, bearing=-50.1°, position=(5.73, -6.85), confidence=0.25
[buoy_visualizer-5] [INFO] [1771741103.672422691] [buoy_visualizer]: Buoy 11: range=8.17m, bearing=-54.9°, position=(4.70, -6.69), confidence=0.38
[buoy_visualizer-5] [INFO] [1771741103.673955022] [buoy_visualizer]: Published 12 buoy markers
[buoy_visualizer-5] [INFO] [1771741103.769608090] [buoy_visualizer]: Buoy 0: range=12.25m, bearing=-38.6°, position=(9.57, -7.64), confidence=1.00
[buoy_visualizer-5] [INFO] [1771741103.770565693] [buoy_visualizer]: Buoy 1: range=8.30m, bearing=-24.3°, position=(7.56, -3.42), confidence=1.00
[buoy_visualizer-5] [INFO] [1771741103.771394936] [buoy_visualizer]: Buoy 2: range=1.40m, bearing=-15.2°, position=(1.35, -0.37), confidence=1.00
[buoy_visualizer-5] [INFO] [1771741103.773778655] [buoy_visualizer]: Buoy 3: range=9.60m, bearing=-5.2°, position=(9.56, -0.87), confidence=1.00
[buoy_visualizer-5] [INFO] [1771741103.775318348] [buoy_visualizer]: Buoy 4: range=7.95m, bearing=-3.7°, position=(7.93, -0.52), confidence=0.88
[buoy_visualizer-5] [INFO] [1771741103.776531713] [buoy_visualizer]: Buoy 5: range=0.31m, bearing=-159.2°, position=(-0.29, -0.11), confidence=1.00
[buoy_visualizer-5] [INFO] [1771741103.777298775] [buoy_visualizer]: Buoy 6: range=8.37m, bearing=7.0°, position=(8.30, 1.02), confidence=0.38
[buoy_visualizer-5] [INFO] [1771741103.778018250] [buoy_visualizer]: Buoy 7: range=9.58m, bearing=24.6°, position=(8.71, 3.99), confidence=0.50
[buoy_visualizer-5] [INFO] [1771741103.778723451] [buoy_visualizer]: Buoy 8: range=6.83m, bearing=46.6°, position=(4.69, 4.97), confidence=1.00
[buoy_visualizer-5] [INFO] [1771741103.779438414] [buoy_visualizer]: Buoy 9: range=3.62m, bearing=-123.9°, position=(-2.02, -3.00), confidence=0.25
[buoy_visualizer-5] [INFO] [1771741103.780847153] [buoy_visualizer]: Published 10 buoy markers
[buoy_visualizer-5] [INFO] [1771741103.892103910] [buoy_visualizer]: Buoy 0: range=8.64m, bearing=-52.8°, position=(5.22, -6.88), confidence=0.88
[buoy_visualizer-5] [INFO] [1771741103.893593391] [buoy_visualizer]: Buoy 1: range=8.33m, bearing=-25.9°, position=(7.50, -3.63), confidence=0.88
[buoy_visualizer-5] [INFO] [1771741103.895815756] [buoy_visualizer]: Buoy 2: range=9.58m, bearing=-6.0°, position=(9.53, -1.00), confidence=1.00
[buoy_visualizer-5] [INFO] [1771741103.898484071] [buoy_visualizer]: Buoy 3: range=1.39m, bearing=-16.9°, position=(1.33, -0.41), confidence=1.00
[buoy_visualizer-5] [INFO] [1771741103.900260804] [buoy_visualizer]: Buoy 4: range=8.37m, bearing=7.0°, position=(8.30, 1.02), confidence=0.38
[buoy_visualizer-5] [INFO] [1771741103.902370873] [buoy_visualizer]: Buoy 5: range=9.58m, bearing=24.6°, position=(8.71, 3.99), confidence=0.50
[buoy_visualizer-5] [INFO] [1771741103.903660596] [buoy_visualizer]: Buoy 6: range=6.83m, bearing=46.6°, position=(4.69, 4.97), confidence=1.00
[buoy_visualizer-5] [INFO] [1771741103.904666714] [buoy_visualizer]: Buoy 7: range=12.22m, bearing=-38.9°, position=(9.51, -7.68), confidence=1.00
[buoy_visualizer-5] [INFO] [1771741103.905572474] [buoy_visualizer]: Buoy 8: range=8.02m, bearing=-4.5°, position=(8.00, -0.63), confidence=0.62
[buoy_visualizer-5] [INFO] [1771741103.907303956] [buoy_visualizer]: Buoy 9: range=0.31m, bearing=-158.0°, position=(-0.29, -0.12), confidence=1.00
[buoy_visualizer-5] [INFO] [1771741103.910128027] [buoy_visualizer]: Buoy 10: range=3.63m, bearing=-123.9°, position=(-2.03, -3.02), confidence=0.38
[buoy_visualizer-5] [INFO] [1771741103.911300909] [buoy_visualizer]: Buoy 11: range=6.79m, bearing=12.6°, position=(6.63, 1.48), confidence=1.00
[buoy_visualizer-5] [INFO] [1771741103.913002469] [buoy_visualizer]: Published 12 buoy markers
[buoy_visualizer-5] [INFO] [1771741104.015546293] [buoy_visualizer]: Buoy 0: range=6.83m, bearing=46.2°, position=(4.72, 4.93), confidence=1.00
[buoy_visualizer-5] [INFO] [1771741104.018599756] [buoy_visualizer]: Buoy 1: range=8.95m, bearing=-53.3°, position=(5.34, -7.18), confidence=1.00
[buoy_visualizer-5] [INFO] [1771741104.019894311] [buoy_visualizer]: Buoy 2: range=7.11m, bearing=-39.6°, position=(5.47, -4.54), confidence=0.75
[buoy_visualizer-5] [INFO] [1771741104.020910959] [buoy_visualizer]: Buoy 3: range=1.36m, bearing=-16.7°, position=(1.30, -0.39), confidence=1.00
[buoy_visualizer-5] [INFO] [1771741104.023895809] [buoy_visualizer]: Buoy 4: range=8.33m, bearing=-26.4°, position=(7.46, -3.70), confidence=0.88
[buoy_visualizer-5] [INFO] [1771741104.031826223] [buoy_visualizer]: Buoy 5: range=8.29m, bearing=-6.2°, position=(8.24, -0.90), confidence=0.75
[buoy_visualizer-5] [INFO] [1771741104.035789541] [buoy_visualizer]: Buoy 6: range=9.55m, bearing=-6.9°, position=(9.48, -1.15), confidence=1.00
[buoy_visualizer-5] [INFO] [1771741104.037749391] [buoy_visualizer]: Buoy 7: range=0.31m, bearing=-159.2°, position=(-0.29, -0.11), confidence=1.00
[buoy_visualizer-5] [INFO] [1771741104.040342022] [buoy_visualizer]: Buoy 8: range=12.29m, bearing=-39.0°, position=(9.55, -7.74), confidence=0.75
[buoy_visualizer-5] [INFO] [1771741104.042428569] [buoy_visualizer]: Buoy 9: range=6.85m, bearing=-50.8°, position=(4.33, -5.31), confidence=0.62
[buoy_visualizer-5] [INFO] [1771741104.044421861] [buoy_visualizer]: Buoy 10: range=3.63m, bearing=-123.9°, position=(-2.03, -3.02), confidence=0.38
[buoy_visualizer-5] [INFO] [1771741104.045943984] [buoy_visualizer]: Buoy 11: range=8.37m, bearing=7.0°, position=(8.31, 1.02), confidence=0.25
[buoy_visualizer-5] [INFO] [1771741104.047390870] [buoy_visualizer]: Buoy 12: range=9.57m, bearing=24.8°, position=(8.68, 4.02), confidence=0.62
[buoy_visualizer-5] [INFO] [1771741104.048872798] [buoy_visualizer]: Buoy 13: range=6.79m, bearing=12.6°, position=(6.63, 1.49), confidence=1.00
[buoy_visualizer-5] [INFO] [1771741104.051428466] [buoy_visualizer]: Buoy 14: range=13.89m, bearing=-51.6°, position=(8.63, -10.88), confidence=0.25
[buoy_visualizer-5] [INFO] [1771741104.053319735] [buoy_visualizer]: Published 15 buoy markers
[buoy_visualizer-5] [INFO] [1771741104.124079241] [buoy_visualizer]: Buoy 0: range=6.84m, bearing=46.0°, position=(4.76, 4.92), confidence=1.00
[buoy_visualizer-5] [INFO] [1771741104.130341218] [buoy_visualizer]: Buoy 1: range=8.95m, bearing=-53.3°, position=(5.34, -7.18), confidence=1.00
[buoy_visualizer-5] [INFO] [1771741104.131702690] [buoy_visualizer]: Buoy 2: range=1.34m, bearing=-17.0°, position=(1.28, -0.39), confidence=1.00
[buoy_visualizer-5] [INFO] [1771741104.132728938] [buoy_visualizer]: Buoy 3: range=8.30m, bearing=-25.2°, position=(7.52, -3.53), confidence=1.00
[buoy_visualizer-5] [INFO] [1771741104.133565605] [buoy_visualizer]: Buoy 4: range=8.29m, bearing=-6.2°, position=(8.24, -0.90), confidence=0.75
[buoy_visualizer-5] [INFO] [1771741104.135024619] [buoy_visualizer]: Buoy 5: range=0.32m, bearing=-160.0°, position=(-0.30, -0.11), confidence=1.00
[buoy_visualizer-5] [INFO] [1771741104.136116248] [buoy_visualizer]: Buoy 6: range=12.31m, bearing=-39.5°, position=(9.50, -7.83), confidence=1.00
[buoy_visualizer-5] [INFO] [1771741104.137752747] [buoy_visualizer]: Buoy 7: range=6.85m, bearing=-50.8°, position=(4.33, -5.31), confidence=0.62
[buoy_visualizer-5] [INFO] [1771741104.140513421] [buoy_visualizer]: Buoy 8: range=3.63m, bearing=-123.9°, position=(-2.03, -3.02), confidence=0.38
[buoy_visualizer-5] [INFO] [1771741104.142637091] [buoy_visualizer]: Buoy 9: range=8.37m, bearing=7.0°, position=(8.31, 1.02), confidence=0.25
[buoy_visualizer-5] [INFO] [1771741104.143727184] [buoy_visualizer]: Buoy 10: range=9.57m, bearing=24.8°, position=(8.68, 4.02), confidence=0.62
[buoy_visualizer-5] [INFO] [1771741104.144619406] [buoy_visualizer]: Buoy 11: range=6.79m, bearing=12.6°, position=(6.63, 1.49), confidence=1.00
[buoy_visualizer-5] [INFO] [1771741104.145415974] [buoy_visualizer]: Buoy 12: range=13.89m, bearing=-51.6°, position=(8.63, -10.88), confidence=0.25
[buoy_visualizer-5] [INFO] [1771741104.147206532] [buoy_visualizer]: Published 13 buoy markers
[buoy_visualizer-5] [INFO] [1771741104.239368825] [buoy_visualizer]: Buoy 0: range=0.32m, bearing=-161.4°, position=(-0.30, -0.10), confidence=1.00
[buoy_visualizer-5] [INFO] [1771741104.240448677] [buoy_visualizer]: Buoy 1: range=6.84m, bearing=-50.7°, position=(4.34, -5.29), confidence=0.75
[buoy_visualizer-5] [INFO] [1771741104.241294208] [buoy_visualizer]: Buoy 2: range=9.22m, bearing=-53.0°, position=(5.55, -7.36), confidence=0.75
[buoy_visualizer-5] [INFO] [1771741104.243592098] [buoy_visualizer]: Buoy 3: range=1.34m, bearing=-15.1°, position=(1.29, -0.35), confidence=1.00
[buoy_visualizer-5] [INFO] [1771741104.244708816] [buoy_visualizer]: Buoy 4: range=8.32m, bearing=-25.6°, position=(7.50, -3.60), confidence=1.00
[buoy_visualizer-5] [INFO] [1771741104.245530730] [buoy_visualizer]: Buoy 5: range=6.82m, bearing=46.1°, position=(4.72, 4.92), confidence=1.00
[buoy_visualizer-5] [INFO] [1771741104.248402772] [buoy_visualizer]: Buoy 6: range=3.63m, bearing=-123.9°, position=(-2.03, -3.02), confidence=0.38
[buoy_visualizer-5] [INFO] [1771741104.249562150] [buoy_visualizer]: Buoy 7: range=8.22m, bearing=-6.0°, position=(8.17, -0.87), confidence=0.88
[buoy_visualizer-5] [INFO] [1771741104.255924869] [buoy_visualizer]: Buoy 8: range=8.37m, bearing=7.0°, position=(8.31, 1.02), confidence=0.25
[buoy_visualizer-5] [INFO] [1771741104.258519036] [buoy_visualizer]: Buoy 9: range=9.57m, bearing=24.8°, position=(8.68, 4.02), confidence=0.62
[buoy_visualizer-5] [INFO] [1771741104.262433455] [buoy_visualizer]: Buoy 10: range=12.31m, bearing=-39.4°, position=(9.51, -7.82), confidence=1.00
[buoy_visualizer-5] [INFO] [1771741104.264588007] [buoy_visualizer]: Buoy 11: range=6.79m, bearing=12.6°, position=(6.63, 1.49), confidence=1.00
[buoy_visualizer-5] [INFO] [1771741104.265571756] [buoy_visualizer]: Buoy 12: range=7.49m, bearing=-44.2°, position=(5.37, -5.22), confidence=0.25
[buoy_visualizer-5] [INFO] [1771741104.266403655] [buoy_visualizer]: Buoy 13: range=13.89m, bearing=-51.6°, position=(8.63, -10.88), confidence=0.25
[buoy_visualizer-5] [INFO] [1771741104.267171645] [buoy_visualizer]: Buoy 14: range=12.36m, bearing=-49.0°, position=(8.10, -9.34), confidence=0.25
[buoy_visualizer-5] [INFO] [1771741104.267986390] [buoy_visualizer]: Buoy 15: range=7.87m, bearing=39.0°, position=(6.12, 4.95), confidence=0.25
[buoy_visualizer-5] [INFO] [1771741104.269847961] [buoy_visualizer]: Published 16 buoy markers
[buoy_visualizer-5] [INFO] [1771741104.370923168] [buoy_visualizer]: Buoy 0: range=0.32m, bearing=-162.0°, position=(-0.31, -0.10), confidence=1.00
[buoy_visualizer-5] [INFO] [1771741104.371833600] [buoy_visualizer]: Buoy 1: range=6.87m, bearing=45.2°, position=(4.84, 4.88), confidence=1.00
[buoy_visualizer-5] [INFO] [1771741104.372647066] [buoy_visualizer]: Buoy 2: range=9.24m, bearing=-53.1°, position=(5.54, -7.39), confidence=0.62
[buoy_visualizer-5] [INFO] [1771741104.373380749] [buoy_visualizer]: Buoy 3: range=8.32m, bearing=-25.9°, position=(7.49, -3.64), confidence=1.00
[buoy_visualizer-5] [INFO] [1771741104.374113793] [buoy_visualizer]: Buoy 4: range=8.22m, bearing=-6.0°, position=(8.17, -0.87), confidence=0.88
[buoy_visualizer-5] [INFO] [1771741104.379543295] [buoy_visualizer]: Buoy 5: range=1.32m, bearing=-13.9°, position=(1.28, -0.32), confidence=1.00
[buoy_visualizer-5] [INFO] [1771741104.380814776] [buoy_visualizer]: Buoy 6: range=8.37m, bearing=7.1°, position=(8.31, 1.04), confidence=0.38
[buoy_visualizer-5] [INFO] [1771741104.381675957] [buoy_visualizer]: Buoy 7: range=9.57m, bearing=24.8°, position=(8.68, 4.02), confidence=0.62
[buoy_visualizer-5] [INFO] [1771741104.383643647] [buoy_visualizer]: Buoy 8: range=12.31m, bearing=-39.4°, position=(9.51, -7.82), confidence=1.00
[buoy_visualizer-5] [INFO] [1771741104.384708970] [buoy_visualizer]: Buoy 9: range=3.61m, bearing=-123.3°, position=(-1.98, -3.02), confidence=0.38
[buoy_visualizer-5] [INFO] [1771741104.385543429] [buoy_visualizer]: Buoy 10: range=6.83m, bearing=-49.7°, position=(4.41, -5.21), confidence=0.50
[buoy_visualizer-5] [INFO] [1771741104.386364127] [buoy_visualizer]: Buoy 11: range=6.80m, bearing=12.8°, position=(6.63, 1.50), confidence=1.00
[buoy_visualizer-5] [INFO] [1771741104.387184569] [buoy_visualizer]: Buoy 12: range=7.49m, bearing=-44.2°, position=(5.37, -5.22), confidence=0.25
[buoy_visualizer-5] [INFO] [1771741104.388037397] [buoy_visualizer]: Buoy 13: range=13.89m, bearing=-51.6°, position=(8.63, -10.88), confidence=0.25
[buoy_visualizer-5] [INFO] [1771741104.388891313] [buoy_visualizer]: Buoy 14: range=12.36m, bearing=-49.0°, position=(8.10, -9.34), confidence=0.25
[buoy_visualizer-5] [INFO] [1771741104.389696265] [buoy_visualizer]: Buoy 15: range=7.87m, bearing=39.0°, position=(6.12, 4.95), confidence=0.25
[buoy_visualizer-5] [INFO] [1771741104.393471315] [buoy_visualizer]: Published 16 buoy markers
[buoy_visualizer-5] [INFO] [1771741104.489944310] [buoy_visualizer]: Buoy 0: range=1.32m, bearing=-12.0°, position=(1.29, -0.27), confidence=1.00
[buoy_visualizer-5] [INFO] [1771741104.491049604] [buoy_visualizer]: Buoy 1: range=8.25m, bearing=-5.7°, position=(8.21, -0.83), confidence=0.50
[buoy_visualizer-5] [INFO] [1771741104.491951268] [buoy_visualizer]: Buoy 2: range=0.33m, bearing=-162.3°, position=(-0.31, -0.10), confidence=1.00
[buoy_visualizer-5] [INFO] [1771741104.493119894] [buoy_visualizer]: Buoy 3: range=6.82m, bearing=13.1°, position=(6.64, 1.55), confidence=0.38
[buoy_visualizer-5] [INFO] [1771741104.493950704] [buoy_visualizer]: Buoy 4: range=10.02m, bearing=-53.0°, position=(6.03, -8.00), confidence=0.25
[buoy_visualizer-5] [INFO] [1771741104.494997242] [buoy_visualizer]: Buoy 5: range=13.89m, bearing=-51.6°, position=(8.63, -10.88), confidence=0.25
[buoy_visualizer-5] [INFO] [1771741104.495744398] [buoy_visualizer]: Buoy 6: range=9.47m, bearing=25.2°, position=(8.56, 4.04), confidence=0.62
[buoy_visualizer-5] [INFO] [1771741104.501263411] [buoy_visualizer]: Buoy 7: range=6.94m, bearing=45.0°, position=(4.90, 4.91), confidence=1.00
[buoy_visualizer-5] [INFO] [1771741104.502353727] [buoy_visualizer]: Buoy 8: range=12.36m, bearing=-49.0°, position=(8.10, -9.34), confidence=0.25
[buoy_visualizer-5] [INFO] [1771741104.503109173] [buoy_visualizer]: Buoy 9: range=6.78m, bearing=-49.2°, position=(4.43, -5.13), confidence=0.50
[buoy_visualizer-5] [INFO] [1771741104.503830503] [buoy_visualizer]: Buoy 10: range=12.23m, bearing=-38.3°, position=(9.60, -7.58), confidence=0.62
[buoy_visualizer-5] [INFO] [1771741104.504573020] [buoy_visualizer]: Buoy 11: range=12.87m, bearing=-44.6°, position=(9.17, -9.04), confidence=0.25
[buoy_visualizer-5] [INFO] [1771741104.505296078] [buoy_visualizer]: Buoy 12: range=3.58m, bearing=-123.0°, position=(-1.95, -3.00), confidence=0.25
[buoy_visualizer-5] [INFO] [1771741104.512795678] [buoy_visualizer]: Published 13 buoy markers
[buoy_visualizer-5] [INFO] [1771741104.630741864] [buoy_visualizer]: Buoy 0: range=6.96m, bearing=45.0°, position=(4.92, 4.92), confidence=1.00
[buoy_visualizer-5] [INFO] [1771741104.633405188] [buoy_visualizer]: Buoy 1: range=8.69m, bearing=-38.4°, position=(6.81, -5.40), confidence=0.25
[buoy_visualizer-5] [INFO] [1771741104.634722529] [buoy_visualizer]: Buoy 2: range=12.43m, bearing=-40.4°, position=(9.46, -8.06), confidence=1.00
[buoy_visualizer-5] [INFO] [1771741104.643080301] [buoy_visualizer]: Buoy 3: range=1.33m, bearing=-10.9°, position=(1.30, -0.25), confidence=1.00
[buoy_visualizer-5] [INFO] [1771741104.644232478] [buoy_visualizer]: Buoy 4: range=8.31m, bearing=-24.3°, position=(7.57, -3.42), confidence=0.88
[buoy_visualizer-5] [INFO] [1771741104.645370350] [buoy_visualizer]: Buoy 5: range=0.33m, bearing=-162.2°, position=(-0.31, -0.10), confidence=1.00
[buoy_visualizer-5] [INFO] [1771741104.646231274] [buoy_visualizer]: Buoy 6: range=8.21m, bearing=-4.3°, position=(8.19, -0.62), confidence=0.38
[buoy_visualizer-5] [INFO] [1771741104.647043939] [buoy_visualizer]: Buoy 7: range=11.06m, bearing=13.9°, position=(10.74, 2.65), confidence=0.25
[buoy_visualizer-5] [INFO] [1771741104.647846684] [buoy_visualizer]: Buoy 8: range=6.82m, bearing=13.6°, position=(6.63, 1.61), confidence=0.50
[buoy_visualizer-5] [INFO] [1771741104.648818528] [buoy_visualizer]: Buoy 9: range=3.58m, bearing=-123.0°, position=(-1.95, -3.00), confidence=0.25
[buoy_visualizer-5] [INFO] [1771741104.649631097] [buoy_visualizer]: Buoy 10: range=9.56m, bearing=25.6°, position=(8.62, 4.13), confidence=0.88
[buoy_visualizer-5] [INFO] [1771741104.653114031] [buoy_visualizer]: Published 11 buoy markers
[buoy_visualizer-5] [INFO] [1771741104.738022628] [buoy_visualizer]: Buoy 0: range=6.94m, bearing=45.3°, position=(4.88, 4.93), confidence=1.00
[buoy_visualizer-5] [INFO] [1771741104.738903682] [buoy_visualizer]: Buoy 1: range=8.69m, bearing=-38.4°, position=(6.81, -5.40), confidence=0.25
[buoy_visualizer-5] [INFO] [1771741104.739827619] [buoy_visualizer]: Buoy 2: range=12.40m, bearing=-39.9°, position=(9.51, -7.96), confidence=1.00
[buoy_visualizer-5] [INFO] [1771741104.741044441] [buoy_visualizer]: Buoy 3: range=1.33m, bearing=-11.5°, position=(1.30, -0.27), confidence=1.00
[buoy_visualizer-5] [INFO] [1771741104.742573509] [buoy_visualizer]: Buoy 4: range=8.31m, bearing=-23.8°, position=(7.60, -3.36), confidence=1.00
[buoy_visualizer-5] [INFO] [1771741104.744593075] [buoy_visualizer]: Buoy 5: range=0.33m, bearing=-162.2°, position=(-0.31, -0.10), confidence=1.00
[buoy_visualizer-5] [INFO] [1771741104.745826730] [buoy_visualizer]: Buoy 6: range=8.23m, bearing=-5.5°, position=(8.19, -0.80), confidence=0.50
[buoy_visualizer-5] [INFO] [1771741104.746833168] [buoy_visualizer]: Buoy 7: range=11.06m, bearing=13.9°, position=(10.74, 2.65), confidence=0.25
[buoy_visualizer-5] [INFO] [1771741104.747775507] [buoy_visualizer]: Buoy 8: range=6.82m, bearing=13.6°, position=(6.63, 1.61), confidence=0.50
[buoy_visualizer-5] [INFO] [1771741104.748625742] [buoy_visualizer]: Buoy 9: range=3.58m, bearing=-123.0°, position=(-1.95, -3.00), confidence=0.25
[buoy_visualizer-5] [INFO] [1771741104.749420550] [buoy_visualizer]: Buoy 10: range=8.36m, bearing=7.5°, position=(8.29, 1.09), confidence=0.25
[buoy_visualizer-5] [INFO] [1771741104.750218879] [buoy_visualizer]: Buoy 11: range=9.57m, bearing=25.9°, position=(8.61, 4.18), confidence=1.00
[buoy_visualizer-5] [INFO] [1771741104.753330009] [buoy_visualizer]: Published 12 buoy markers
[buoy_visualizer-5] [INFO] [1771741104.856355402] [buoy_visualizer]: Buoy 0: range=9.52m, bearing=-9.0°, position=(9.40, -1.48), confidence=1.00
[buoy_visualizer-5] [INFO] [1771741104.857368433] [buoy_visualizer]: Buoy 1: range=1.35m, bearing=-9.6°, position=(1.33, -0.23), confidence=1.00
[buoy_visualizer-5] [INFO] [1771741104.858224173] [buoy_visualizer]: Buoy 2: range=0.33m, bearing=-161.9°, position=(-0.31, -0.10), confidence=1.00
[buoy_visualizer-5] [INFO] [1771741104.860162326] [buoy_visualizer]: Buoy 3: range=11.06m, bearing=13.9°, position=(10.74, 2.65), confidence=0.25
[buoy_visualizer-5] [INFO] [1771741104.860964526] [buoy_visualizer]: Buoy 4: range=6.82m, bearing=13.6°, position=(6.63, 1.61), confidence=0.50
[buoy_visualizer-5] [INFO] [1771741104.863449597] [buoy_visualizer]: Buoy 5: range=3.62m, bearing=-122.2°, position=(-1.93, -3.06), confidence=0.38
[buoy_visualizer-5] [INFO] [1771741104.865288703] [buoy_visualizer]: Buoy 6: range=7.24m, bearing=-39.6°, position=(5.58, -4.61), confidence=1.00
[buoy_visualizer-5] [INFO] [1771741104.866556312] [buoy_visualizer]: Buoy 7: range=9.86m, bearing=-32.9°, position=(8.28, -5.35), confidence=1.00
[buoy_visualizer-5] [INFO] [1771741104.867896214] [buoy_visualizer]: Buoy 8: range=6.89m, bearing=45.9°, position=(4.80, 4.95), confidence=1.00
[buoy_visualizer-5] [INFO] [1771741104.869705909] [buoy_visualizer]: Buoy 9: range=8.46m, bearing=-29.2°, position=(7.39, -4.13), confidence=0.50
[buoy_visualizer-5] [INFO] [1771741104.871087318] [buoy_visualizer]: Buoy 10: range=8.36m, bearing=7.5°, position=(8.29, 1.09), confidence=0.25
[buoy_visualizer-5] [INFO] [1771741104.872464215] [buoy_visualizer]: Buoy 11: range=9.57m, bearing=25.9°, position=(8.61, 4.18), confidence=1.00
[buoy_visualizer-5] [INFO] [1771741104.873769619] [buoy_visualizer]: Buoy 12: range=12.20m, bearing=-36.8°, position=(9.77, -7.31), confidence=0.38
[buoy_visualizer-5] [INFO] [1771741104.874978376] [buoy_visualizer]: Buoy 13: range=9.95m, bearing=2.2°, position=(9.94, 0.39), confidence=0.38
[buoy_visualizer-5] [INFO] [1771741104.876318599] [buoy_visualizer]: Buoy 14: range=8.29m, bearing=-10.4°, position=(8.15, -1.49), confidence=0.75
[buoy_visualizer-5] [INFO] [1771741104.877684167] [buoy_visualizer]: Buoy 15: range=12.94m, bearing=-44.3°, position=(9.26, -9.04), confidence=0.38
[buoy_visualizer-5] [INFO] [1771741104.879881921] [buoy_visualizer]: Published 16 buoy markers
[buoy_visualizer-5] [INFO] [1771741104.973465081] [buoy_visualizer]: Buoy 0: range=9.57m, bearing=26.3°, position=(8.58, 4.24), confidence=1.00
[buoy_visualizer-5] [INFO] [1771741104.974311509] [buoy_visualizer]: Buoy 1: range=6.87m, bearing=46.8°, position=(4.70, 5.01), confidence=1.00
[buoy_visualizer-5] [INFO] [1771741104.975025447] [buoy_visualizer]: Buoy 2: range=7.23m, bearing=-40.2°, position=(5.53, -4.67), confidence=1.00
[buoy_visualizer-5] [INFO] [1771741104.975734617] [buoy_visualizer]: Buoy 3: range=12.26m, bearing=-37.2°, position=(9.77, -7.41), confidence=0.50
[buoy_visualizer-5] [INFO] [1771741104.980065066] [buoy_visualizer]: Buoy 4: range=1.36m, bearing=-9.6°, position=(1.34, -0.23), confidence=1.00
[buoy_visualizer-5] [INFO] [1771741104.982627262] [buoy_visualizer]: Buoy 5: range=9.85m, bearing=-32.3°, position=(8.33, -5.26), confidence=0.88
[buoy_visualizer-5] [INFO] [1771741104.985119853] [buoy_visualizer]: Buoy 6: range=8.29m, bearing=-10.3°, position=(8.16, -1.48), confidence=0.88
[buoy_visualizer-5] [INFO] [1771741104.987429328] [buoy_visualizer]: Buoy 7: range=0.32m, bearing=-162.0°, position=(-0.31, -0.10), confidence=1.00
[buoy_visualizer-5] [INFO] [1771741104.988234345] [buoy_visualizer]: Buoy 8: range=12.94m, bearing=-44.3°, position=(9.26, -9.04), confidence=0.38
[buoy_visualizer-5] [INFO] [1771741104.988963324] [buoy_visualizer]: Buoy 9: range=6.81m, bearing=13.9°, position=(6.61, 1.64), confidence=0.25
[buoy_visualizer-5] [INFO] [1771741104.989793046] [buoy_visualizer]: Buoy 10: range=8.46m, bearing=-28.6°, position=(7.43, -4.05), confidence=0.38
[buoy_visualizer-5] [INFO] [1771741104.990546827] [buoy_visualizer]: Buoy 11: range=3.63m, bearing=-121.3°, position=(-1.89, -3.10), confidence=0.50
[buoy_visualizer-5] [INFO] [1771741104.992048597] [buoy_visualizer]: Published 12 buoy markers
[buoy_visualizer-5] [INFO] [1771741105.093280582] [buoy_visualizer]: Buoy 0: range=9.57m, bearing=26.3°, position=(8.58, 4.24), confidence=1.00
[buoy_visualizer-5] [INFO] [1771741105.094154339] [buoy_visualizer]: Buoy 1: range=6.87m, bearing=46.8°, position=(4.70, 5.01), confidence=1.00
[buoy_visualizer-5] [INFO] [1771741105.094916985] [buoy_visualizer]: Buoy 2: range=12.26m, bearing=-36.7°, position=(9.83, -7.32), confidence=0.88
[buoy_visualizer-5] [INFO] [1771741105.095662637] [buoy_visualizer]: Buoy 3: range=1.37m, bearing=-9.1°, position=(1.36, -0.22), confidence=1.00
[buoy_visualizer-5] [INFO] [1771741105.098097337] [buoy_visualizer]: Buoy 4: range=9.85m, bearing=-32.3°, position=(8.33, -5.26), confidence=0.88
[buoy_visualizer-5] [INFO] [1771741105.100700112] [buoy_visualizer]: Buoy 5: range=0.32m, bearing=-162.5°, position=(-0.31, -0.10), confidence=1.00
[buoy_visualizer-5] [INFO] [1771741105.103816299] [buoy_visualizer]: Buoy 6: range=12.87m, bearing=-44.0°, position=(9.25, -8.94), confidence=0.62
[buoy_visualizer-5] [INFO] [1771741105.104864661] [buoy_visualizer]: Buoy 7: range=6.86m, bearing=15.1°, position=(6.62, 1.79), confidence=0.50
[buoy_visualizer-5] [INFO] [1771741105.105934784] [buoy_visualizer]: Buoy 8: range=3.63m, bearing=-121.3°, position=(-1.89, -3.10), confidence=0.50
[buoy_visualizer-5] [INFO] [1771741105.108324168] [buoy_visualizer]: Published 9 buoy markers
[buoy_visualizer-5] [INFO] [1771741105.217476870] [buoy_visualizer]: Buoy 0: range=12.82m, bearing=-43.5°, position=(9.29, -8.83), confidence=0.50
[buoy_visualizer-5] [INFO] [1771741105.218391942] [buoy_visualizer]: Buoy 1: range=8.33m, bearing=-8.1°, position=(8.25, -1.17), confidence=0.88
[buoy_visualizer-5] [INFO] [1771741105.219203167] [buoy_visualizer]: Buoy 2: range=1.38m, bearing=-8.8°, position=(1.37, -0.21), confidence=1.00
[buoy_visualizer-5] [INFO] [1771741105.220002360] [buoy_visualizer]: Buoy 3: range=0.32m, bearing=-162.9°, position=(-0.31, -0.09), confidence=1.00
[buoy_visualizer-5] [INFO] [1771741105.220780814] [buoy_visualizer]: Buoy 4: range=6.86m, bearing=15.1°, position=(6.62, 1.79), confidence=0.50
[buoy_visualizer-5] [INFO] [1771741105.221522594] [buoy_visualizer]: Buoy 5: range=8.44m, bearing=-26.8°, position=(7.53, -3.81), confidence=0.62
[buoy_visualizer-5] [INFO] [1771741105.222273463] [buoy_visualizer]: Buoy 6: range=9.83m, bearing=-30.9°, position=(8.44, -5.05), confidence=0.88
[buoy_visualizer-5] [INFO] [1771741105.223203257] [buoy_visualizer]: Buoy 7: range=9.62m, bearing=27.3°, position=(8.55, 4.42), confidence=1.00
[buoy_visualizer-5] [INFO] [1771741105.224378699] [buoy_visualizer]: Buoy 8: range=6.88m, bearing=47.4°, position=(4.66, 5.06), confidence=1.00
[buoy_visualizer-5] [INFO] [1771741105.225217958] [buoy_visualizer]: Buoy 9: range=12.27m, bearing=-36.4°, position=(9.88, -7.28), confidence=0.62
[buoy_visualizer-5] [INFO] [1771741105.226962721] [buoy_visualizer]: Buoy 10: range=6.74m, bearing=-35.1°, position=(5.51, -3.87), confidence=0.38
[buoy_visualizer-5] [INFO] [1771741105.227880482] [buoy_visualizer]: Buoy 11: range=3.60m, bearing=-120.9°, position=(-1.85, -3.09), confidence=0.75
[buoy_visualizer-5] [INFO] [1771741105.228708348] [buoy_visualizer]: Buoy 12: range=8.12m, bearing=-51.7°, position=(5.03, -6.37), confidence=0.25
[buoy_visualizer-5] [INFO] [1771741105.230516219] [buoy_visualizer]: Published 13 buoy markers
[buoy_visualizer-5] [INFO] [1771741105.356679814] [buoy_visualizer]: Buoy 0: range=12.87m, bearing=-43.9°, position=(9.27, -8.93), confidence=0.38
[buoy_visualizer-5] [INFO] [1771741105.357549667] [buoy_visualizer]: Buoy 1: range=8.34m, bearing=-22.9°, position=(7.68, -3.25), confidence=0.50
[buoy_visualizer-5] [INFO] [1771741105.358328281] [buoy_visualizer]: Buoy 2: range=4.19m, bearing=-15.0°, position=(4.05, -1.08), confidence=0.75
[buoy_visualizer-5] [INFO] [1771741105.359278684] [buoy_visualizer]: Buoy 3: range=1.43m, bearing=-7.0°, position=(1.42, -0.17), confidence=1.00
[buoy_visualizer-5] [INFO] [1771741105.360181884] [buoy_visualizer]: Buoy 4: range=8.36m, bearing=-7.0°, position=(8.30, -1.02), confidence=0.50
[buoy_visualizer-5] [INFO] [1771741105.360953938] [buoy_visualizer]: Buoy 5: range=3.58m, bearing=-120.4°, position=(-1.82, -3.09), confidence=1.00
[buoy_visualizer-5] [INFO] [1771741105.361837264] [buoy_visualizer]: Buoy 6: range=8.12m, bearing=-51.7°, position=(5.03, -6.37), confidence=0.25
[buoy_visualizer-5] [INFO] [1771741105.362566244] [buoy_visualizer]: Buoy 7: range=9.81m, bearing=-28.8°, position=(8.60, -4.73), confidence=0.38
[buoy_visualizer-5] [INFO] [1771741105.363447682] [buoy_visualizer]: Buoy 8: range=6.89m, bearing=47.9°, position=(4.62, 5.11), confidence=1.00
[buoy_visualizer-5] [INFO] [1771741105.364883783] [buoy_visualizer]: Buoy 9: range=9.57m, bearing=28.4°, position=(8.42, 4.55), confidence=0.50
[buoy_visualizer-5] [INFO] [1771741105.365707745] [buoy_visualizer]: Buoy 10: range=12.30m, bearing=-36.6°, position=(9.88, -7.33), confidence=0.50
[buoy_visualizer-5] [INFO] [1771741105.366452341] [buoy_visualizer]: Buoy 11: range=0.32m, bearing=-163.0°, position=(-0.31, -0.09), confidence=1.00
[buoy_visualizer-5] [INFO] [1771741105.367193097] [buoy_visualizer]: Buoy 12: range=6.90m, bearing=16.3°, position=(6.62, 1.94), confidence=0.25
[buoy_visualizer-5] [INFO] [1771741105.368839613] [buoy_visualizer]: Published 13 buoy markers
[buoy_visualizer-5] [INFO] [1771741105.486006414] [buoy_visualizer]: Buoy 0: range=6.89m, bearing=48.6°, position=(4.56, 5.17), confidence=1.00
[buoy_visualizer-5] [INFO] [1771741105.486885452] [buoy_visualizer]: Buoy 1: range=9.57m, bearing=-21.0°, position=(8.93, -3.44), confidence=1.00
[buoy_visualizer-5] [INFO] [1771741105.493311760] [buoy_visualizer]: Buoy 2: range=9.61m, bearing=-3.6°, position=(9.59, -0.61), confidence=1.00
[buoy_visualizer-5] [INFO] [1771741105.494350745] [buoy_visualizer]: Buoy 3: range=4.15m, bearing=-10.3°, position=(4.09, -0.74), confidence=1.00
[buoy_visualizer-5] [INFO] [1771741105.497259654] [buoy_visualizer]: Buoy 4: range=1.43m, bearing=-6.8°, position=(1.42, -0.17), confidence=1.00
[buoy_visualizer-5] [INFO] [1771741105.498151365] [buoy_visualizer]: Buoy 5: range=9.58m, bearing=28.8°, position=(8.40, 4.61), confidence=0.62
[buoy_visualizer-5] [INFO] [1771741105.498946461] [buoy_visualizer]: Buoy 6: range=12.30m, bearing=-36.6°, position=(9.88, -7.33), confidence=0.50
[buoy_visualizer-5] [INFO] [1771741105.499738676] [buoy_visualizer]: Buoy 7: range=3.56m, bearing=-120.1°, position=(-1.79, -3.08), confidence=1.00
[buoy_visualizer-5] [INFO] [1771741105.501017230] [buoy_visualizer]: Buoy 8: range=8.40m, bearing=-22.9°, position=(7.73, -3.27), confidence=0.50
[buoy_visualizer-5] [INFO] [1771741105.503176326] [buoy_visualizer]: Buoy 9: range=0.33m, bearing=-163.1°, position=(-0.31, -0.10), confidence=1.00
[buoy_visualizer-5] [INFO] [1771741105.504221840] [buoy_visualizer]: Buoy 10: range=6.90m, bearing=16.9°, position=(6.60, 2.01), confidence=0.50
[buoy_visualizer-5] [INFO] [1771741105.505740027] [buoy_visualizer]: Published 11 buoy markers
[buoy_visualizer-5] [INFO] [1771741105.604338482] [buoy_visualizer]: Buoy 0: range=12.34m, bearing=-36.3°, position=(9.95, -7.30), confidence=1.00
[buoy_visualizer-5] [INFO] [1771741105.605267347] [buoy_visualizer]: Buoy 1: range=1.41m, bearing=-8.3°, position=(1.40, -0.20), confidence=1.00
[buoy_visualizer-5] [INFO] [1771741105.606084205] [buoy_visualizer]: Buoy 2: range=9.63m, bearing=-2.3°, position=(9.63, -0.39), confidence=1.00
[buoy_visualizer-5] [INFO] [1771741105.606929000] [buoy_visualizer]: Buoy 3: range=9.55m, bearing=-20.1°, position=(8.97, -3.29), confidence=1.00
[buoy_visualizer-5] [INFO] [1771741105.609576706] [buoy_visualizer]: Buoy 4: range=8.36m, bearing=-21.4°, position=(7.78, -3.06), confidence=0.62
[buoy_visualizer-5] [INFO] [1771741105.610594026] [buoy_visualizer]: Buoy 5: range=8.55m, bearing=-1.1°, position=(8.54, -0.17), confidence=0.25
[buoy_visualizer-5] [INFO] [1771741105.611445734] [buoy_visualizer]: Buoy 6: range=0.32m, bearing=-162.3°, position=(-0.31, -0.10), confidence=1.00
[buoy_visualizer-5] [INFO] [1771741105.613194241] [buoy_visualizer]: Buoy 7: range=6.90m, bearing=17.7°, position=(6.58, 2.09), confidence=1.00
[buoy_visualizer-5] [INFO] [1771741105.615068869] [buoy_visualizer]: Buoy 8: range=3.54m, bearing=-119.4°, position=(-1.74, -3.09), confidence=0.75
[buoy_visualizer-5] [INFO] [1771741105.617157560] [buoy_visualizer]: Buoy 9: range=6.92m, bearing=49.2°, position=(4.52, 5.24), confidence=1.00
[buoy_visualizer-5] [INFO] [1771741105.620388155] [buoy_visualizer]: Buoy 10: range=4.11m, bearing=-6.7°, position=(4.08, -0.48), confidence=0.62
[buoy_visualizer-5] [INFO] [1771741105.622274560] [buoy_visualizer]: Buoy 11: range=9.58m, bearing=29.4°, position=(8.34, 4.70), confidence=0.38
[buoy_visualizer-5] [INFO] [1771741105.624978750] [buoy_visualizer]: Published 12 buoy markers
[buoy_visualizer-5] [INFO] [1771741105.733088210] [buoy_visualizer]: Buoy 0: range=3.54m, bearing=-119.4°, position=(-1.74, -3.09), confidence=0.75
[buoy_visualizer-5] [INFO] [1771741105.734107482] [buoy_visualizer]: Buoy 1: range=6.90m, bearing=49.7°, position=(4.47, 5.26), confidence=1.00
[buoy_visualizer-5] [INFO] [1771741105.740411125] [buoy_visualizer]: Buoy 2: range=1.42m, bearing=-6.8°, position=(1.41, -0.17), confidence=1.00
[buoy_visualizer-5] [INFO] [1771741105.741635724] [buoy_visualizer]: Buoy 3: range=9.51m, bearing=-19.5°, position=(8.96, -3.18), confidence=1.00
[buoy_visualizer-5] [INFO] [1771741105.742504521] [buoy_visualizer]: Buoy 4: range=8.51m, bearing=-26.1°, position=(7.64, -3.74), confidence=0.38
[buoy_visualizer-5] [INFO] [1771741105.743338563] [buoy_visualizer]: Buoy 5: range=9.62m, bearing=-2.0°, position=(9.62, -0.34), confidence=1.00
[buoy_visualizer-5] [INFO] [1771741105.748417929] [buoy_visualizer]: Buoy 6: range=4.10m, bearing=-6.4°, position=(4.08, -0.45), confidence=0.88
[buoy_visualizer-5] [INFO] [1771741105.751011679] [buoy_visualizer]: Buoy 7: range=9.58m, bearing=29.4°, position=(8.34, 4.70), confidence=0.38
[buoy_visualizer-5] [INFO] [1771741105.754843469] [buoy_visualizer]: Buoy 8: range=8.27m, bearing=-16.5°, position=(7.93, -2.35), confidence=0.38
[buoy_visualizer-5] [INFO] [1771741105.757892355] [buoy_visualizer]: Buoy 9: range=0.33m, bearing=-162.2°, position=(-0.31, -0.10), confidence=1.00
[buoy_visualizer-5] [INFO] [1771741105.759921266] [buoy_visualizer]: Buoy 10: range=6.90m, bearing=18.1°, position=(6.56, 2.14), confidence=0.88
[buoy_visualizer-5] [INFO] [1771741105.761630538] [buoy_visualizer]: Buoy 11: range=12.32m, bearing=-35.3°, position=(10.05, -7.12), confidence=0.62
[buoy_visualizer-5] [INFO] [1771741105.763288767] [buoy_visualizer]: Buoy 12: range=8.50m, bearing=0.5°, position=(8.50, 0.07), confidence=0.38
[buoy_visualizer-5] [INFO] [1771741105.765623523] [buoy_visualizer]: Published 13 buoy markers
[buoy_visualizer-5] [INFO] [1771741105.861853044] [buoy_visualizer]: Buoy 0: range=8.28m, bearing=-15.1°, position=(7.99, -2.16), confidence=0.62
[buoy_visualizer-5] [INFO] [1771741105.863519657] [buoy_visualizer]: Buoy 1: range=1.45m, bearing=-7.1°, position=(1.44, -0.18), confidence=1.00
[buoy_visualizer-5] [INFO] [1771741105.870290885] [buoy_visualizer]: Buoy 2: range=0.33m, bearing=-162.2°, position=(-0.31, -0.10), confidence=1.00
[buoy_visualizer-5] [INFO] [1771741105.883487045] [buoy_visualizer]: Buoy 3: range=3.56m, bearing=-118.9°, position=(-1.72, -3.12), confidence=0.75
[buoy_visualizer-5] [INFO] [1771741105.886067099] [buoy_visualizer]: Buoy 4: range=7.03m, bearing=-43.3°, position=(5.12, -4.82), confidence=1.00
[buoy_visualizer-5] [INFO] [1771741105.887761106] [buoy_visualizer]: Buoy 5: range=6.90m, bearing=18.1°, position=(6.56, 2.14), confidence=0.88
[buoy_visualizer-5] [INFO] [1771741105.891643843] [buoy_visualizer]: Buoy 6: range=6.89m, bearing=50.6°, position=(4.38, 5.32), confidence=1.00
[buoy_visualizer-5] [INFO] [1771741105.894889768] [buoy_visualizer]: Buoy 7: range=8.58m, bearing=-27.4°, position=(7.62, -3.95), confidence=0.38
[buoy_visualizer-5] [INFO] [1771741105.896830832] [buoy_visualizer]: Buoy 8: range=4.09m, bearing=-5.7°, position=(4.07, -0.41), confidence=0.62
[buoy_visualizer-5] [INFO] [1771741105.905141689] [buoy_visualizer]: Buoy 9: range=9.73m, bearing=30.6°, position=(8.37, 4.95), confidence=0.38
[buoy_visualizer-5] [INFO] [1771741105.906293002] [buoy_visualizer]: Buoy 10: range=12.32m, bearing=-35.3°, position=(10.05, -7.12), confidence=0.62
[buoy_visualizer-5] [INFO] [1771741105.907476829] [buoy_visualizer]: Buoy 11: range=8.50m, bearing=0.5°, position=(8.50, 0.07), confidence=0.38
[buoy_visualizer-5] [INFO] [1771741105.910444590] [buoy_visualizer]: Buoy 12: range=13.72m, bearing=-46.0°, position=(9.53, -9.86), confidence=0.25
[buoy_visualizer-5] [INFO] [1771741105.912141157] [buoy_visualizer]: Published 13 buoy markers
[buoy_visualizer-5] [INFO] [1771741106.016202013] [buoy_visualizer]: Buoy 0: range=1.44m, bearing=-8.3°, position=(1.43, -0.21), confidence=1.00
[buoy_visualizer-5] [INFO] [1771741106.017106876] [buoy_visualizer]: Buoy 1: range=0.33m, bearing=-161.9°, position=(-0.31, -0.10), confidence=1.00
[buoy_visualizer-5] [INFO] [1771741106.017847664] [buoy_visualizer]: Buoy 2: range=6.90m, bearing=18.1°, position=(6.56, 2.14), confidence=0.88
[buoy_visualizer-5] [INFO] [1771741106.018572643] [buoy_visualizer]: Buoy 3: range=3.56m, bearing=-117.9°, position=(-1.67, -3.14), confidence=1.00
[buoy_visualizer-5] [INFO] [1771741106.019297302] [buoy_visualizer]: Buoy 4: range=6.89m, bearing=50.6°, position=(4.38, 5.32), confidence=1.00
[buoy_visualizer-5] [INFO] [1771741106.022119805] [buoy_visualizer]: Buoy 5: range=6.73m, bearing=-46.1°, position=(4.66, -4.85), confidence=0.50
[buoy_visualizer-5] [INFO] [1771741106.025271866] [buoy_visualizer]: Buoy 6: range=8.58m, bearing=-27.4°, position=(7.62, -3.95), confidence=0.38
[buoy_visualizer-5] [INFO] [1771741106.027775274] [buoy_visualizer]: Buoy 7: range=4.09m, bearing=-5.7°, position=(4.07, -0.41), confidence=0.62
[buoy_visualizer-5] [INFO] [1771741106.031052657] [buoy_visualizer]: Buoy 8: range=9.73m, bearing=30.6°, position=(8.37, 4.95), confidence=0.38
[buoy_visualizer-5] [INFO] [1771741106.039419517] [buoy_visualizer]: Buoy 9: range=12.32m, bearing=-35.5°, position=(10.03, -7.16), confidence=1.00
[buoy_visualizer-5] [INFO] [1771741106.042312681] [buoy_visualizer]: Buoy 10: range=8.28m, bearing=-14.3°, position=(8.02, -2.04), confidence=0.62
[buoy_visualizer-5] [INFO] [1771741106.044307989] [buoy_visualizer]: Buoy 11: range=7.44m, bearing=-38.4°, position=(5.84, -4.62), confidence=0.25
[buoy_visualizer-5] [INFO] [1771741106.046409289] [buoy_visualizer]: Buoy 12: range=8.46m, bearing=-0.1°, position=(8.46, -0.02), confidence=0.50
[buoy_visualizer-5] [INFO] [1771741106.049069220] [buoy_visualizer]: Buoy 13: range=13.72m, bearing=-46.0°, position=(9.53, -9.86), confidence=0.25
[buoy_visualizer-5] [INFO] [1771741106.051606102] [buoy_visualizer]: Published 14 buoy markers
[buoy_visualizer-5] [INFO] [1771741106.123513463] [buoy_visualizer]: Buoy 0: range=1.46m, bearing=-9.1°, position=(1.44, -0.23), confidence=1.00
[buoy_visualizer-5] [INFO] [1771741106.124384020] [buoy_visualizer]: Buoy 1: range=12.32m, bearing=-35.5°, position=(10.03, -7.16), confidence=1.00
[buoy_visualizer-5] [INFO] [1771741106.127664027] [buoy_visualizer]: Buoy 2: range=8.29m, bearing=-13.2°, position=(8.07, -1.90), confidence=0.75
[buoy_visualizer-5] [INFO] [1771741106.132371878] [buoy_visualizer]: Buoy 3: range=0.32m, bearing=-159.9°, position=(-0.30, -0.11), confidence=1.00
[buoy_visualizer-5] [INFO] [1771741106.133356619] [buoy_visualizer]: Buoy 4: range=6.91m, bearing=51.1°, position=(4.34, 5.37), confidence=1.00
[buoy_visualizer-5] [INFO] [1771741106.134107744] [buoy_visualizer]: Buoy 5: range=7.44m, bearing=-38.4°, position=(5.84, -4.62), confidence=0.25
[buoy_visualizer-5] [INFO] [1771741106.134838708] [buoy_visualizer]: Buoy 6: range=8.46m, bearing=-0.1°, position=(8.46, -0.02), confidence=0.50
[buoy_visualizer-5] [INFO] [1771741106.135573159] [buoy_visualizer]: Buoy 7: range=6.90m, bearing=18.3°, position=(6.55, 2.17), confidence=0.62
[buoy_visualizer-5] [INFO] [1771741106.136315611] [buoy_visualizer]: Buoy 8: range=8.75m, bearing=-45.5°, position=(6.14, -6.24), confidence=0.25
[buoy_visualizer-5] [INFO] [1771741106.137547314] [buoy_visualizer]: Buoy 9: range=8.61m, bearing=-27.3°, position=(7.65, -3.95), confidence=0.50
[buoy_visualizer-5] [INFO] [1771741106.138395054] [buoy_visualizer]: Buoy 10: range=4.07m, bearing=-5.8°, position=(4.05, -0.41), confidence=0.38
[buoy_visualizer-5] [INFO] [1771741106.139127425] [buoy_visualizer]: Buoy 11: range=3.56m, bearing=-117.9°, position=(-1.67, -3.15), confidence=0.88
[buoy_visualizer-5] [INFO] [1771741106.139865397] [buoy_visualizer]: Buoy 12: range=13.72m, bearing=-46.0°, position=(9.53, -9.86), confidence=0.25
[buoy_visualizer-5] [INFO] [1771741106.140601769] [buoy_visualizer]: Buoy 13: range=9.81m, bearing=30.7°, position=(8.43, 5.01), confidence=0.50
[buoy_visualizer-5] [INFO] [1771741106.142137813] [buoy_visualizer]: Published 14 buoy markers
[buoy_visualizer-5] [INFO] [1771741106.247361693] [buoy_visualizer]: Buoy 0: range=12.45m, bearing=-35.5°, position=(10.13, -7.23), confidence=1.00
[buoy_visualizer-5] [INFO] [1771741106.248263420] [buoy_visualizer]: Buoy 1: range=1.53m, bearing=-7.3°, position=(1.51, -0.19), confidence=1.00
[buoy_visualizer-5] [INFO] [1771741106.249008976] [buoy_visualizer]: Buoy 2: range=8.29m, bearing=-12.7°, position=(8.09, -1.82), confidence=0.75
[buoy_visualizer-5] [INFO] [1771741106.249738116] [buoy_visualizer]: Buoy 3: range=8.42m, bearing=-0.5°, position=(8.42, -0.07), confidence=0.50
[buoy_visualizer-5] [INFO] [1771741106.250863475] [buoy_visualizer]: Buoy 4: range=0.33m, bearing=-159.7°, position=(-0.31, -0.11), confidence=1.00
[buoy_visualizer-5] [INFO] [1771741106.251655499] [buoy_visualizer]: Buoy 5: range=8.75m, bearing=-45.5°, position=(6.14, -6.24), confidence=0.25
[buoy_visualizer-5] [INFO] [1771741106.252398879] [buoy_visualizer]: Buoy 6: range=8.61m, bearing=-27.3°, position=(7.65, -3.95), confidence=0.50
[buoy_visualizer-5] [INFO] [1771741106.253119186] [buoy_visualizer]: Buoy 7: range=9.81m, bearing=-26.8°, position=(8.76, -4.42), confidence=0.88
[buoy_visualizer-5] [INFO] [1771741106.253824515] [buoy_visualizer]: Buoy 8: range=4.07m, bearing=-5.8°, position=(4.05, -0.41), confidence=0.38
[buoy_visualizer-5] [INFO] [1771741106.255152641] [buoy_visualizer]: Buoy 9: range=6.91m, bearing=51.2°, position=(4.33, 5.38), confidence=1.00
[buoy_visualizer-5] [INFO] [1771741106.255978299] [buoy_visualizer]: Buoy 10: range=3.56m, bearing=-117.9°, position=(-1.67, -3.15), confidence=0.88
[buoy_visualizer-5] [INFO] [1771741106.256691661] [buoy_visualizer]: Buoy 11: range=13.72m, bearing=-46.0°, position=(9.53, -9.86), confidence=0.25
[buoy_visualizer-5] [INFO] [1771741106.257386270] [buoy_visualizer]: Buoy 12: range=9.81m, bearing=30.7°, position=(8.43, 5.01), confidence=0.50
[buoy_visualizer-5] [INFO] [1771741106.258080974] [buoy_visualizer]: Buoy 13: range=7.45m, bearing=-37.2°, position=(5.94, -4.51), confidence=0.62
[buoy_visualizer-5] [INFO] [1771741106.259670270] [buoy_visualizer]: Published 14 buoy markers
[buoy_visualizer-5] [INFO] [1771741106.359644053] [buoy_visualizer]: Buoy 0: range=3.55m, bearing=-118.0°, position=(-1.66, -3.14), confidence=1.00
[buoy_visualizer-5] [INFO] [1771741106.361247942] [buoy_visualizer]: Buoy 1: range=1.57m, bearing=-10.2°, position=(1.54, -0.28), confidence=1.00
[buoy_visualizer-5] [INFO] [1771741106.362299824] [buoy_visualizer]: Buoy 2: range=9.87m, bearing=-27.5°, position=(8.76, -4.55), confidence=1.00
[buoy_visualizer-5] [INFO] [1771741106.363298678] [buoy_visualizer]: Buoy 3: range=13.85m, bearing=-46.2°, position=(9.60, -9.99), confidence=0.50
[buoy_visualizer-5] [INFO] [1771741106.364312061] [buoy_visualizer]: Buoy 4: range=8.85m, bearing=-46.4°, position=(6.10, -6.41), confidence=0.50
[buoy_visualizer-5] [INFO] [1771741106.365306819] [buoy_visualizer]: Buoy 5: range=9.78m, bearing=30.7°, position=(8.41, 4.99), confidence=0.88
[buoy_visualizer-5] [INFO] [1771741106.366292328] [buoy_visualizer]: Buoy 6: range=6.95m, bearing=50.8°, position=(4.39, 5.38), confidence=1.00
[buoy_visualizer-5] [INFO] [1771741106.368600107] [buoy_visualizer]: Buoy 7: range=12.21m, bearing=-32.1°, position=(10.34, -6.48), confidence=0.50
[buoy_visualizer-5] [INFO] [1771741106.370833512] [buoy_visualizer]: Buoy 8: range=12.81m, bearing=-39.7°, position=(9.87, -8.18), confidence=0.38
[buoy_visualizer-5] [INFO] [1771741106.371868913] [buoy_visualizer]: Buoy 9: range=7.45m, bearing=-37.2°, position=(5.94, -4.51), confidence=0.62
[buoy_visualizer-5] [INFO] [1771741106.372869943] [buoy_visualizer]: Buoy 10: range=0.31m, bearing=-159.8°, position=(-0.29, -0.11), confidence=1.00
[buoy_visualizer-5] [INFO] [1771741106.373815161] [buoy_visualizer]: Buoy 11: range=10.71m, bearing=17.6°, position=(10.21, 3.24), confidence=0.25
[buoy_visualizer-5] [INFO] [1771741106.376592477] [buoy_visualizer]: Buoy 12: range=6.91m, bearing=19.9°, position=(6.49, 2.35), confidence=0.25
[buoy_visualizer-5] [INFO] [1771741106.379142768] [buoy_visualizer]: Published 13 buoy markers
[buoy_visualizer-5] [INFO] [1771741106.478225544] [buoy_visualizer]: Buoy 0: range=3.54m, bearing=-117.5°, position=(-1.63, -3.14), confidence=1.00
[buoy_visualizer-5] [INFO] [1771741106.479084164] [buoy_visualizer]: Buoy 1: range=12.25m, bearing=-32.4°, position=(10.34, -6.57), confidence=0.62
[buoy_visualizer-5] [INFO] [1771741106.479873756] [buoy_visualizer]: Buoy 2: range=1.58m, bearing=-5.1°, position=(1.58, -0.14), confidence=1.00
[buoy_visualizer-5] [INFO] [1771741106.484074371] [buoy_visualizer]: Buoy 3: range=12.81m, bearing=-39.7°, position=(9.87, -8.18), confidence=0.38
[buoy_visualizer-5] [INFO] [1771741106.485353405] [buoy_visualizer]: Buoy 4: range=7.43m, bearing=-37.4°, position=(5.90, -4.51), confidence=1.00
[buoy_visualizer-5] [INFO] [1771741106.486508494] [buoy_visualizer]: Buoy 5: range=9.74m, bearing=-24.7°, position=(8.85, -4.07), confidence=1.00
[buoy_visualizer-5] [INFO] [1771741106.489573830] [buoy_visualizer]: Buoy 6: range=9.78m, bearing=30.7°, position=(8.41, 4.99), confidence=0.62
[buoy_visualizer-5] [INFO] [1771741106.491778561] [buoy_visualizer]: Buoy 7: range=6.96m, bearing=51.4°, position=(4.34, 5.43), confidence=1.00
[buoy_visualizer-5] [INFO] [1771741106.494429884] [buoy_visualizer]: Buoy 8: range=8.59m, bearing=-46.3°, position=(5.93, -6.22), confidence=0.38
[buoy_visualizer-5] [INFO] [1771741106.497268323] [buoy_visualizer]: Buoy 9: range=0.31m, bearing=-159.1°, position=(-0.29, -0.11), confidence=1.00
[buoy_visualizer-5] [INFO] [1771741106.499263951] [buoy_visualizer]: Buoy 10: range=7.49m, bearing=6.8°, position=(7.44, 0.88), confidence=0.25
[buoy_visualizer-5] [INFO] [1771741106.500946662] [buoy_visualizer]: Buoy 11: range=10.71m, bearing=17.6°, position=(10.21, 3.24), confidence=0.25
[buoy_visualizer-5] [INFO] [1771741106.502535190] [buoy_visualizer]: Buoy 12: range=6.91m, bearing=19.9°, position=(6.49, 2.35), confidence=0.25
[buoy_visualizer-5] [INFO] [1771741106.505466724] [buoy_visualizer]: Published 13 buoy markers
[buoy_visualizer-5] [INFO] [1771741106.582189495] [buoy_visualizer]: Buoy 0: range=11.36m, bearing=-45.7°, position=(7.93, -8.13), confidence=0.25
[buoy_visualizer-5] [INFO] [1771741106.583273571] [buoy_visualizer]: Buoy 1: range=1.58m, bearing=-3.0°, position=(1.57, -0.08), confidence=1.00
[buoy_visualizer-5] [INFO] [1771741106.584283978] [buoy_visualizer]: Buoy 2: range=9.79m, bearing=31.1°, position=(8.39, 5.05), confidence=0.75
[buoy_visualizer-5] [INFO] [1771741106.585124934] [buoy_visualizer]: Buoy 3: range=6.96m, bearing=51.4°, position=(4.34, 5.43), confidence=1.00
[buoy_visualizer-5] [INFO] [1771741106.588502643] [buoy_visualizer]: Buoy 4: range=8.59m, bearing=-46.3°, position=(5.93, -6.22), confidence=0.38
[buoy_visualizer-5] [INFO] [1771741106.592174517] [buoy_visualizer]: Buoy 5: range=0.31m, bearing=-159.5°, position=(-0.29, -0.11), confidence=1.00
[buoy_visualizer-5] [INFO] [1771741106.595126021] [buoy_visualizer]: Buoy 6: range=12.27m, bearing=-32.2°, position=(10.38, -6.53), confidence=0.38
[buoy_visualizer-5] [INFO] [1771741106.596601645] [buoy_visualizer]: Buoy 7: range=7.49m, bearing=6.8°, position=(7.44, 0.88), confidence=0.25
[buoy_visualizer-5] [INFO] [1771741106.597837892] [buoy_visualizer]: Buoy 8: range=7.43m, bearing=-37.1°, position=(5.93, -4.47), confidence=1.00
[buoy_visualizer-5] [INFO] [1771741106.600212267] [buoy_visualizer]: Buoy 9: range=10.74m, bearing=18.2°, position=(10.20, 3.36), confidence=0.38
[buoy_visualizer-5] [INFO] [1771741106.601197008] [buoy_visualizer]: Buoy 10: range=12.90m, bearing=-38.5°, position=(10.10, -8.02), confidence=0.25
[buoy_visualizer-5] [INFO] [1771741106.602487755] [buoy_visualizer]: Buoy 11: range=6.92m, bearing=20.2°, position=(6.49, 2.39), confidence=0.50
[buoy_visualizer-5] [INFO] [1771741106.603772677] [buoy_visualizer]: Buoy 12: range=3.53m, bearing=-117.1°, position=(-1.61, -3.14), confidence=0.88
[buoy_visualizer-5] [INFO] [1771741106.605426937] [buoy_visualizer]: Buoy 13: range=7.36m, bearing=-28.0°, position=(6.50, -3.46), confidence=0.25
[buoy_visualizer-5] [INFO] [1771741106.607803488] [buoy_visualizer]: Published 14 buoy markers
[buoy_visualizer-5] [INFO] [1771741106.687635567] [buoy_visualizer]: Buoy 0: range=11.36m, bearing=-45.7°, position=(7.93, -8.13), confidence=0.25
[buoy_visualizer-5] [INFO] [1771741106.688879942] [buoy_visualizer]: Buoy 1: range=1.56m, bearing=-4.7°, position=(1.56, -0.13), confidence=1.00
[buoy_visualizer-5] [INFO] [1771741106.689734114] [buoy_visualizer]: Buoy 2: range=9.79m, bearing=31.1°, position=(8.39, 5.05), confidence=0.75
[buoy_visualizer-5] [INFO] [1771741106.690510009] [buoy_visualizer]: Buoy 3: range=6.95m, bearing=52.0°, position=(4.28, 5.48), confidence=1.00
[buoy_visualizer-5] [INFO] [1771741106.691368789] [buoy_visualizer]: Buoy 4: range=8.59m, bearing=-46.3°, position=(5.93, -6.22), confidence=0.38
[buoy_visualizer-5] [INFO] [1771741106.692182574] [buoy_visualizer]: Buoy 5: range=4.04m, bearing=-5.3°, position=(4.02, -0.37), confidence=0.38
[buoy_visualizer-5] [INFO] [1771741106.694579095] [buoy_visualizer]: Buoy 6: range=0.30m, bearing=-157.9°, position=(-0.28, -0.11), confidence=1.00
[buoy_visualizer-5] [INFO] [1771741106.697598795] [buoy_visualizer]: Buoy 7: range=8.44m, bearing=14.1°, position=(8.19, 2.06), confidence=0.25
[buoy_visualizer-5] [INFO] [1771741106.699429676] [buoy_visualizer]: Buoy 8: range=12.17m, bearing=-32.1°, position=(10.30, -6.47), confidence=0.75
[buoy_visualizer-5] [INFO] [1771741106.701504286] [buoy_visualizer]: Buoy 9: range=10.74m, bearing=18.2°, position=(10.20, 3.36), confidence=0.38
[buoy_visualizer-5] [INFO] [1771741106.702661551] [buoy_visualizer]: Buoy 10: range=12.90m, bearing=-38.5°, position=(10.10, -8.02), confidence=0.25
[buoy_visualizer-5] [INFO] [1771741106.703461223] [buoy_visualizer]: Buoy 11: range=6.92m, bearing=20.2°, position=(6.49, 2.39), confidence=0.50
[buoy_visualizer-5] [INFO] [1771741106.706252076] [buoy_visualizer]: Buoy 12: range=3.53m, bearing=-117.1°, position=(-1.61, -3.14), confidence=0.88
[buoy_visualizer-5] [INFO] [1771741106.707240529] [buoy_visualizer]: Buoy 13: range=7.36m, bearing=-28.0°, position=(6.50, -3.46), confidence=0.25
[buoy_visualizer-5] [INFO] [1771741106.711118978] [buoy_visualizer]: Published 14 buoy markers
[buoy_visualizer-5] [INFO] [1771741106.814037064] [buoy_visualizer]: Buoy 0: range=12.17m, bearing=-32.1°, position=(10.30, -6.47), confidence=0.75
[buoy_visualizer-5] [INFO] [1771741106.815501391] [buoy_visualizer]: Buoy 1: range=1.56m, bearing=-3.7°, position=(1.56, -0.10), confidence=1.00
[buoy_visualizer-5] [INFO] [1771741106.817251754] [buoy_visualizer]: Buoy 2: range=6.96m, bearing=52.4°, position=(4.25, 5.52), confidence=1.00
[buoy_visualizer-5] [INFO] [1771741106.818518531] [buoy_visualizer]: Buoy 3: range=7.35m, bearing=-37.3°, position=(5.85, -4.46), confidence=1.00
[buoy_visualizer-5] [INFO] [1771741106.819603663] [buoy_visualizer]: Buoy 4: range=10.74m, bearing=18.2°, position=(10.20, 3.36), confidence=0.38
[buoy_visualizer-5] [INFO] [1771741106.822211975] [buoy_visualizer]: Buoy 5: range=12.90m, bearing=-38.5°, position=(10.10, -8.02), confidence=0.25
[buoy_visualizer-5] [INFO] [1771741106.824223476] [buoy_visualizer]: Buoy 6: range=0.31m, bearing=-159.6°, position=(-0.29, -0.11), confidence=1.00
[buoy_visualizer-5] [INFO] [1771741106.826813002] [buoy_visualizer]: Buoy 7: range=6.90m, bearing=20.4°, position=(6.47, 2.41), confidence=0.88
[buoy_visualizer-5] [INFO] [1771741106.829586125] [buoy_visualizer]: Buoy 8: range=3.52m, bearing=-117.0°, position=(-1.60, -3.14), confidence=1.00
[buoy_visualizer-5] [INFO] [1771741106.832017912] [buoy_visualizer]: Buoy 9: range=8.13m, bearing=-48.1°, position=(5.42, -6.05), confidence=0.25
[buoy_visualizer-5] [INFO] [1771741106.834346748] [buoy_visualizer]: Buoy 10: range=7.36m, bearing=-28.0°, position=(6.50, -3.46), confidence=0.25
[buoy_visualizer-5] [INFO] [1771741106.835349954] [buoy_visualizer]: Buoy 11: range=9.77m, bearing=31.3°, position=(8.35, 5.07), confidence=0.50
[buoy_visualizer-5] [INFO] [1771741106.836370666] [buoy_visualizer]: Buoy 12: range=11.10m, bearing=-46.2°, position=(7.67, -8.01), confidence=0.25
[buoy_visualizer-5] [INFO] [1771741106.837231431] [buoy_visualizer]: Buoy 13: range=4.03m, bearing=-4.9°, position=(4.02, -0.34), confidence=0.25
[buoy_visualizer-5] [INFO] [1771741106.839074408] [buoy_visualizer]: Published 14 buoy markers
[buoy_visualizer-5] [INFO] [1771741106.942482768] [buoy_visualizer]: Buoy 0: range=1.55m, bearing=-3.1°, position=(1.55, -0.08), confidence=1.00
[buoy_visualizer-5] [INFO] [1771741106.943411826] [buoy_visualizer]: Buoy 1: range=0.30m, bearing=-159.8°, position=(-0.29, -0.11), confidence=1.00
[buoy_visualizer-5] [INFO] [1771741106.944273614] [buoy_visualizer]: Buoy 2: range=10.81m, bearing=19.2°, position=(10.21, 3.55), confidence=0.25
[buoy_visualizer-5] [INFO] [1771741106.945066822] [buoy_visualizer]: Buoy 3: range=6.92m, bearing=20.6°, position=(6.47, 2.44), confidence=1.00
[buoy_visualizer-5] [INFO] [1771741106.946416293] [buoy_visualizer]: Buoy 4: range=3.52m, bearing=-116.9°, position=(-1.59, -3.13), confidence=1.00
[buoy_visualizer-5] [INFO] [1771741106.947338534] [buoy_visualizer]: Buoy 5: range=8.09m, bearing=-47.5°, position=(5.46, -5.96), confidence=0.38
[buoy_visualizer-5] [INFO] [1771741106.948277192] [buoy_visualizer]: Buoy 6: range=14.05m, bearing=-46.1°, position=(9.75, -10.11), confidence=0.38
[buoy_visualizer-5] [INFO] [1771741106.949121475] [buoy_visualizer]: Buoy 7: range=7.37m, bearing=-27.4°, position=(6.54, -3.39), confidence=0.38
[buoy_visualizer-5] [INFO] [1771741106.950945316] [buoy_visualizer]: Buoy 8: range=9.77m, bearing=31.3°, position=(8.35, 5.07), confidence=0.50
[buoy_visualizer-5] [INFO] [1771741106.954821620] [buoy_visualizer]: Buoy 9: range=6.99m, bearing=52.7°, position=(4.23, 5.56), confidence=1.00
[buoy_visualizer-5] [INFO] [1771741106.955803737] [buoy_visualizer]: Buoy 10: range=12.15m, bearing=-32.5°, position=(10.25, -6.53), confidence=0.50
[buoy_visualizer-5] [INFO] [1771741106.957182618] [buoy_visualizer]: Buoy 11: range=11.10m, bearing=-46.2°, position=(7.67, -8.01), confidence=0.25
[buoy_visualizer-5] [INFO] [1771741106.958046551] [buoy_visualizer]: Buoy 12: range=4.01m, bearing=-3.8°, position=(4.00, -0.26), confidence=0.38
[buoy_visualizer-5] [INFO] [1771741106.958824494] [buoy_visualizer]: Buoy 13: range=12.99m, bearing=-38.2°, position=(10.21, -8.04), confidence=0.25
[buoy_visualizer-5] [INFO] [1771741106.961646068] [buoy_visualizer]: Published 14 buoy markers
[buoy_visualizer-5] [INFO] [1771741107.078709147] [buoy_visualizer]: Buoy 0: range=0.30m, bearing=-159.3°, position=(-0.28, -0.11), confidence=1.00
[buoy_visualizer-5] [INFO] [1771741107.079650397] [buoy_visualizer]: Buoy 1: range=7.00m, bearing=53.1°, position=(4.20, 5.59), confidence=1.00
[buoy_visualizer-5] [INFO] [1771741107.080535036] [buoy_visualizer]: Buoy 2: range=12.11m, bearing=-31.8°, position=(10.30, -6.38), confidence=0.88
[buoy_visualizer-5] [INFO] [1771741107.084358825] [buoy_visualizer]: Buoy 3: range=1.55m, bearing=-2.3°, position=(1.55, -0.06), confidence=1.00
[buoy_visualizer-5] [INFO] [1771741107.086981761] [buoy_visualizer]: Buoy 4: range=3.52m, bearing=-116.7°, position=(-1.58, -3.15), confidence=1.00
[buoy_visualizer-5] [INFO] [1771741107.089081461] [buoy_visualizer]: Buoy 5: range=6.92m, bearing=20.8°, position=(6.47, 2.46), confidence=1.00
[buoy_visualizer-5] [INFO] [1771741107.090768171] [buoy_visualizer]: Buoy 6: range=10.99m, bearing=-46.2°, position=(7.61, -7.93), confidence=0.38
[buoy_visualizer-5] [INFO] [1771741107.092337273] [buoy_visualizer]: Buoy 7: range=9.82m, bearing=34.0°, position=(8.14, 5.48), confidence=0.25
[buoy_visualizer-5] [INFO] [1771741107.094050706] [buoy_visualizer]: Buoy 8: range=4.01m, bearing=-3.8°, position=(4.00, -0.26), confidence=0.38
[buoy_visualizer-5] [INFO] [1771741107.098269563] [buoy_visualizer]: Buoy 9: range=8.14m, bearing=-46.8°, position=(5.57, -5.93), confidence=0.38
[buoy_visualizer-5] [INFO] [1771741107.100239013] [buoy_visualizer]: Buoy 10: range=8.76m, bearing=-28.1°, position=(7.73, -4.13), confidence=0.25
[buoy_visualizer-5] [INFO] [1771741107.102036259] [buoy_visualizer]: Buoy 11: range=12.99m, bearing=-38.2°, position=(10.21, -8.04), confidence=0.25
[buoy_visualizer-5] [INFO] [1771741107.104377384] [buoy_visualizer]: Published 12 buoy markers
[buoy_visualizer-5] [INFO] [1771741107.217507546] [buoy_visualizer]: Buoy 0: range=7.34m, bearing=-33.0°, position=(6.16, -3.99), confidence=1.00
[buoy_visualizer-5] [INFO] [1771741107.218408089] [buoy_visualizer]: Buoy 1: range=1.55m, bearing=-4.2°, position=(1.55, -0.11), confidence=1.00
[buoy_visualizer-5] [INFO] [1771741107.219569675] [buoy_visualizer]: Buoy 2: range=0.31m, bearing=-159.6°, position=(-0.29, -0.11), confidence=1.00
[buoy_visualizer-5] [INFO] [1771741107.221771750] [buoy_visualizer]: Buoy 3: range=6.92m, bearing=21.2°, position=(6.45, 2.50), confidence=1.00
[buoy_visualizer-5] [INFO] [1771741107.222833904] [buoy_visualizer]: Buoy 4: range=3.51m, bearing=-116.6°, position=(-1.57, -3.14), confidence=0.62
[buoy_visualizer-5] [INFO] [1771741107.225548143] [buoy_visualizer]: Buoy 5: range=10.99m, bearing=-46.2°, position=(7.61, -7.93), confidence=0.38
[buoy_visualizer-5] [INFO] [1771741107.228703341] [buoy_visualizer]: Buoy 6: range=9.82m, bearing=34.0°, position=(8.14, 5.48), confidence=0.25
[buoy_visualizer-5] [INFO] [1771741107.229976391] [buoy_visualizer]: Buoy 7: range=7.06m, bearing=52.7°, position=(4.27, 5.61), confidence=1.00
[buoy_visualizer-5] [INFO] [1771741107.231306212] [buoy_visualizer]: Buoy 8: range=4.01m, bearing=-3.8°, position=(4.00, -0.26), confidence=0.38
[buoy_visualizer-5] [INFO] [1771741107.232233413] [buoy_visualizer]: Buoy 9: range=12.07m, bearing=-31.4°, position=(10.30, -6.29), confidence=0.75
[buoy_visualizer-5] [INFO] [1771741107.233910811] [buoy_visualizer]: Buoy 10: range=8.14m, bearing=-46.8°, position=(5.57, -5.93), confidence=0.38
[buoy_visualizer-5] [INFO] [1771741107.234923170] [buoy_visualizer]: Buoy 11: range=8.76m, bearing=-28.1°, position=(7.73, -4.13), confidence=0.25
[buoy_visualizer-5] [INFO] [1771741107.235988845] [buoy_visualizer]: Buoy 12: range=12.99m, bearing=-38.2°, position=(10.21, -8.04), confidence=0.25
[buoy_visualizer-5] [INFO] [1771741107.237910644] [buoy_visualizer]: Published 13 buoy markers
[buoy_visualizer-5] [INFO] [1771741107.316992076] [buoy_visualizer]: Buoy 0: range=10.81m, bearing=-46.5°, position=(7.45, -7.84), confidence=0.38
[buoy_visualizer-5] [INFO] [1771741107.317908781] [buoy_visualizer]: Buoy 1: range=8.29m, bearing=-45.7°, position=(5.79, -5.93), confidence=0.50
[buoy_visualizer-5] [INFO] [1771741107.318725350] [buoy_visualizer]: Buoy 2: range=8.76m, bearing=-28.1°, position=(7.73, -4.13), confidence=0.25
[buoy_visualizer-5] [INFO] [1771741107.319520222] [buoy_visualizer]: Buoy 3: range=7.23m, bearing=-32.3°, position=(6.11, -3.87), confidence=1.00
[buoy_visualizer-5] [INFO] [1771741107.320534406] [buoy_visualizer]: Buoy 4: range=1.53m, bearing=-3.4°, position=(1.53, -0.09), confidence=1.00
[buoy_visualizer-5] [INFO] [1771741107.321402595] [buoy_visualizer]: Buoy 5: range=0.31m, bearing=-162.2°, position=(-0.30, -0.10), confidence=1.00
[buoy_visualizer-5] [INFO] [1771741107.322207995] [buoy_visualizer]: Buoy 6: range=6.92m, bearing=21.3°, position=(6.44, 2.51), confidence=1.00
[buoy_visualizer-5] [INFO] [1771741107.323007091] [buoy_visualizer]: Buoy 7: range=3.52m, bearing=-115.9°, position=(-1.54, -3.17), confidence=0.75
[buoy_visualizer-5] [INFO] [1771741107.325685904] [buoy_visualizer]: Buoy 8: range=7.07m, bearing=52.9°, position=(4.27, 5.63), confidence=1.00
[buoy_visualizer-5] [INFO] [1771741107.326722425] [buoy_visualizer]: Buoy 9: range=3.99m, bearing=-1.6°, position=(3.99, -0.11), confidence=0.25
[buoy_visualizer-5] [INFO] [1771741107.327844871] [buoy_visualizer]: Buoy 10: range=12.99m, bearing=-38.2°, position=(10.21, -8.04), confidence=0.25
[buoy_visualizer-5] [INFO] [1771741107.329593570] [buoy_visualizer]: Buoy 11: range=12.07m, bearing=-30.8°, position=(10.37, -6.17), confidence=0.38
[buoy_visualizer-5] [INFO] [1771741107.331640594] [buoy_visualizer]: Published 12 buoy markers
[buoy_visualizer-5] [INFO] [1771741107.463335774] [buoy_visualizer]: Buoy 0: range=7.04m, bearing=53.4°, position=(4.20, 5.65), confidence=1.00
[buoy_visualizer-5] [INFO] [1771741107.464357477] [buoy_visualizer]: Buoy 1: range=3.99m, bearing=-1.6°, position=(3.99, -0.11), confidence=0.25
[buoy_visualizer-5] [INFO] [1771741107.465239075] [buoy_visualizer]: Buoy 2: range=1.50m, bearing=-4.5°, position=(1.50, -0.12), confidence=1.00
[buoy_visualizer-5] [INFO] [1771741107.466080927] [buoy_visualizer]: Buoy 3: range=12.99m, bearing=-38.2°, position=(10.21, -8.04), confidence=0.25
[buoy_visualizer-5] [INFO] [1771741107.467218447] [buoy_visualizer]: Buoy 4: range=0.32m, bearing=-163.3°, position=(-0.30, -0.09), confidence=1.00
[buoy_visualizer-5] [INFO] [1771741107.468363711] [buoy_visualizer]: Buoy 5: range=6.93m, bearing=21.7°, position=(6.44, 2.56), confidence=0.62
[buoy_visualizer-5] [INFO] [1771741107.469484622] [buoy_visualizer]: Buoy 6: range=3.53m, bearing=-115.8°, position=(-1.54, -3.18), confidence=0.62
[buoy_visualizer-5] [INFO] [1771741107.470407759] [buoy_visualizer]: Buoy 7: range=8.19m, bearing=-46.1°, position=(5.67, -5.91), confidence=0.50
[buoy_visualizer-5] [INFO] [1771741107.471253418] [buoy_visualizer]: Buoy 8: range=13.93m, bearing=-43.7°, position=(10.07, -9.62), confidence=0.38
[buoy_visualizer-5] [INFO] [1771741107.472537573] [buoy_visualizer]: Buoy 9: range=9.79m, bearing=33.8°, position=(8.14, 5.44), confidence=0.38
[buoy_visualizer-5] [INFO] [1771741107.473398369] [buoy_visualizer]: Buoy 10: range=12.16m, bearing=-30.2°, position=(10.51, -6.11), confidence=0.75
[buoy_visualizer-5] [INFO] [1771741107.475324456] [buoy_visualizer]: Published 11 buoy markers
[buoy_visualizer-5] [INFO] [1771741107.584707539] [buoy_visualizer]: Buoy 0: range=7.03m, bearing=53.4°, position=(4.19, 5.64), confidence=1.00
[buoy_visualizer-5] [INFO] [1771741107.585761501] [buoy_visualizer]: Buoy 1: range=9.79m, bearing=33.8°, position=(8.14, 5.44), confidence=0.38
[buoy_visualizer-5] [INFO] [1771741107.586730753] [buoy_visualizer]: Buoy 2: range=12.16m, bearing=-30.2°, position=(10.51, -6.11), confidence=0.75
[buoy_visualizer-5] [INFO] [1771741107.587657890] [buoy_visualizer]: Buoy 3: range=1.51m, bearing=-4.4°, position=(1.51, -0.12), confidence=1.00
[buoy_visualizer-5] [INFO] [1771741107.588618662] [buoy_visualizer]: Buoy 4: range=8.20m, bearing=-45.9°, position=(5.71, -5.88), confidence=0.50
[buoy_visualizer-5] [INFO] [1771741107.589543175] [buoy_visualizer]: Buoy 5: range=6.92m, bearing=22.6°, position=(6.39, 2.66), confidence=0.38
[buoy_visualizer-5] [INFO] [1771741107.593648904] [buoy_visualizer]: Buoy 6: range=3.55m, bearing=-114.8°, position=(-1.49, -3.22), confidence=0.62
[buoy_visualizer-5] [INFO] [1771741107.595543085] [buoy_visualizer]: Buoy 7: range=13.83m, bearing=-42.8°, position=(10.15, -9.39), confidence=0.25
[buoy_visualizer-5] [INFO] [1771741107.596903788] [buoy_visualizer]: Buoy 8: range=0.33m, bearing=-163.8°, position=(-0.32, -0.09), confidence=0.88
[buoy_visualizer-5] [INFO] [1771741107.599437727] [buoy_visualizer]: Published 9 buoy markers
[buoy_visualizer-5] [INFO] [1771741107.686029927] [buoy_visualizer]: Buoy 0: range=8.34m, bearing=-1.2°, position=(8.34, -0.17), confidence=1.00
[buoy_visualizer-5] [INFO] [1771741107.687058447] [buoy_visualizer]: Buoy 1: range=6.99m, bearing=54.4°, position=(4.07, 5.68), confidence=1.00
[buoy_visualizer-5] [INFO] [1771741107.688020915] [buoy_visualizer]: Buoy 2: range=1.53m, bearing=-1.9°, position=(1.53, -0.05), confidence=1.00
[buoy_visualizer-5] [INFO] [1771741107.688956596] [buoy_visualizer]: Buoy 3: range=6.92m, bearing=22.6°, position=(6.39, 2.66), confidence=0.38
[buoy_visualizer-5] [INFO] [1771741107.689854676] [buoy_visualizer]: Buoy 4: range=8.50m, bearing=-44.3°, position=(6.08, -5.94), confidence=0.62
[buoy_visualizer-5] [INFO] [1771741107.690849978] [buoy_visualizer]: Buoy 5: range=8.45m, bearing=-20.7°, position=(7.90, -2.99), confidence=0.50
[buoy_visualizer-5] [INFO] [1771741107.691892675] [buoy_visualizer]: Buoy 6: range=3.53m, bearing=-114.6°, position=(-1.47, -3.21), confidence=0.88
[buoy_visualizer-5] [INFO] [1771741107.695692814] [buoy_visualizer]: Buoy 7: range=13.83m, bearing=-42.8°, position=(10.15, -9.39), confidence=0.25
[buoy_visualizer-5] [INFO] [1771741107.699037721] [buoy_visualizer]: Buoy 8: range=0.28m, bearing=-169.5°, position=(-0.28, -0.05), confidence=1.00
[buoy_visualizer-5] [INFO] [1771741107.701050375] [buoy_visualizer]: Buoy 9: range=9.69m, bearing=33.6°, position=(8.07, 5.37), confidence=0.88
[buoy_visualizer-5] [INFO] [1771741107.702687706] [buoy_visualizer]: Buoy 10: range=12.29m, bearing=-29.9°, position=(10.66, -6.13), confidence=0.50
[buoy_visualizer-5] [INFO] [1771741107.705476254] [buoy_visualizer]: Published 11 buoy markers
[buoy_visualizer-5] [INFO] [1771741107.794396202] [buoy_visualizer]: Buoy 0: range=8.44m, bearing=-21.2°, position=(7.86, -3.06), confidence=0.75
[buoy_visualizer-5] [INFO] [1771741107.796095585] [buoy_visualizer]: Buoy 1: range=1.49m, bearing=-2.6°, position=(1.49, -0.07), confidence=1.00
[buoy_visualizer-5] [INFO] [1771741107.797662095] [buoy_visualizer]: Buoy 2: range=6.98m, bearing=54.6°, position=(4.04, 5.69), confidence=1.00
[buoy_visualizer-5] [INFO] [1771741107.799290114] [buoy_visualizer]: Buoy 3: range=3.53m, bearing=-114.6°, position=(-1.47, -3.21), confidence=0.88
[buoy_visualizer-5] [INFO] [1771741107.800909076] [buoy_visualizer]: Buoy 4: range=8.34m, bearing=-1.4°, position=(8.34, -0.20), confidence=1.00
[buoy_visualizer-5] [INFO] [1771741107.802851644] [buoy_visualizer]: Buoy 5: range=13.83m, bearing=-42.8°, position=(10.15, -9.39), confidence=0.25
[buoy_visualizer-5] [INFO] [1771741107.804812678] [buoy_visualizer]: Buoy 6: range=0.28m, bearing=-169.5°, position=(-0.28, -0.05), confidence=1.00
[buoy_visualizer-5] [INFO] [1771741107.806610789] [buoy_visualizer]: Buoy 7: range=9.69m, bearing=33.6°, position=(8.07, 5.37), confidence=0.88
[buoy_visualizer-5] [INFO] [1771741107.808481512] [buoy_visualizer]: Buoy 8: range=12.26m, bearing=-29.6°, position=(10.67, -6.05), confidence=0.75
[buoy_visualizer-5] [INFO] [1771741107.809920301] [buoy_visualizer]: Buoy 9: range=7.46m, bearing=-34.7°, position=(6.14, -4.24), confidence=0.50
[buoy_visualizer-5] [INFO] [1771741107.813603376] [buoy_visualizer]: Buoy 10: range=6.94m, bearing=22.7°, position=(6.40, 2.68), confidence=0.25
[buoy_visualizer-5] [INFO] [1771741107.820434480] [buoy_visualizer]: Published 11 buoy markers
[buoy_visualizer-5] [INFO] [1771741107.922824879] [buoy_visualizer]: Buoy 0: range=13.83m, bearing=-42.8°, position=(10.15, -9.39), confidence=0.25
[buoy_visualizer-5] [INFO] [1771741107.925030762] [buoy_visualizer]: Buoy 1: range=8.43m, bearing=-21.1°, position=(7.87, -3.03), confidence=0.62
[buoy_visualizer-5] [INFO] [1771741107.929090088] [buoy_visualizer]: Buoy 2: range=8.34m, bearing=-1.5°, position=(8.34, -0.21), confidence=1.00
[buoy_visualizer-5] [INFO] [1771741107.930612691] [buoy_visualizer]: Buoy 3: range=0.30m, bearing=-167.7°, position=(-0.29, -0.06), confidence=1.00
[buoy_visualizer-5] [INFO] [1771741107.932961368] [buoy_visualizer]: Buoy 4: range=9.72m, bearing=34.1°, position=(8.05, 5.45), confidence=1.00
[buoy_visualizer-5] [INFO] [1771741107.933943133] [buoy_visualizer]: Buoy 5: range=6.99m, bearing=54.9°, position=(4.02, 5.72), confidence=1.00
[buoy_visualizer-5] [INFO] [1771741107.934682481] [buoy_visualizer]: Buoy 6: range=9.46m, bearing=-48.9°, position=(6.22, -7.13), confidence=1.00
[buoy_visualizer-5] [INFO] [1771741107.935551054] [buoy_visualizer]: Buoy 7: range=7.80m, bearing=-49.2°, position=(5.09, -5.90), confidence=0.50
[buoy_visualizer-5] [INFO] [1771741107.937341804] [buoy_visualizer]: Buoy 8: range=12.28m, bearing=-29.6°, position=(10.67, -6.07), confidence=0.88
[buoy_visualizer-5] [INFO] [1771741107.938136356] [buoy_visualizer]: Buoy 9: range=1.46m, bearing=-1.7°, position=(1.46, -0.04), confidence=1.00
[buoy_visualizer-5] [INFO] [1771741107.939208207] [buoy_visualizer]: Buoy 10: range=7.46m, bearing=-34.7°, position=(6.14, -4.24), confidence=0.50
[buoy_visualizer-5] [INFO] [1771741107.939978949] [buoy_visualizer]: Buoy 11: range=6.94m, bearing=22.7°, position=(6.40, 2.68), confidence=0.25
[buoy_visualizer-5] [INFO] [1771741107.940730490] [buoy_visualizer]: Buoy 12: range=3.51m, bearing=-114.2°, position=(-1.44, -3.21), confidence=0.62
[buoy_visualizer-5] [INFO] [1771741107.941446893] [buoy_visualizer]: Buoy 13: range=11.27m, bearing=-43.6°, position=(8.16, -7.77), confidence=0.38
[buoy_visualizer-5] [INFO] [1771741107.942154494] [buoy_visualizer]: Buoy 14: range=7.26m, bearing=-25.6°, position=(6.55, -3.14), confidence=0.25
[buoy_visualizer-5] [INFO] [1771741107.944072261] [buoy_visualizer]: Published 15 buoy markers
[buoy_visualizer-5] [INFO] [1771741108.062754172] [buoy_visualizer]: Buoy 0: range=7.03m, bearing=54.5°, position=(4.08, 5.72), confidence=1.00
[buoy_visualizer-5] [INFO] [1771741108.063627930] [buoy_visualizer]: Buoy 1: range=7.40m, bearing=-31.9°, position=(6.28, -3.91), confidence=1.00
[buoy_visualizer-5] [INFO] [1771741108.064553851] [buoy_visualizer]: Buoy 2: range=8.40m, bearing=-16.9°, position=(8.03, -2.45), confidence=0.38
[buoy_visualizer-5] [INFO] [1771741108.065621958] [buoy_visualizer]: Buoy 3: range=9.73m, bearing=-20.9°, position=(9.09, -3.46), confidence=0.88
[buoy_visualizer-5] [INFO] [1771741108.066618348] [buoy_visualizer]: Buoy 4: range=1.48m, bearing=1.8°, position=(1.48, 0.05), confidence=1.00
[buoy_visualizer-5] [INFO] [1771741108.067570735] [buoy_visualizer]: Buoy 5: range=8.36m, bearing=0.1°, position=(8.36, 0.01), confidence=1.00
[buoy_visualizer-5] [INFO] [1771741108.068819175] [buoy_visualizer]: Buoy 6: range=0.30m, bearing=-166.4°, position=(-0.29, -0.07), confidence=1.00
[buoy_visualizer-5] [INFO] [1771741108.069808204] [buoy_visualizer]: Buoy 7: range=6.94m, bearing=22.7°, position=(6.40, 2.68), confidence=0.25
[buoy_visualizer-5] [INFO] [1771741108.070538432] [buoy_visualizer]: Buoy 8: range=3.51m, bearing=-113.7°, position=(-1.41, -3.21), confidence=0.88
[buoy_visualizer-5] [INFO] [1771741108.071238961] [buoy_visualizer]: Buoy 9: range=7.84m, bearing=-46.4°, position=(5.41, -5.67), confidence=0.25
[buoy_visualizer-5] [INFO] [1771741108.071940130] [buoy_visualizer]: Buoy 10: range=11.27m, bearing=-43.6°, position=(8.16, -7.77), confidence=0.38
[buoy_visualizer-5] [INFO] [1771741108.074785898] [buoy_visualizer]: Buoy 11: range=9.71m, bearing=34.3°, position=(8.02, 5.46), confidence=1.00
[buoy_visualizer-5] [INFO] [1771741108.077046217] [buoy_visualizer]: Buoy 12: range=12.30m, bearing=-29.7°, position=(10.68, -6.10), confidence=0.50
[buoy_visualizer-5] [INFO] [1771741108.079784426] [buoy_visualizer]: Published 13 buoy markers
[buoy_visualizer-5] [INFO] [1771741108.180662300] [buoy_visualizer]: Buoy 0: range=9.73m, bearing=34.5°, position=(8.02, 5.51), confidence=1.00
[buoy_visualizer-5] [INFO] [1771741108.181650306] [buoy_visualizer]: Buoy 1: range=7.01m, bearing=54.9°, position=(4.03, 5.73), confidence=1.00
[buoy_visualizer-5] [INFO] [1771741108.182419992] [buoy_visualizer]: Buoy 2: range=0.30m, bearing=-166.7°, position=(-0.29, -0.07), confidence=1.00
[buoy_visualizer-5] [INFO] [1771741108.183154124] [buoy_visualizer]: Buoy 3: range=9.69m, bearing=-19.7°, position=(9.13, -3.27), confidence=0.75
[buoy_visualizer-5] [INFO] [1771741108.184025161] [buoy_visualizer]: Buoy 4: range=1.47m, bearing=1.9°, position=(1.47, 0.05), confidence=1.00
[buoy_visualizer-5] [INFO] [1771741108.184836962] [buoy_visualizer]: Buoy 5: range=12.30m, bearing=-29.7°, position=(10.68, -6.10), confidence=0.50
[buoy_visualizer-5] [INFO] [1771741108.185604536] [buoy_visualizer]: Buoy 6: range=3.50m, bearing=-113.5°, position=(-1.40, -3.21), confidence=0.62
[buoy_visualizer-5] [INFO] [1771741108.186349964] [buoy_visualizer]: Buoy 7: range=6.95m, bearing=23.5°, position=(6.37, 2.78), confidence=0.38
[buoy_visualizer-5] [INFO] [1771741108.187140516] [buoy_visualizer]: Buoy 8: range=11.36m, bearing=-42.3°, position=(8.40, -7.64), confidence=0.38
[buoy_visualizer-5] [INFO] [1771741108.187915290] [buoy_visualizer]: Buoy 9: range=4.05m, bearing=0.5°, position=(4.05, 0.04), confidence=0.38
[buoy_visualizer-5] [INFO] [1771741108.189499370] [buoy_visualizer]: Published 10 buoy markers
[buoy_visualizer-5] [INFO] [1771741108.297548148] [buoy_visualizer]: Buoy 0: range=12.26m, bearing=-29.3°, position=(10.69, -6.00), confidence=0.38
[buoy_visualizer-5] [INFO] [1771741108.298425586] [buoy_visualizer]: Buoy 1: range=1.44m, bearing=0.0°, position=(1.44, 0.00), confidence=1.00
[buoy_visualizer-5] [INFO] [1771741108.299165734] [buoy_visualizer]: Buoy 2: range=7.51m, bearing=11.4°, position=(7.36, 1.48), confidence=0.25
[buoy_visualizer-5] [INFO] [1771741108.299911579] [buoy_visualizer]: Buoy 3: range=7.02m, bearing=55.0°, position=(4.02, 5.75), confidence=1.00
[buoy_visualizer-5] [INFO] [1771741108.301377794] [buoy_visualizer]: Buoy 4: range=9.67m, bearing=-19.1°, position=(9.13, -3.17), confidence=0.62
[buoy_visualizer-5] [INFO] [1771741108.302660636] [buoy_visualizer]: Buoy 5: range=6.95m, bearing=23.5°, position=(6.37, 2.78), confidence=0.38
[buoy_visualizer-5] [INFO] [1771741108.303441011] [buoy_visualizer]: Buoy 6: range=3.50m, bearing=-113.1°, position=(-1.37, -3.22), confidence=0.38
[buoy_visualizer-5] [INFO] [1771741108.304277614] [buoy_visualizer]: Buoy 7: range=11.36m, bearing=-42.3°, position=(8.40, -7.64), confidence=0.38
[buoy_visualizer-5] [INFO] [1771741108.305020002] [buoy_visualizer]: Buoy 8: range=9.78m, bearing=35.0°, position=(8.02, 5.61), confidence=0.88
[buoy_visualizer-5] [INFO] [1771741108.309846613] [buoy_visualizer]: Buoy 9: range=0.33m, bearing=-163.7°, position=(-0.32, -0.09), confidence=1.00
[buoy_visualizer-5] [INFO] [1771741108.310784535] [buoy_visualizer]: Buoy 10: range=4.05m, bearing=0.5°, position=(4.05, 0.04), confidence=0.38
[buoy_visualizer-5] [INFO] [1771741108.313547193] [buoy_visualizer]: Published 11 buoy markers
[buoy_visualizer-5] [INFO] [1771741108.418480329] [buoy_visualizer]: Buoy 0: range=3.48m, bearing=-112.6°, position=(-1.33, -3.21), confidence=0.75
[buoy_visualizer-5] [INFO] [1771741108.420333451] [buoy_visualizer]: Buoy 1: range=11.36m, bearing=-42.3°, position=(8.40, -7.64), confidence=0.38
[buoy_visualizer-5] [INFO] [1771741108.421724845] [buoy_visualizer]: Buoy 2: range=7.36m, bearing=-30.7°, position=(6.33, -3.76), confidence=1.00
[buoy_visualizer-5] [INFO] [1771741108.422990918] [buoy_visualizer]: Buoy 3: range=9.68m, bearing=-19.1°, position=(9.15, -3.17), confidence=0.75
[buoy_visualizer-5] [INFO] [1771741108.424294146] [buoy_visualizer]: Buoy 4: range=1.44m, bearing=0.2°, position=(1.44, 0.01), confidence=1.00
[buoy_visualizer-5] [INFO] [1771741108.425501559] [buoy_visualizer]: Buoy 5: range=8.32m, bearing=-0.4°, position=(8.32, -0.06), confidence=0.88
[buoy_visualizer-5] [INFO] [1771741108.426686346] [buoy_visualizer]: Buoy 6: range=9.78m, bearing=35.0°, position=(8.02, 5.61), confidence=0.88
[buoy_visualizer-5] [INFO] [1771741108.427934882] [buoy_visualizer]: Buoy 7: range=6.98m, bearing=55.9°, position=(3.92, 5.78), confidence=1.00
[buoy_visualizer-5] [INFO] [1771741108.429272768] [buoy_visualizer]: Buoy 8: range=0.33m, bearing=-163.7°, position=(-0.32, -0.09), confidence=1.00
[buoy_visualizer-5] [INFO] [1771741108.430422896] [buoy_visualizer]: Buoy 9: range=8.49m, bearing=-18.4°, position=(8.05, -2.68), confidence=0.62
[buoy_visualizer-5] [INFO] [1771741108.431560768] [buoy_visualizer]: Buoy 10: range=6.94m, bearing=24.5°, position=(6.31, 2.88), confidence=0.62
[buoy_visualizer-5] [INFO] [1771741108.432774934] [buoy_visualizer]: Buoy 11: range=9.07m, bearing=-38.6°, position=(7.08, -5.66), confidence=0.25
[buoy_visualizer-5] [INFO] [1771741108.433940680] [buoy_visualizer]: Buoy 12: range=4.01m, bearing=0.6°, position=(4.01, 0.04), confidence=0.62
[buoy_visualizer-5] [INFO] [1771741108.438853057] [buoy_visualizer]: Published 13 buoy markers
[buoy_visualizer-5] [INFO] [1771741108.542192737] [buoy_visualizer]: Buoy 0: range=1.47m, bearing=0.6°, position=(1.47, 0.01), confidence=1.00
[buoy_visualizer-5] [INFO] [1771741108.543074175] [buoy_visualizer]: Buoy 1: range=8.32m, bearing=0.3°, position=(8.32, 0.04), confidence=1.00
[buoy_visualizer-5] [INFO] [1771741108.543832724] [buoy_visualizer]: Buoy 2: range=3.47m, bearing=-112.8°, position=(-1.34, -3.20), confidence=0.88
[buoy_visualizer-5] [INFO] [1771741108.545640915] [buoy_visualizer]: Buoy 3: range=7.01m, bearing=56.0°, position=(3.93, 5.81), confidence=1.00
[buoy_visualizer-5] [INFO] [1771741108.548252971] [buoy_visualizer]: Buoy 4: range=0.33m, bearing=-163.2°, position=(-0.31, -0.09), confidence=1.00
[buoy_visualizer-5] [INFO] [1771741108.550482600] [buoy_visualizer]: Buoy 5: range=7.43m, bearing=-32.4°, position=(6.27, -3.98), confidence=0.88
[buoy_visualizer-5] [INFO] [1771741108.551610583] [buoy_visualizer]: Buoy 6: range=9.67m, bearing=-17.7°, position=(9.21, -2.95), confidence=0.62
[buoy_visualizer-5] [INFO] [1771741108.552782441] [buoy_visualizer]: Buoy 7: range=8.50m, bearing=-19.0°, position=(8.04, -2.76), confidence=0.75
[buoy_visualizer-5] [INFO] [1771741108.553965276] [buoy_visualizer]: Buoy 8: range=6.94m, bearing=24.5°, position=(6.31, 2.88), confidence=0.62
[buoy_visualizer-5] [INFO] [1771741108.554902942] [buoy_visualizer]: Buoy 9: range=11.43m, bearing=-41.5°, position=(8.57, -7.57), confidence=0.38
[buoy_visualizer-5] [INFO] [1771741108.555840832] [buoy_visualizer]: Buoy 10: range=9.83m, bearing=35.6°, position=(7.99, 5.73), confidence=0.25
[buoy_visualizer-5] [INFO] [1771741108.556832294] [buoy_visualizer]: Buoy 11: range=4.01m, bearing=0.6°, position=(4.01, 0.04), confidence=0.62
[buoy_visualizer-5] [INFO] [1771741108.557761991] [buoy_visualizer]: Buoy 12: range=14.15m, bearing=-42.7°, position=(10.41, -9.59), confidence=0.38
[buoy_visualizer-5] [INFO] [1771741108.559672334] [buoy_visualizer]: Published 13 buoy markers
[buoy_visualizer-5] [INFO] [1771741108.662847618] [buoy_visualizer]: Buoy 0: range=1.49m, bearing=0.3°, position=(1.49, 0.01), confidence=1.00
[buoy_visualizer-5] [INFO] [1771741108.663726592] [buoy_visualizer]: Buoy 1: range=6.94m, bearing=24.5°, position=(6.31, 2.88), confidence=0.62
[buoy_visualizer-5] [INFO] [1771741108.664981400] [buoy_visualizer]: Buoy 2: range=11.43m, bearing=-41.5°, position=(8.57, -7.57), confidence=0.38
[buoy_visualizer-5] [INFO] [1771741108.666398140] [buoy_visualizer]: Buoy 3: range=9.83m, bearing=35.6°, position=(7.99, 5.73), confidence=0.25
[buoy_visualizer-5] [INFO] [1771741108.667476167] [buoy_visualizer]: Buoy 4: range=6.99m, bearing=56.3°, position=(3.87, 5.82), confidence=1.00
[buoy_visualizer-5] [INFO] [1771741108.668656922] [buoy_visualizer]: Buoy 5: range=4.00m, bearing=0.8°, position=(4.00, 0.05), confidence=0.88
[buoy_visualizer-5] [INFO] [1771741108.669845038] [buoy_visualizer]: Buoy 6: range=14.15m, bearing=-42.7°, position=(10.41, -9.59), confidence=0.38
[buoy_visualizer-5] [INFO] [1771741108.670765871] [buoy_visualizer]: Buoy 7: range=0.37m, bearing=-164.1°, position=(-0.36, -0.10), confidence=0.75
[buoy_visualizer-5] [INFO] [1771741108.673382630] [buoy_visualizer]: Buoy 8: range=7.41m, bearing=-32.8°, position=(6.24, -4.01), confidence=0.38
[buoy_visualizer-5] [INFO] [1771741108.675333360] [buoy_visualizer]: Buoy 9: range=3.47m, bearing=-112.8°, position=(-1.35, -3.20), confidence=1.00
[buoy_visualizer-5] [INFO] [1771741108.678810692] [buoy_visualizer]: Published 10 buoy markers
[buoy_visualizer-5] [INFO] [1771741108.805066383] [buoy_visualizer]: Buoy 0: range=1.48m, bearing=-1.0°, position=(1.48, -0.03), confidence=1.00
[buoy_visualizer-5] [INFO] [1771741108.806138618] [buoy_visualizer]: Buoy 1: range=6.94m, bearing=24.5°, position=(6.31, 2.88), confidence=0.62
[buoy_visualizer-5] [INFO] [1771741108.806975125] [buoy_visualizer]: Buoy 2: range=11.42m, bearing=-41.3°, position=(8.57, -7.54), confidence=0.50
[buoy_visualizer-5] [INFO] [1771741108.808097636] [buoy_visualizer]: Buoy 3: range=9.83m, bearing=35.6°, position=(7.99, 5.73), confidence=0.25
[buoy_visualizer-5] [INFO] [1771741108.809448387] [buoy_visualizer]: Buoy 4: range=6.99m, bearing=56.7°, position=(3.83, 5.85), confidence=1.00
[buoy_visualizer-5] [INFO] [1771741108.810860326] [buoy_visualizer]: Buoy 5: range=4.00m, bearing=0.8°, position=(4.00, 0.05), confidence=0.88
[buoy_visualizer-5] [INFO] [1771741108.815171253] [buoy_visualizer]: Buoy 6: range=14.13m, bearing=-42.4°, position=(10.44, -9.52), confidence=0.62
[buoy_visualizer-5] [INFO] [1771741108.816442766] [buoy_visualizer]: Buoy 7: range=0.34m, bearing=-163.6°, position=(-0.33, -0.10), confidence=1.00
[buoy_visualizer-5] [INFO] [1771741108.819063783] [buoy_visualizer]: Buoy 8: range=7.41m, bearing=-32.8°, position=(6.24, -4.01), confidence=0.38
[buoy_visualizer-5] [INFO] [1771741108.820293341] [buoy_visualizer]: Buoy 9: range=3.47m, bearing=-112.8°, position=(-1.35, -3.20), confidence=1.00
[buoy_visualizer-5] [INFO] [1771741108.824555817] [buoy_visualizer]: Published 10 buoy markers
[buoy_visualizer-5] [INFO] [1771741108.918896976] [buoy_visualizer]: Buoy 0: range=6.92m, bearing=24.8°, position=(6.28, 2.90), confidence=0.38
[buoy_visualizer-5] [INFO] [1771741108.920062914] [buoy_visualizer]: Buoy 1: range=3.48m, bearing=-112.7°, position=(-1.34, -3.21), confidence=1.00
[buoy_visualizer-5] [INFO] [1771741108.921009221] [buoy_visualizer]: Buoy 2: range=9.33m, bearing=-40.4°, position=(7.11, -6.05), confidence=0.38
[buoy_visualizer-5] [INFO] [1771741108.923491635] [buoy_visualizer]: Buoy 3: range=1.48m, bearing=1.0°, position=(1.48, 0.03), confidence=1.00
[buoy_visualizer-5] [INFO] [1771741108.924691591] [buoy_visualizer]: Buoy 4: range=8.48m, bearing=-18.7°, position=(8.04, -2.72), confidence=0.62
[buoy_visualizer-5] [INFO] [1771741108.925665484] [buoy_visualizer]: Buoy 5: range=3.97m, bearing=1.0°, position=(3.97, 0.07), confidence=0.50
[buoy_visualizer-5] [INFO] [1771741108.930266447] [buoy_visualizer]: Buoy 6: range=6.99m, bearing=57.8°, position=(3.72, 5.92), confidence=1.00
[buoy_visualizer-5] [INFO] [1771741108.932916778] [buoy_visualizer]: Buoy 7: range=14.11m, bearing=-42.0°, position=(10.48, -9.45), confidence=0.50
[buoy_visualizer-5] [INFO] [1771741108.935096579] [buoy_visualizer]: Buoy 8: range=6.76m, bearing=14.3°, position=(6.55, 1.68), confidence=0.25
[buoy_visualizer-5] [INFO] [1771741108.937602707] [buoy_visualizer]: Buoy 9: range=11.46m, bearing=-40.6°, position=(8.71, -7.46), confidence=0.25
[buoy_visualizer-5] [INFO] [1771741108.938673022] [buoy_visualizer]: Buoy 10: range=12.29m, bearing=-27.4°, position=(10.90, -5.66), confidence=0.62
[buoy_visualizer-5] [INFO] [1771741108.940074657] [buoy_visualizer]: Buoy 11: range=0.35m, bearing=-163.6°, position=(-0.34, -0.10), confidence=1.00
[buoy_visualizer-5] [INFO] [1771741108.943074164] [buoy_visualizer]: Published 12 buoy markers
[buoy_visualizer-5] [INFO] [1771741109.048863615] [buoy_visualizer]: Buoy 0: range=1.49m, bearing=3.6°, position=(1.49, 0.09), confidence=1.00
[buoy_visualizer-5] [INFO] [1771741109.050014000] [buoy_visualizer]: Buoy 1: range=3.49m, bearing=-113.0°, position=(-1.36, -3.21), confidence=0.88
[buoy_visualizer-5] [INFO] [1771741109.050928048] [buoy_visualizer]: Buoy 2: range=14.05m, bearing=-41.6°, position=(10.51, -9.32), confidence=0.62
[buoy_visualizer-5] [INFO] [1771741109.054273307] [buoy_visualizer]: Buoy 3: range=6.76m, bearing=14.3°, position=(6.55, 1.68), confidence=0.25
[buoy_visualizer-5] [INFO] [1771741109.056161760] [buoy_visualizer]: Buoy 4: range=7.02m, bearing=57.3°, position=(3.80, 5.91), confidence=1.00
[buoy_visualizer-5] [INFO] [1771741109.057266221] [buoy_visualizer]: Buoy 5: range=11.42m, bearing=-40.5°, position=(8.69, -7.41), confidence=0.38
[buoy_visualizer-5] [INFO] [1771741109.058163436] [buoy_visualizer]: Buoy 6: range=9.59m, bearing=-41.1°, position=(7.22, -6.30), confidence=0.38
[buoy_visualizer-5] [INFO] [1771741109.061591869] [buoy_visualizer]: Buoy 7: range=12.36m, bearing=-28.2°, position=(10.90, -5.84), confidence=0.75
[buoy_visualizer-5] [INFO] [1771741109.063650286] [buoy_visualizer]: Buoy 8: range=3.98m, bearing=1.2°, position=(3.98, 0.09), confidence=0.25
[buoy_visualizer-5] [INFO] [1771741109.066248325] [buoy_visualizer]: Buoy 9: range=0.35m, bearing=-163.6°, position=(-0.34, -0.10), confidence=1.00
[buoy_visualizer-5] [INFO] [1771741109.067409590] [buoy_visualizer]: Buoy 10: range=7.41m, bearing=-30.8°, position=(6.37, -3.79), confidence=0.25
[buoy_visualizer-5] [INFO] [1771741109.068203310] [buoy_visualizer]: Buoy 11: range=7.00m, bearing=25.3°, position=(6.33, 2.99), confidence=0.25
[buoy_visualizer-5] [INFO] [1771741109.071540857] [buoy_visualizer]: Published 12 buoy markers
[buoy_visualizer-5] [INFO] [1771741109.142378955] [buoy_visualizer]: Buoy 0: range=1.54m, bearing=4.9°, position=(1.53, 0.13), confidence=1.00
[buoy_visualizer-5] [INFO] [1771741109.143244968] [buoy_visualizer]: Buoy 1: range=3.50m, bearing=-112.5°, position=(-1.34, -3.23), confidence=0.62
[buoy_visualizer-5] [INFO] [1771741109.144063265] [buoy_visualizer]: Buoy 2: range=12.36m, bearing=-28.2°, position=(10.90, -5.84), confidence=0.75
[buoy_visualizer-5] [INFO] [1771741109.147588601] [buoy_visualizer]: Buoy 3: range=3.99m, bearing=1.5°, position=(3.99, 0.11), confidence=0.50
[buoy_visualizer-5] [INFO] [1771741109.149683116] [buoy_visualizer]: Buoy 4: range=0.33m, bearing=-162.7°, position=(-0.32, -0.10), confidence=1.00
[buoy_visualizer-5] [INFO] [1771741109.150578635] [buoy_visualizer]: Buoy 5: range=5.52m, bearing=20.5°, position=(5.17, 1.93), confidence=0.75
[buoy_visualizer-5] [INFO] [1771741109.151408837] [buoy_visualizer]: Buoy 6: range=6.98m, bearing=58.1°, position=(3.69, 5.92), confidence=1.00
[buoy_visualizer-5] [INFO] [1771741109.152551126] [buoy_visualizer]: Buoy 7: range=14.00m, bearing=-41.1°, position=(10.54, -9.21), confidence=0.38
[buoy_visualizer-5] [INFO] [1771741109.153362543] [buoy_visualizer]: Buoy 8: range=7.36m, bearing=12.7°, position=(7.17, 1.62), confidence=0.38
[buoy_visualizer-5] [INFO] [1771741109.154173576] [buoy_visualizer]: Buoy 9: range=11.23m, bearing=-40.9°, position=(8.49, -7.35), confidence=0.38
[buoy_visualizer-5] [INFO] [1771741109.155108585] [buoy_visualizer]: Buoy 10: range=9.60m, bearing=-41.1°, position=(7.23, -6.31), confidence=0.25
[buoy_visualizer-5] [INFO] [1771741109.155925283] [buoy_visualizer]: Buoy 11: range=9.82m, bearing=36.9°, position=(7.86, 5.89), confidence=0.38
[buoy_visualizer-5] [INFO] [1771741109.159297360] [buoy_visualizer]: Buoy 12: range=7.41m, bearing=-30.8°, position=(6.37, -3.79), confidence=0.25
[buoy_visualizer-5] [INFO] [1771741109.161471528] [buoy_visualizer]: Buoy 13: range=7.00m, bearing=25.3°, position=(6.33, 2.99), confidence=0.25
[buoy_visualizer-5] [INFO] [1771741109.164542656] [buoy_visualizer]: Published 14 buoy markers
[buoy_visualizer-5] [INFO] [1771741109.260942615] [buoy_visualizer]: Buoy 0: range=1.54m, bearing=6.8°, position=(1.53, 0.18), confidence=1.00
[buoy_visualizer-5] [INFO] [1771741109.261790034] [buoy_visualizer]: Buoy 1: range=3.48m, bearing=-112.4°, position=(-1.33, -3.22), confidence=1.00
[buoy_visualizer-5] [INFO] [1771741109.262527750] [buoy_visualizer]: Buoy 2: range=12.37m, bearing=-28.0°, position=(10.92, -5.81), confidence=0.88
[buoy_visualizer-5] [INFO] [1771741109.263239512] [buoy_visualizer]: Buoy 3: range=3.99m, bearing=1.5°, position=(3.99, 0.11), confidence=0.50
[buoy_visualizer-5] [INFO] [1771741109.263978156] [buoy_visualizer]: Buoy 4: range=0.33m, bearing=-162.9°, position=(-0.32, -0.10), confidence=1.00
[buoy_visualizer-5] [INFO] [1771741109.264694878] [buoy_visualizer]: Buoy 5: range=6.99m, bearing=57.9°, position=(3.71, 5.92), confidence=1.00
[buoy_visualizer-5] [INFO] [1771741109.265413937] [buoy_visualizer]: Buoy 6: range=14.00m, bearing=-41.1°, position=(10.54, -9.21), confidence=0.38
[buoy_visualizer-5] [INFO] [1771741109.266119011] [buoy_visualizer]: Buoy 7: range=11.23m, bearing=-40.9°, position=(8.49, -7.35), confidence=0.38
[buoy_visualizer-5] [INFO] [1771741109.266948541] [buoy_visualizer]: Buoy 8: range=9.60m, bearing=-41.1°, position=(7.23, -6.31), confidence=0.25
[buoy_visualizer-5] [INFO] [1771741109.267670384] [buoy_visualizer]: Buoy 9: range=9.82m, bearing=36.9°, position=(7.86, 5.89), confidence=0.38
[buoy_visualizer-5] [INFO] [1771741109.273870979] [buoy_visualizer]: Buoy 10: range=7.42m, bearing=-31.0°, position=(6.37, -3.82), confidence=0.50
[buoy_visualizer-5] [INFO] [1771741109.275022484] [buoy_visualizer]: Buoy 11: range=6.96m, bearing=25.5°, position=(6.29, 3.00), confidence=0.50
[buoy_visualizer-5] [INFO] [1771741109.282962306] [buoy_visualizer]: Published 12 buoy markers
[buoy_visualizer-5] [INFO] [1771741109.384378105] [buoy_visualizer]: Buoy 0: range=9.82m, bearing=36.9°, position=(7.86, 5.89), confidence=0.38
[buoy_visualizer-5] [INFO] [1771741109.385955080] [buoy_visualizer]: Buoy 1: range=6.98m, bearing=57.9°, position=(3.71, 5.91), confidence=1.00
[buoy_visualizer-5] [INFO] [1771741109.387337321] [buoy_visualizer]: Buoy 2: range=12.38m, bearing=-28.2°, position=(10.92, -5.84), confidence=0.75
[buoy_visualizer-5] [INFO] [1771741109.388764462] [buoy_visualizer]: Buoy 3: range=1.47m, bearing=9.7°, position=(1.45, 0.25), confidence=1.00
[buoy_visualizer-5] [INFO] [1771741109.390136142] [buoy_visualizer]: Buoy 4: range=3.45m, bearing=-112.3°, position=(-1.31, -3.20), confidence=0.88
[buoy_visualizer-5] [INFO] [1771741109.391525136] [buoy_visualizer]: Buoy 5: range=7.64m, bearing=12.4°, position=(7.46, 1.64), confidence=0.25
[buoy_visualizer-5] [INFO] [1771741109.399836120] [buoy_visualizer]: Buoy 6: range=7.42m, bearing=-31.0°, position=(6.37, -3.82), confidence=0.50
[buoy_visualizer-5] [INFO] [1771741109.401299678] [buoy_visualizer]: Buoy 7: range=6.96m, bearing=25.5°, position=(6.29, 3.00), confidence=0.50
[buoy_visualizer-5] [INFO] [1771741109.402436174] [buoy_visualizer]: Buoy 8: range=11.16m, bearing=-40.9°, position=(8.44, -7.30), confidence=0.25
[buoy_visualizer-5] [INFO] [1771741109.403448629] [buoy_visualizer]: Buoy 9: range=3.99m, bearing=1.9°, position=(3.99, 0.13), confidence=0.25
[buoy_visualizer-5] [INFO] [1771741109.407001903] [buoy_visualizer]: Buoy 10: range=0.32m, bearing=-162.4°, position=(-0.30, -0.10), confidence=1.00
[buoy_visualizer-5] [INFO] [1771741109.408173793] [buoy_visualizer]: Buoy 11: range=6.90m, bearing=-23.6°, position=(6.32, -2.76), confidence=0.25
[buoy_visualizer-5] [INFO] [1771741109.409978976] [buoy_visualizer]: Published 12 buoy markers
[buoy_visualizer-5] [INFO] [1771741109.504942098] [buoy_visualizer]: Buoy 0: range=9.78m, bearing=37.0°, position=(7.81, 5.88), confidence=0.62
[buoy_visualizer-5] [INFO] [1771741109.506200490] [buoy_visualizer]: Buoy 1: range=6.99m, bearing=57.5°, position=(3.75, 5.90), confidence=1.00
[buoy_visualizer-5] [INFO] [1771741109.507277558] [buoy_visualizer]: Buoy 2: range=12.29m, bearing=-27.1°, position=(10.94, -5.61), confidence=1.00
[buoy_visualizer-5] [INFO] [1771741109.508419974] [buoy_visualizer]: Buoy 3: range=1.40m, bearing=10.9°, position=(1.37, 0.27), confidence=1.00
[buoy_visualizer-5] [INFO] [1771741109.509353736] [buoy_visualizer]: Buoy 4: range=3.45m, bearing=-112.3°, position=(-1.31, -3.20), confidence=0.88
[buoy_visualizer-5] [INFO] [1771741109.510407026] [buoy_visualizer]: Buoy 5: range=7.64m, bearing=12.4°, position=(7.46, 1.64), confidence=0.25
[buoy_visualizer-5] [INFO] [1771741109.512334105] [buoy_visualizer]: Buoy 6: range=7.42m, bearing=-31.0°, position=(6.37, -3.82), confidence=0.50
[buoy_visualizer-5] [INFO] [1771741109.514417068] [buoy_visualizer]: Buoy 7: range=6.96m, bearing=25.5°, position=(6.29, 3.00), confidence=0.50
[buoy_visualizer-5] [INFO] [1771741109.516433914] [buoy_visualizer]: Buoy 8: range=11.16m, bearing=-40.9°, position=(8.44, -7.30), confidence=0.25
[buoy_visualizer-5] [INFO] [1771741109.518058572] [buoy_visualizer]: Buoy 9: range=13.76m, bearing=-39.3°, position=(10.65, -8.71), confidence=0.25
[buoy_visualizer-5] [INFO] [1771741109.519896429] [buoy_visualizer]: Buoy 10: range=3.99m, bearing=1.9°, position=(3.99, 0.13), confidence=0.25
[buoy_visualizer-5] [INFO] [1771741109.521016412] [buoy_visualizer]: Buoy 11: range=0.32m, bearing=-162.3°, position=(-0.31, -0.10), confidence=1.00
[buoy_visualizer-5] [INFO] [1771741109.521935868] [buoy_visualizer]: Buoy 12: range=6.88m, bearing=-24.2°, position=(6.27, -2.82), confidence=0.38
[buoy_visualizer-5] [INFO] [1771741109.522988550] [buoy_visualizer]: Buoy 13: range=8.01m, bearing=50.0°, position=(5.15, 6.13), confidence=0.25
[buoy_visualizer-5] [INFO] [1771741109.525339723] [buoy_visualizer]: Published 14 buoy markers
[buoy_visualizer-5] [INFO] [1771741109.616645436] [buoy_visualizer]: Buoy 0: range=12.33m, bearing=-27.4°, position=(10.95, -5.68), confidence=0.75
[buoy_visualizer-5] [INFO] [1771741109.617698758] [buoy_visualizer]: Buoy 1: range=1.34m, bearing=13.8°, position=(1.30, 0.32), confidence=1.00
[buoy_visualizer-5] [INFO] [1771741109.621529459] [buoy_visualizer]: Buoy 2: range=6.98m, bearing=25.5°, position=(6.30, 3.00), confidence=0.75
[buoy_visualizer-5] [INFO] [1771741109.624632781] [buoy_visualizer]: Buoy 3: range=11.16m, bearing=-40.9°, position=(8.44, -7.30), confidence=0.25
[buoy_visualizer-5] [INFO] [1771741109.625609042] [buoy_visualizer]: Buoy 4: range=13.76m, bearing=-39.3°, position=(10.65, -8.71), confidence=0.25
[buoy_visualizer-5] [INFO] [1771741109.632090745] [buoy_visualizer]: Buoy 5: range=9.77m, bearing=37.0°, position=(7.80, 5.88), confidence=0.50
[buoy_visualizer-5] [INFO] [1771741109.633442328] [buoy_visualizer]: Buoy 6: range=7.08m, bearing=56.5°, position=(3.91, 5.90), confidence=1.00
[buoy_visualizer-5] [INFO] [1771741109.639308437] [buoy_visualizer]: Buoy 7: range=3.99m, bearing=1.9°, position=(3.99, 0.13), confidence=0.25
[buoy_visualizer-5] [INFO] [1771741109.642120698] [buoy_visualizer]: Buoy 8: range=0.33m, bearing=-161.8°, position=(-0.31, -0.10), confidence=1.00
[buoy_visualizer-5] [INFO] [1771741109.644532708] [buoy_visualizer]: Buoy 9: range=8.07m, bearing=-42.6°, position=(5.94, -5.46), confidence=0.25
[buoy_visualizer-5] [INFO] [1771741109.646697084] [buoy_visualizer]: Buoy 10: range=3.44m, bearing=-112.4°, position=(-1.31, -3.18), confidence=0.62
[buoy_visualizer-5] [INFO] [1771741109.649167049] [buoy_visualizer]: Published 11 buoy markers
[buoy_visualizer-5] [INFO] [1771741109.746300595] [buoy_visualizer]: Buoy 0: range=9.77m, bearing=37.0°, position=(7.80, 5.88), confidence=0.50
[buoy_visualizer-5] [INFO] [1771741109.748574963] [buoy_visualizer]: Buoy 1: range=7.08m, bearing=56.5°, position=(3.91, 5.90), confidence=1.00
[buoy_visualizer-5] [INFO] [1771741109.750392915] [buoy_visualizer]: Buoy 2: range=3.99m, bearing=1.0°, position=(3.99, 0.07), confidence=0.38
[buoy_visualizer-5] [INFO] [1771741109.751514146] [buoy_visualizer]: Buoy 3: range=0.33m, bearing=-161.8°, position=(-0.31, -0.10), confidence=1.00
[buoy_visualizer-5] [INFO] [1771741109.755040250] [buoy_visualizer]: Buoy 4: range=1.34m, bearing=14.7°, position=(1.30, 0.34), confidence=1.00
[buoy_visualizer-5] [INFO] [1771741109.756417466] [buoy_visualizer]: Buoy 5: range=6.95m, bearing=14.7°, position=(6.72, 1.76), confidence=0.50
[buoy_visualizer-5] [INFO] [1771741109.757497478] [buoy_visualizer]: Buoy 6: range=6.97m, bearing=25.3°, position=(6.30, 2.97), confidence=0.75
[buoy_visualizer-5] [INFO] [1771741109.758481035] [buoy_visualizer]: Buoy 7: range=3.45m, bearing=-112.6°, position=(-1.32, -3.18), confidence=0.88
[buoy_visualizer-5] [INFO] [1771741109.759395724] [buoy_visualizer]: Buoy 8: range=12.25m, bearing=-26.5°, position=(10.96, -5.47), confidence=0.62
[buoy_visualizer-5] [INFO] [1771741109.760463575] [buoy_visualizer]: Buoy 9: range=13.65m, bearing=-39.2°, position=(10.59, -8.62), confidence=0.25
[buoy_visualizer-5] [INFO] [1771741109.762123531] [buoy_visualizer]: Published 10 buoy markers
[buoy_visualizer-5] [INFO] [1771741109.866723330] [buoy_visualizer]: Buoy 0: range=0.33m, bearing=-161.8°, position=(-0.32, -0.10), confidence=1.00
[buoy_visualizer-5] [INFO] [1771741109.867641347] [buoy_visualizer]: Buoy 1: range=6.79m, bearing=14.8°, position=(6.57, 1.74), confidence=0.50
[buoy_visualizer-5] [INFO] [1771741109.868506816] [buoy_visualizer]: Buoy 2: range=7.14m, bearing=55.6°, position=(4.03, 5.89), confidence=1.00
[buoy_visualizer-5] [INFO] [1771741109.869288950] [buoy_visualizer]: Buoy 3: range=7.15m, bearing=-31.2°, position=(6.11, -3.71), confidence=1.00
[buoy_visualizer-5] [INFO] [1771741109.870008841] [buoy_visualizer]: Buoy 4: range=1.30m, bearing=16.9°, position=(1.24, 0.38), confidence=1.00
[buoy_visualizer-5] [INFO] [1771741109.870756318] [buoy_visualizer]: Buoy 5: range=6.97m, bearing=25.3°, position=(6.30, 2.97), confidence=0.75
[buoy_visualizer-5] [INFO] [1771741109.871562966] [buoy_visualizer]: Buoy 6: range=3.45m, bearing=-112.7°, position=(-1.33, -3.18), confidence=1.00
[buoy_visualizer-5] [INFO] [1771741109.872472118] [buoy_visualizer]: Buoy 7: range=12.29m, bearing=-27.4°, position=(10.92, -5.65), confidence=0.75
[buoy_visualizer-5] [INFO] [1771741109.873317394] [buoy_visualizer]: Buoy 8: range=13.65m, bearing=-39.2°, position=(10.59, -8.62), confidence=0.25
[buoy_visualizer-5] [INFO] [1771741109.875093006] [buoy_visualizer]: Buoy 9: range=9.72m, bearing=37.1°, position=(7.75, 5.87), confidence=0.25
[buoy_visualizer-5] [INFO] [1771741109.878015036] [buoy_visualizer]: Buoy 10: range=11.33m, bearing=-41.4°, position=(8.50, -7.49), confidence=0.25
[buoy_visualizer-5] [INFO] [1771741109.880182868] [buoy_visualizer]: Published 11 buoy markers
[buoy_visualizer-5] [INFO] [1771741109.994939829] [buoy_visualizer]: Buoy 0: range=7.15m, bearing=-31.5°, position=(6.09, -3.73), confidence=1.00
[buoy_visualizer-5] [INFO] [1771741109.995837780] [buoy_visualizer]: Buoy 1: range=1.26m, bearing=19.1°, position=(1.19, 0.41), confidence=1.00
[buoy_visualizer-5] [INFO] [1771741109.996747412] [buoy_visualizer]: Buoy 2: range=3.45m, bearing=-113.0°, position=(-1.35, -3.18), confidence=0.88
[buoy_visualizer-5] [INFO] [1771741109.997579982] [buoy_visualizer]: Buoy 3: range=6.89m, bearing=14.5°, position=(6.67, 1.73), confidence=0.38
[buoy_visualizer-5] [INFO] [1771741109.998410985] [buoy_visualizer]: Buoy 4: range=7.19m, bearing=55.0°, position=(4.12, 5.89), confidence=1.00
[buoy_visualizer-5] [INFO] [1771741109.999216673] [buoy_visualizer]: Buoy 5: range=13.65m, bearing=-39.2°, position=(10.59, -8.62), confidence=0.25
[buoy_visualizer-5] [INFO] [1771741110.000039611] [buoy_visualizer]: Buoy 6: range=0.34m, bearing=-161.4°, position=(-0.32, -0.11), confidence=1.00
[buoy_visualizer-5] [INFO] [1771741110.000860853] [buoy_visualizer]: Buoy 7: range=9.72m, bearing=37.1°, position=(7.75, 5.87), confidence=0.25
[buoy_visualizer-5] [INFO] [1771741110.001666637] [buoy_visualizer]: Buoy 8: range=12.27m, bearing=-27.6°, position=(10.88, -5.68), confidence=0.88
[buoy_visualizer-5] [INFO] [1771741110.002497640] [buoy_visualizer]: Buoy 9: range=6.97m, bearing=24.7°, position=(6.33, 2.92), confidence=0.62
[buoy_visualizer-5] [INFO] [1771741110.003304800] [buoy_visualizer]: Buoy 10: range=11.33m, bearing=-41.4°, position=(8.50, -7.49), confidence=0.25
[buoy_visualizer-5] [INFO] [1771741110.005354128] [buoy_visualizer]: Published 11 buoy markers
[buoy_visualizer-5] [INFO] [1771741110.103820503] [buoy_visualizer]: Buoy 0: range=7.12m, bearing=55.5°, position=(4.03, 5.87), confidence=1.00
[buoy_visualizer-5] [INFO] [1771741110.105059182] [buoy_visualizer]: Buoy 1: range=13.72m, bearing=-39.7°, position=(10.56, -8.76), confidence=0.38
[buoy_visualizer-5] [INFO] [1771741110.105969838] [buoy_visualizer]: Buoy 2: range=1.27m, bearing=21.3°, position=(1.18, 0.46), confidence=1.00
[buoy_visualizer-5] [INFO] [1771741110.106847627] [buoy_visualizer]: Buoy 3: range=0.33m, bearing=-161.4°, position=(-0.31, -0.10), confidence=1.00
[buoy_visualizer-5] [INFO] [1771741110.107671141] [buoy_visualizer]: Buoy 4: range=9.68m, bearing=36.4°, position=(7.79, 5.75), confidence=0.50
[buoy_visualizer-5] [INFO] [1771741110.108467197] [buoy_visualizer]: Buoy 5: range=12.22m, bearing=-27.1°, position=(10.88, -5.57), confidence=1.00
[buoy_visualizer-5] [INFO] [1771741110.109230579] [buoy_visualizer]: Buoy 6: range=6.97m, bearing=24.7°, position=(6.33, 2.92), confidence=0.62
[buoy_visualizer-5] [INFO] [1771741110.109991272] [buoy_visualizer]: Buoy 7: range=3.97m, bearing=0.3°, position=(3.97, 0.02), confidence=0.25
[buoy_visualizer-5] [INFO] [1771741110.111078773] [buoy_visualizer]: Buoy 8: range=3.46m, bearing=-113.1°, position=(-1.36, -3.19), confidence=0.62
[buoy_visualizer-5] [INFO] [1771741110.112012726] [buoy_visualizer]: Buoy 9: range=11.46m, bearing=-40.9°, position=(8.66, -7.51), confidence=0.38
[buoy_visualizer-5] [INFO] [1771741110.113448571] [buoy_visualizer]: Published 10 buoy markers
[buoy_visualizer-5] [INFO] [1771741110.212518668] [buoy_visualizer]: Buoy 0: range=1.25m, bearing=22.1°, position=(1.16, 0.47), confidence=1.00
[buoy_visualizer-5] [INFO] [1771741110.213891564] [buoy_visualizer]: Buoy 1: range=0.32m, bearing=-161.6°, position=(-0.31, -0.10), confidence=1.00
[buoy_visualizer-5] [INFO] [1771741110.215320785] [buoy_visualizer]: Buoy 2: range=7.11m, bearing=13.4°, position=(6.92, 1.65), confidence=0.38
[buoy_visualizer-5] [INFO] [1771741110.216931426] [buoy_visualizer]: Buoy 3: range=7.06m, bearing=55.6°, position=(3.99, 5.82), confidence=1.00
[buoy_visualizer-5] [INFO] [1771741110.218662171] [buoy_visualizer]: Buoy 4: range=7.30m, bearing=-32.4°, position=(6.16, -3.92), confidence=0.75
[buoy_visualizer-5] [INFO] [1771741110.220181062] [buoy_visualizer]: Buoy 5: range=6.97m, bearing=24.7°, position=(6.33, 2.92), confidence=0.62
[buoy_visualizer-5] [INFO] [1771741110.221449503] [buoy_visualizer]: Buoy 6: range=12.27m, bearing=-27.9°, position=(10.84, -5.75), confidence=0.88
[buoy_visualizer-5] [INFO] [1771741110.222531307] [buoy_visualizer]: Buoy 7: range=13.72m, bearing=-40.1°, position=(10.50, -8.83), confidence=0.25
[buoy_visualizer-5] [INFO] [1771741110.225621604] [buoy_visualizer]: Buoy 8: range=3.97m, bearing=0.3°, position=(3.97, 0.02), confidence=0.25
[buoy_visualizer-5] [INFO] [1771741110.228336899] [buoy_visualizer]: Buoy 9: range=3.46m, bearing=-113.1°, position=(-1.36, -3.19), confidence=0.62
[buoy_visualizer-5] [INFO] [1771741110.229652992] [buoy_visualizer]: Buoy 10: range=11.42m, bearing=-41.2°, position=(8.59, -7.52), confidence=0.50
[buoy_visualizer-5] [INFO] [1771741110.233979119] [buoy_visualizer]: Buoy 11: range=5.93m, bearing=16.7°, position=(5.68, 1.70), confidence=0.38
[buoy_visualizer-5] [INFO] [1771741110.235487577] [buoy_visualizer]: Buoy 12: range=9.71m, bearing=35.4°, position=(7.92, 5.62), confidence=0.38
[buoy_visualizer-5] [INFO] [1771741110.237726263] [buoy_visualizer]: Published 13 buoy markers
[buoy_visualizer-5] [INFO] [1771741110.326143003] [buoy_visualizer]: Buoy 0: range=6.96m, bearing=24.2°, position=(6.35, 2.85), confidence=0.38
[buoy_visualizer-5] [INFO] [1771741110.328426747] [buoy_visualizer]: Buoy 1: range=1.26m, bearing=24.1°, position=(1.15, 0.51), confidence=1.00
[buoy_visualizer-5] [INFO] [1771741110.330044365] [buoy_visualizer]: Buoy 2: range=13.72m, bearing=-40.1°, position=(10.50, -8.83), confidence=0.25
[buoy_visualizer-5] [INFO] [1771741110.331131897] [buoy_visualizer]: Buoy 3: range=3.97m, bearing=0.3°, position=(3.97, 0.02), confidence=0.25
[buoy_visualizer-5] [INFO] [1771741110.333361526] [buoy_visualizer]: Buoy 4: range=12.78m, bearing=-36.3°, position=(10.30, -7.57), confidence=0.25
[buoy_visualizer-5] [INFO] [1771741110.337368431] [buoy_visualizer]: Buoy 5: range=0.31m, bearing=-162.2°, position=(-0.29, -0.09), confidence=1.00
[buoy_visualizer-5] [INFO] [1771741110.341682655] [buoy_visualizer]: Buoy 6: range=3.48m, bearing=-113.3°, position=(-1.38, -3.19), confidence=1.00
[buoy_visualizer-5] [INFO] [1771741110.344711187] [buoy_visualizer]: Buoy 7: range=7.03m, bearing=55.8°, position=(3.95, 5.82), confidence=1.00
[buoy_visualizer-5] [INFO] [1771741110.348878680] [buoy_visualizer]: Buoy 8: range=11.42m, bearing=-41.2°, position=(8.59, -7.52), confidence=0.50
[buoy_visualizer-5] [INFO] [1771741110.355670485] [buoy_visualizer]: Buoy 9: range=12.23m, bearing=-27.8°, position=(10.83, -5.70), confidence=1.00
[buoy_visualizer-5] [INFO] [1771741110.360765019] [buoy_visualizer]: Buoy 10: range=7.41m, bearing=-33.5°, position=(6.18, -4.09), confidence=0.50
[buoy_visualizer-5] [INFO] [1771741110.361960015] [buoy_visualizer]: Buoy 11: range=5.93m, bearing=16.7°, position=(5.68, 1.70), confidence=0.38
[buoy_visualizer-5] [INFO] [1771741110.362769992] [buoy_visualizer]: Buoy 12: range=9.71m, bearing=35.4°, position=(7.92, 5.62), confidence=0.38
[buoy_visualizer-5] [INFO] [1771741110.364335062] [buoy_visualizer]: Published 13 buoy markers
[buoy_visualizer-5] [INFO] [1771741110.446641741] [buoy_visualizer]: Buoy 0: range=1.24m, bearing=25.3°, position=(1.13, 0.53), confidence=1.00
[buoy_visualizer-5] [INFO] [1771741110.447513770] [buoy_visualizer]: Buoy 1: range=7.04m, bearing=55.3°, position=(4.01, 5.79), confidence=1.00
[buoy_visualizer-5] [INFO] [1771741110.449171199] [buoy_visualizer]: Buoy 2: range=11.40m, bearing=-41.7°, position=(8.51, -7.57), confidence=0.62
[buoy_visualizer-5] [INFO] [1771741110.452396865] [buoy_visualizer]: Buoy 3: range=12.23m, bearing=-27.8°, position=(10.83, -5.70), confidence=1.00
[buoy_visualizer-5] [INFO] [1771741110.453880810] [buoy_visualizer]: Buoy 4: range=3.47m, bearing=-113.4°, position=(-1.38, -3.19), confidence=0.88
[buoy_visualizer-5] [INFO] [1771741110.455330255] [buoy_visualizer]: Buoy 5: range=7.41m, bearing=-33.5°, position=(6.18, -4.09), confidence=0.50
[buoy_visualizer-5] [INFO] [1771741110.456237647] [buoy_visualizer]: Buoy 6: range=6.95m, bearing=23.7°, position=(6.36, 2.79), confidence=0.38
[buoy_visualizer-5] [INFO] [1771741110.456997669] [buoy_visualizer]: Buoy 7: range=13.75m, bearing=-40.6°, position=(10.44, -8.95), confidence=0.25
[buoy_visualizer-5] [INFO] [1771741110.457716023] [buoy_visualizer]: Buoy 8: range=9.68m, bearing=34.7°, position=(7.96, 5.51), confidence=0.50
[buoy_visualizer-5] [INFO] [1771741110.460999102] [buoy_visualizer]: Buoy 9: range=0.30m, bearing=-162.4°, position=(-0.29, -0.09), confidence=1.00
[buoy_visualizer-5] [INFO] [1771741110.462827710] [buoy_visualizer]: Published 10 buoy markers
[buoy_visualizer-5] [INFO] [1771741110.574053157] [buoy_visualizer]: Buoy 0: range=12.19m, bearing=-27.4°, position=(10.82, -5.62), confidence=1.00
[buoy_visualizer-5] [INFO] [1771741110.574999463] [buoy_visualizer]: Buoy 1: range=7.04m, bearing=55.4°, position=(4.00, 5.80), confidence=1.00
[buoy_visualizer-5] [INFO] [1771741110.575812256] [buoy_visualizer]: Buoy 2: range=7.44m, bearing=-32.5°, position=(6.27, -3.99), confidence=0.62
[buoy_visualizer-5] [INFO] [1771741110.576667324] [buoy_visualizer]: Buoy 3: range=6.95m, bearing=23.7°, position=(6.36, 2.79), confidence=0.38
[buoy_visualizer-5] [INFO] [1771741110.578007675] [buoy_visualizer]: Buoy 4: range=13.75m, bearing=-40.6°, position=(10.44, -8.95), confidence=0.25
[buoy_visualizer-5] [INFO] [1771741110.579010497] [buoy_visualizer]: Buoy 5: range=11.44m, bearing=-41.8°, position=(8.52, -7.63), confidence=0.38
[buoy_visualizer-5] [INFO] [1771741110.580007303] [buoy_visualizer]: Buoy 6: range=6.03m, bearing=16.1°, position=(5.79, 1.67), confidence=0.50
[buoy_visualizer-5] [INFO] [1771741110.581349349] [buoy_visualizer]: Buoy 7: range=9.68m, bearing=34.7°, position=(7.96, 5.51), confidence=0.50
[buoy_visualizer-5] [INFO] [1771741110.582289543] [buoy_visualizer]: Buoy 8: range=3.51m, bearing=-113.8°, position=(-1.42, -3.21), confidence=0.75
[buoy_visualizer-5] [INFO] [1771741110.584569608] [buoy_visualizer]: Published 9 buoy markers
[buoy_visualizer-5] [INFO] [1771741110.713569871] [buoy_visualizer]: Buoy 0: range=13.86m, bearing=-42.1°, position=(10.29, -9.29), confidence=0.50
[buoy_visualizer-5] [INFO] [1771741110.714519378] [buoy_visualizer]: Buoy 1: range=11.44m, bearing=-41.8°, position=(8.52, -7.63), confidence=0.38
[buoy_visualizer-5] [INFO] [1771741110.719362726] [buoy_visualizer]: Buoy 2: range=5.98m, bearing=16.0°, position=(5.75, 1.65), confidence=0.62
[buoy_visualizer-5] [INFO] [1771741110.722739059] [buoy_visualizer]: Buoy 3: range=9.71m, bearing=34.6°, position=(8.00, 5.51), confidence=1.00
[buoy_visualizer-5] [INFO] [1771741110.726551871] [buoy_visualizer]: Buoy 4: range=7.01m, bearing=55.4°, position=(3.99, 5.77), confidence=1.00
[buoy_visualizer-5] [INFO] [1771741110.735058037] [buoy_visualizer]: Buoy 5: range=12.17m, bearing=-27.3°, position=(10.82, -5.59), confidence=1.00
[buoy_visualizer-5] [INFO] [1771741110.746405298] [buoy_visualizer]: Buoy 6: range=3.51m, bearing=-113.8°, position=(-1.42, -3.21), confidence=0.75
[buoy_visualizer-5] [INFO] [1771741110.749852068] [buoy_visualizer]: Buoy 7: range=7.43m, bearing=-33.7°, position=(6.19, -4.12), confidence=0.62
[buoy_visualizer-5] [INFO] [1771741110.759864228] [buoy_visualizer]: Buoy 8: range=6.94m, bearing=22.9°, position=(6.39, 2.70), confidence=0.50
[buoy_visualizer-5] [INFO] [1771741110.762643879] [buoy_visualizer]: Published 9 buoy markers
[buoy_visualizer-5] [INFO] [1771741110.817760583] [buoy_visualizer]: Buoy 0: range=3.54m, bearing=-114.3°, position=(-1.45, -3.22), confidence=1.00
[buoy_visualizer-5] [INFO] [1771741110.819239151] [buoy_visualizer]: Buoy 1: range=12.20m, bearing=-28.2°, position=(10.75, -5.76), confidence=1.00
[buoy_visualizer-5] [INFO] [1771741110.820554476] [buoy_visualizer]: Buoy 2: range=9.47m, bearing=-11.4°, position=(9.28, -1.87), confidence=1.00
[buoy_visualizer-5] [INFO] [1771741110.828260201] [buoy_visualizer]: Buoy 3: range=8.28m, bearing=-10.5°, position=(8.14, -1.50), confidence=0.75
[buoy_visualizer-5] [INFO] [1771741110.831776608] [buoy_visualizer]: Buoy 4: range=9.78m, bearing=6.7°, position=(9.71, 1.14), confidence=0.88
[buoy_visualizer-5] [INFO] [1771741110.833201316] [buoy_visualizer]: Buoy 5: range=8.09m, bearing=8.0°, position=(8.01, 1.13), confidence=0.50
[buoy_visualizer-5] [INFO] [1771741110.834345653] [buoy_visualizer]: Buoy 6: range=7.01m, bearing=54.3°, position=(4.09, 5.69), confidence=1.00
[buoy_visualizer-5] [INFO] [1771741110.835442754] [buoy_visualizer]: Buoy 7: range=7.39m, bearing=-33.2°, position=(6.18, -4.05), confidence=0.88
[buoy_visualizer-5] [INFO] [1771741110.836583378] [buoy_visualizer]: Buoy 8: range=6.94m, bearing=22.9°, position=(6.39, 2.70), confidence=0.50
[buoy_visualizer-5] [INFO] [1771741110.837714497] [buoy_visualizer]: Buoy 9: range=13.87m, bearing=-42.5°, position=(10.23, -9.37), confidence=0.38
[buoy_visualizer-5] [INFO] [1771741110.838543100] [buoy_visualizer]: Buoy 10: range=8.56m, bearing=-23.7°, position=(7.84, -3.44), confidence=0.38
[buoy_visualizer-5] [INFO] [1771741110.839315570] [buoy_visualizer]: Buoy 11: range=9.85m, bearing=-24.2°, position=(8.99, -4.04), confidence=0.50
[buoy_visualizer-5] [INFO] [1771741110.840153389] [buoy_visualizer]: Buoy 12: range=6.23m, bearing=14.0°, position=(6.04, 1.50), confidence=0.38
[buoy_visualizer-5] [INFO] [1771741110.840937860] [buoy_visualizer]: Buoy 13: range=9.72m, bearing=34.1°, position=(8.05, 5.44), confidence=0.62
[buoy_visualizer-5] [INFO] [1771741110.842614682] [buoy_visualizer]: Published 14 buoy markers
[buoy_visualizer-5] [INFO] [1771741110.947126889] [buoy_visualizer]: Buoy 0: range=6.92m, bearing=22.1°, position=(6.41, 2.61), confidence=1.00
[buoy_visualizer-5] [INFO] [1771741110.948337918] [buoy_visualizer]: Buoy 1: range=3.54m, bearing=-114.8°, position=(-1.49, -3.22), confidence=0.75
[buoy_visualizer-5] [INFO] [1771741110.949601910] [buoy_visualizer]: Buoy 2: range=8.23m, bearing=-43.9°, position=(5.93, -5.71), confidence=0.50
[buoy_visualizer-5] [INFO] [1771741110.950825068] [buoy_visualizer]: Buoy 3: range=13.87m, bearing=-42.5°, position=(10.23, -9.37), confidence=0.38
[buoy_visualizer-5] [INFO] [1771741110.952152778] [buoy_visualizer]: Buoy 4: range=8.55m, bearing=-23.2°, position=(7.86, -3.37), confidence=0.50
[buoy_visualizer-5] [INFO] [1771741110.955900785] [buoy_visualizer]: Buoy 5: range=9.82m, bearing=-23.6°, position=(9.00, -3.94), confidence=0.62
[buoy_visualizer-5] [INFO] [1771741110.957363224] [buoy_visualizer]: Buoy 6: range=9.72m, bearing=34.1°, position=(8.05, 5.44), confidence=0.62
[buoy_visualizer-5] [INFO] [1771741110.960294470] [buoy_visualizer]: Buoy 7: range=7.02m, bearing=54.1°, position=(4.12, 5.68), confidence=1.00
[buoy_visualizer-5] [INFO] [1771741110.961770285] [buoy_visualizer]: Buoy 8: range=8.51m, bearing=6.1°, position=(8.46, 0.90), confidence=0.38
[buoy_visualizer-5] [INFO] [1771741110.962844185] [buoy_visualizer]: Buoy 9: range=12.22m, bearing=-28.7°, position=(10.72, -5.87), confidence=0.88
[buoy_visualizer-5] [INFO] [1771741110.963842591] [buoy_visualizer]: Buoy 10: range=7.38m, bearing=-32.7°, position=(6.21, -3.99), confidence=0.62
[buoy_visualizer-5] [INFO] [1771741110.964871975] [buoy_visualizer]: Buoy 11: range=8.28m, bearing=-10.7°, position=(8.13, -1.53), confidence=0.62
[buoy_visualizer-5] [INFO] [1771741110.965862253] [buoy_visualizer]: Buoy 12: range=4.06m, bearing=-2.7°, position=(4.05, -0.19), confidence=0.38
[buoy_visualizer-5] [INFO] [1771741110.966918423] [buoy_visualizer]: Buoy 13: range=8.46m, bearing=16.2°, position=(8.12, 2.36), confidence=0.25
[buoy_visualizer-5] [INFO] [1771741110.969066510] [buoy_visualizer]: Published 14 buoy markers
[buoy_visualizer-5] [INFO] [1771741111.085762164] [buoy_visualizer]: Buoy 0: range=8.51m, bearing=6.1°, position=(8.46, 0.90), confidence=0.38
[buoy_visualizer-5] [INFO] [1771741111.086696981] [buoy_visualizer]: Buoy 1: range=3.55m, bearing=-115.5°, position=(-1.53, -3.21), confidence=0.88
[buoy_visualizer-5] [INFO] [1771741111.087519599] [buoy_visualizer]: Buoy 2: range=7.55m, bearing=-48.7°, position=(4.98, -5.67), confidence=0.25
[buoy_visualizer-5] [INFO] [1771741111.089961115] [buoy_visualizer]: Buoy 3: range=12.20m, bearing=-28.5°, position=(10.72, -5.83), confidence=1.00
[buoy_visualizer-5] [INFO] [1771741111.090924414] [buoy_visualizer]: Buoy 4: range=8.29m, bearing=-9.6°, position=(8.17, -1.38), confidence=0.88
[buoy_visualizer-5] [INFO] [1771741111.091729399] [buoy_visualizer]: Buoy 5: range=6.97m, bearing=54.8°, position=(4.02, 5.70), confidence=1.00
[buoy_visualizer-5] [INFO] [1771741111.092547824] [buoy_visualizer]: Buoy 6: range=6.91m, bearing=21.7°, position=(6.42, 2.55), confidence=0.88
[buoy_visualizer-5] [INFO] [1771741111.093326215] [buoy_visualizer]: Buoy 7: range=8.57m, bearing=-23.4°, position=(7.87, -3.40), confidence=0.38
[buoy_visualizer-5] [INFO] [1771741111.094085084] [buoy_visualizer]: Buoy 8: range=9.82m, bearing=-24.5°, position=(8.94, -4.08), confidence=0.62
[buoy_visualizer-5] [INFO] [1771741111.100578020] [buoy_visualizer]: Buoy 9: range=9.74m, bearing=34.5°, position=(8.03, 5.51), confidence=0.62
[buoy_visualizer-5] [INFO] [1771741111.101966182] [buoy_visualizer]: Buoy 10: range=4.06m, bearing=-2.7°, position=(4.05, -0.19), confidence=0.38
[buoy_visualizer-5] [INFO] [1771741111.103035633] [buoy_visualizer]: Buoy 11: range=8.46m, bearing=16.2°, position=(8.12, 2.36), confidence=0.25
[buoy_visualizer-5] [INFO] [1771741111.105739471] [buoy_visualizer]: Published 12 buoy markers
[buoy_visualizer-5] [INFO] [1771741111.213094116] [buoy_visualizer]: Buoy 0: range=6.91m, bearing=21.7°, position=(6.42, 2.55), confidence=0.88
[buoy_visualizer-5] [INFO] [1771741111.214720950] [buoy_visualizer]: Buoy 1: range=9.74m, bearing=34.5°, position=(8.03, 5.51), confidence=0.62
[buoy_visualizer-5] [INFO] [1771741111.216281828] [buoy_visualizer]: Buoy 2: range=6.95m, bearing=55.0°, position=(3.99, 5.70), confidence=1.00
[buoy_visualizer-5] [INFO] [1771741111.221424877] [buoy_visualizer]: Buoy 3: range=3.55m, bearing=-116.1°, position=(-1.56, -3.19), confidence=0.62
[buoy_visualizer-5] [INFO] [1771741111.222636322] [buoy_visualizer]: Buoy 4: range=12.25m, bearing=-29.7°, position=(10.65, -6.06), confidence=0.75
[buoy_visualizer-5] [INFO] [1771741111.223763729] [buoy_visualizer]: Buoy 5: range=4.06m, bearing=-2.7°, position=(4.05, -0.19), confidence=0.38
[buoy_visualizer-5] [INFO] [1771741111.227421266] [buoy_visualizer]: Buoy 6: range=8.46m, bearing=16.2°, position=(8.12, 2.36), confidence=0.25
[buoy_visualizer-5] [INFO] [1771741111.233171014] [buoy_visualizer]: Published 7 buoy markers
[buoy_visualizer-5] [INFO] [1771741111.354813991] [buoy_visualizer]: Buoy 0: range=3.53m, bearing=-116.0°, position=(-1.55, -3.17), confidence=0.75
[buoy_visualizer-5] [INFO] [1771741111.355930325] [buoy_visualizer]: Buoy 1: range=6.96m, bearing=54.7°, position=(4.02, 5.68), confidence=1.00
[buoy_visualizer-5] [INFO] [1771741111.356989823] [buoy_visualizer]: Buoy 2: range=12.25m, bearing=-29.7°, position=(10.65, -6.06), confidence=0.75
[buoy_visualizer-5] [INFO] [1771741111.357964548] [buoy_visualizer]: Buoy 3: range=6.92m, bearing=21.7°, position=(6.43, 2.56), confidence=0.88
[buoy_visualizer-5] [INFO] [1771741111.358880164] [buoy_visualizer]: Buoy 4: range=4.03m, bearing=-3.0°, position=(4.03, -0.21), confidence=0.62
[buoy_visualizer-5] [INFO] [1771741111.361036284] [buoy_visualizer]: Buoy 5: range=8.46m, bearing=15.9°, position=(8.14, 2.31), confidence=0.38
[buoy_visualizer-5] [INFO] [1771741111.364319650] [buoy_visualizer]: Buoy 6: range=9.53m, bearing=34.1°, position=(7.89, 5.35), confidence=0.38
[buoy_visualizer-5] [INFO] [1771741111.365493429] [buoy_visualizer]: Buoy 7: range=11.31m, bearing=-43.7°, position=(8.18, -7.82), confidence=0.25
[buoy_visualizer-5] [INFO] [1771741111.366930682] [buoy_visualizer]: Published 8 buoy markers
[buoy_visualizer-5] [INFO] [1771741111.481271289] [buoy_visualizer]: Buoy 0: range=6.91m, bearing=21.6°, position=(6.43, 2.54), confidence=1.00
[buoy_visualizer-5] [INFO] [1771741111.482220316] [buoy_visualizer]: Buoy 1: range=3.49m, bearing=-116.1°, position=(-1.54, -3.13), confidence=0.50
[buoy_visualizer-5] [INFO] [1771741111.483069048] [buoy_visualizer]: Buoy 2: range=12.39m, bearing=-32.4°, position=(10.46, -6.65), confidence=0.88
[buoy_visualizer-5] [INFO] [1771741111.483942805] [buoy_visualizer]: Buoy 3: range=6.43m, bearing=-44.9°, position=(4.55, -4.54), confidence=0.25
[buoy_visualizer-5] [INFO] [1771741111.485047394] [buoy_visualizer]: Buoy 4: range=4.03m, bearing=-3.0°, position=(4.03, -0.21), confidence=0.62
[buoy_visualizer-5] [INFO] [1771741111.486152240] [buoy_visualizer]: Buoy 5: range=8.46m, bearing=15.9°, position=(8.14, 2.31), confidence=0.38
[buoy_visualizer-5] [INFO] [1771741111.487168695] [buoy_visualizer]: Buoy 6: range=9.53m, bearing=34.1°, position=(7.89, 5.35), confidence=0.38
[buoy_visualizer-5] [INFO] [1771741111.492714909] [buoy_visualizer]: Buoy 7: range=6.97m, bearing=54.7°, position=(4.03, 5.69), confidence=1.00
[buoy_visualizer-5] [INFO] [1771741111.494051067] [buoy_visualizer]: Buoy 8: range=6.51m, bearing=-29.7°, position=(5.65, -3.22), confidence=0.25
[buoy_visualizer-5] [INFO] [1771741111.495106533] [buoy_visualizer]: Buoy 9: range=11.31m, bearing=-43.7°, position=(8.18, -7.82), confidence=0.25
[buoy_visualizer-5] [INFO] [1771741111.495986467] [buoy_visualizer]: Buoy 10: range=7.46m, bearing=-34.9°, position=(6.12, -4.26), confidence=0.25
[buoy_visualizer-5] [INFO] [1771741111.497516366] [buoy_visualizer]: Published 11 buoy markers
[buoy_visualizer-5] [INFO] [1771741111.611681282] [buoy_visualizer]: Buoy 0: range=9.55m, bearing=34.2°, position=(7.90, 5.36), confidence=0.50
[buoy_visualizer-5] [INFO] [1771741111.612672007] [buoy_visualizer]: Buoy 1: range=6.95m, bearing=55.1°, position=(3.98, 5.70), confidence=1.00
[buoy_visualizer-5] [INFO] [1771741111.613545381] [buoy_visualizer]: Buoy 2: range=3.50m, bearing=-116.3°, position=(-1.55, -3.14), confidence=0.38
[buoy_visualizer-5] [INFO] [1771741111.614368542] [buoy_visualizer]: Buoy 3: range=12.40m, bearing=-32.4°, position=(10.46, -6.65), confidence=0.88
[buoy_visualizer-5] [INFO] [1771741111.615204057] [buoy_visualizer]: Buoy 4: range=9.85m, bearing=-25.7°, position=(8.87, -4.28), confidence=0.50
[buoy_visualizer-5] [INFO] [1771741111.616036147] [buoy_visualizer]: Buoy 5: range=11.31m, bearing=-43.7°, position=(8.18, -7.82), confidence=0.25
[buoy_visualizer-5] [INFO] [1771741111.616852621] [buoy_visualizer]: Buoy 6: range=6.92m, bearing=21.7°, position=(6.43, 2.55), confidence=0.88
[buoy_visualizer-5] [INFO] [1771741111.617762317] [buoy_visualizer]: Buoy 7: range=4.00m, bearing=-3.4°, position=(3.99, -0.24), confidence=0.25
[buoy_visualizer-5] [INFO] [1771741111.618659212] [buoy_visualizer]: Buoy 8: range=7.39m, bearing=-36.3°, position=(5.95, -4.38), confidence=0.38
[buoy_visualizer-5] [INFO] [1771741111.620978959] [buoy_visualizer]: Published 9 buoy markers
[buoy_visualizer-5] [INFO] [1771741111.723494128] [buoy_visualizer]: Buoy 0: range=12.36m, bearing=-32.1°, position=(10.48, -6.56), confidence=1.00
[buoy_visualizer-5] [INFO] [1771741111.724473812] [buoy_visualizer]: Buoy 1: range=6.92m, bearing=21.7°, position=(6.43, 2.55), confidence=0.88
[buoy_visualizer-5] [INFO] [1771741111.725306607] [buoy_visualizer]: Buoy 2: range=3.48m, bearing=-115.5°, position=(-1.50, -3.15), confidence=0.38
[buoy_visualizer-5] [INFO] [1771741111.726379866] [buoy_visualizer]: Buoy 3: range=7.32m, bearing=-26.2°, position=(6.57, -3.24), confidence=0.25
[buoy_visualizer-5] [INFO] [1771741111.727439077] [buoy_visualizer]: Buoy 4: range=9.86m, bearing=-25.9°, position=(8.87, -4.31), confidence=0.62
[buoy_visualizer-5] [INFO] [1771741111.728560756] [buoy_visualizer]: Buoy 5: range=9.50m, bearing=34.0°, position=(7.88, 5.31), confidence=0.38
[buoy_visualizer-5] [INFO] [1771741111.729468211] [buoy_visualizer]: Buoy 6: range=6.97m, bearing=54.5°, position=(4.05, 5.68), confidence=1.00
[buoy_visualizer-5] [INFO] [1771741111.730284653] [buoy_visualizer]: Buoy 7: range=4.00m, bearing=-3.4°, position=(3.99, -0.24), confidence=0.25
[buoy_visualizer-5] [INFO] [1771741111.731763989] [buoy_visualizer]: Buoy 8: range=7.39m, bearing=-36.3°, position=(5.95, -4.38), confidence=0.38
[buoy_visualizer-5] [INFO] [1771741111.733435338] [buoy_visualizer]: Published 9 buoy markers
[buoy_visualizer-5] [INFO] [1771741111.866060526] [buoy_visualizer]: Buoy 0: range=6.92m, bearing=21.8°, position=(6.42, 2.57), confidence=1.00
[buoy_visualizer-5] [INFO] [1771741111.866984591] [buoy_visualizer]: Buoy 1: range=3.48m, bearing=-115.5°, position=(-1.50, -3.15), confidence=0.38
[buoy_visualizer-5] [INFO] [1771741111.868582495] [buoy_visualizer]: Buoy 2: range=7.32m, bearing=-26.2°, position=(6.57, -3.24), confidence=0.25
[buoy_visualizer-5] [INFO] [1771741111.871449576] [buoy_visualizer]: Buoy 3: range=9.57m, bearing=34.4°, position=(7.90, 5.40), confidence=0.50
[buoy_visualizer-5] [INFO] [1771741111.873086107] [buoy_visualizer]: Buoy 4: range=6.98m, bearing=54.8°, position=(4.02, 5.70), confidence=1.00
[buoy_visualizer-5] [INFO] [1771741111.873935543] [buoy_visualizer]: Buoy 5: range=3.99m, bearing=-2.2°, position=(3.99, -0.15), confidence=0.62
[buoy_visualizer-5] [INFO] [1771741111.875329945] [buoy_visualizer]: Buoy 6: range=12.18m, bearing=-30.2°, position=(10.53, -6.12), confidence=0.75
[buoy_visualizer-5] [INFO] [1771741111.878530106] [buoy_visualizer]: Buoy 7: range=12.90m, bearing=-36.4°, position=(10.39, -7.65), confidence=0.25
[buoy_visualizer-5] [INFO] [1771741111.881671894] [buoy_visualizer]: Published 8 buoy markers
[buoy_visualizer-5] [INFO] [1771741111.999800224] [buoy_visualizer]: Buoy 0: range=12.20m, bearing=-30.4°, position=(10.53, -6.17), confidence=0.88
[buoy_visualizer-5] [INFO] [1771741112.000788902] [buoy_visualizer]: Buoy 1: range=1.47m, bearing=33.1°, position=(1.23, 0.80), confidence=1.00
[buoy_visualizer-5] [INFO] [1771741112.001609023] [buoy_visualizer]: Buoy 2: range=7.00m, bearing=55.1°, position=(4.00, 5.74), confidence=1.00
[buoy_visualizer-5] [INFO] [1771741112.002416248] [buoy_visualizer]: Buoy 3: range=12.94m, bearing=-36.8°, position=(10.36, -7.75), confidence=0.38
[buoy_visualizer-5] [INFO] [1771741112.003269556] [buoy_visualizer]: Buoy 4: range=7.22m, bearing=-37.9°, position=(5.70, -4.43), confidence=0.75
[buoy_visualizer-5] [INFO] [1771741112.004291932] [buoy_visualizer]: Buoy 5: range=0.31m, bearing=-162.4°, position=(-0.30, -0.10), confidence=1.00
[buoy_visualizer-5] [INFO] [1771741112.005458574] [buoy_visualizer]: Buoy 6: range=6.91m, bearing=21.7°, position=(6.42, 2.56), confidence=0.75
[buoy_visualizer-5] [INFO] [1771741112.008073797] [buoy_visualizer]: Buoy 7: range=9.70m, bearing=34.7°, position=(7.97, 5.53), confidence=0.62
[buoy_visualizer-5] [INFO] [1771741112.009072555] [buoy_visualizer]: Buoy 8: range=3.51m, bearing=-115.5°, position=(-1.51, -3.17), confidence=0.25
[buoy_visualizer-5] [INFO] [1771741112.009893669] [buoy_visualizer]: Buoy 9: range=7.95m, bearing=-46.4°, position=(5.48, -5.75), confidence=0.38
[buoy_visualizer-5] [INFO] [1771741112.011018452] [buoy_visualizer]: Buoy 10: range=3.99m, bearing=-1.4°, position=(3.98, -0.10), confidence=0.38
[buoy_visualizer-5] [INFO] [1771741112.012551008] [buoy_visualizer]: Published 11 buoy markers
[buoy_visualizer-5] [INFO] [1771741112.128682683] [buoy_visualizer]: Buoy 0: range=12.22m, bearing=-29.5°, position=(10.64, -6.02), confidence=1.00
[buoy_visualizer-5] [INFO] [1771741112.129909329] [buoy_visualizer]: Buoy 1: range=7.00m, bearing=-33.5°, position=(5.84, -3.87), confidence=1.00
[buoy_visualizer-5] [INFO] [1771741112.134059157] [buoy_visualizer]: Buoy 2: range=6.91m, bearing=22.1°, position=(6.40, 2.60), confidence=0.38
[buoy_visualizer-5] [INFO] [1771741112.135181572] [buoy_visualizer]: Buoy 3: range=1.46m, bearing=36.6°, position=(1.17, 0.87), confidence=1.00
[buoy_visualizer-5] [INFO] [1771741112.136142599] [buoy_visualizer]: Buoy 4: range=9.70m, bearing=34.7°, position=(7.97, 5.53), confidence=0.62
[buoy_visualizer-5] [INFO] [1771741112.137105483] [buoy_visualizer]: Buoy 5: range=6.96m, bearing=55.6°, position=(3.94, 5.74), confidence=1.00
[buoy_visualizer-5] [INFO] [1771741112.138014507] [buoy_visualizer]: Buoy 6: range=9.80m, bearing=-24.5°, position=(8.92, -4.06), confidence=1.00
[buoy_visualizer-5] [INFO] [1771741112.138766591] [buoy_visualizer]: Buoy 7: range=8.45m, bearing=-20.3°, position=(7.92, -2.93), confidence=0.25
[buoy_visualizer-5] [INFO] [1771741112.139560759] [buoy_visualizer]: Buoy 8: range=0.32m, bearing=-162.5°, position=(-0.31, -0.10), confidence=1.00
[buoy_visualizer-5] [INFO] [1771741112.140302731] [buoy_visualizer]: Buoy 9: range=3.51m, bearing=-115.5°, position=(-1.51, -3.17), confidence=0.25
[buoy_visualizer-5] [INFO] [1771741112.141011901] [buoy_visualizer]: Buoy 10: range=7.83m, bearing=-46.9°, position=(5.35, -5.72), confidence=0.50
[buoy_visualizer-5] [INFO] [1771741112.141722543] [buoy_visualizer]: Buoy 11: range=3.99m, bearing=-1.4°, position=(3.98, -0.10), confidence=0.38
[buoy_visualizer-5] [INFO] [1771741112.143134994] [buoy_visualizer]: Published 12 buoy markers
[buoy_visualizer-5] [INFO] [1771741112.257443726] [buoy_visualizer]: Buoy 0: range=3.54m, bearing=-115.5°, position=(-1.53, -3.20), confidence=0.38
[buoy_visualizer-5] [INFO] [1771741112.259432505] [buoy_visualizer]: Buoy 1: range=12.19m, bearing=-29.2°, position=(10.64, -5.94), confidence=0.88
[buoy_visualizer-5] [INFO] [1771741112.260727508] [buoy_visualizer]: Buoy 2: range=9.82m, bearing=-24.6°, position=(8.92, -4.09), confidence=1.00
[buoy_visualizer-5] [INFO] [1771741112.261689272] [buoy_visualizer]: Buoy 3: range=1.46m, bearing=37.1°, position=(1.16, 0.88), confidence=1.00
[buoy_visualizer-5] [INFO] [1771741112.263612863] [buoy_visualizer]: Buoy 4: range=13.95m, bearing=-43.7°, position=(10.09, -9.64), confidence=0.25
[buoy_visualizer-5] [INFO] [1771741112.264690731] [buoy_visualizer]: Buoy 5: range=0.32m, bearing=-162.1°, position=(-0.31, -0.10), confidence=1.00
[buoy_visualizer-5] [INFO] [1771741112.265603179] [buoy_visualizer]: Buoy 6: range=6.97m, bearing=55.9°, position=(3.91, 5.77), confidence=1.00
[buoy_visualizer-5] [INFO] [1771741112.266487113] [buoy_visualizer]: Buoy 7: range=6.92m, bearing=23.2°, position=(6.36, 2.73), confidence=0.38
[buoy_visualizer-5] [INFO] [1771741112.267349253] [buoy_visualizer]: Buoy 8: range=8.43m, bearing=-21.0°, position=(7.87, -3.02), confidence=0.25
[buoy_visualizer-5] [INFO] [1771741112.268253925] [buoy_visualizer]: Buoy 9: range=3.99m, bearing=-1.1°, position=(3.99, -0.08), confidence=0.75
[buoy_visualizer-5] [INFO] [1771741112.270147498] [buoy_visualizer]: Buoy 10: range=9.73m, bearing=35.2°, position=(7.95, 5.60), confidence=0.62
[buoy_visualizer-5] [INFO] [1771741112.271811711] [buoy_visualizer]: Published 11 buoy markers
[buoy_visualizer-5] [INFO] [1771741112.370452846] [buoy_visualizer]: Buoy 0: range=12.15m, bearing=-28.9°, position=(10.64, -5.86), confidence=1.00
[buoy_visualizer-5] [INFO] [1771741112.371381295] [buoy_visualizer]: Buoy 1: range=6.92m, bearing=23.2°, position=(6.36, 2.73), confidence=0.38
[buoy_visualizer-5] [INFO] [1771741112.372284495] [buoy_visualizer]: Buoy 2: range=1.51m, bearing=36.9°, position=(1.20, 0.90), confidence=1.00
[buoy_visualizer-5] [INFO] [1771741112.373270420] [buoy_visualizer]: Buoy 3: range=7.07m, bearing=55.2°, position=(4.04, 5.81), confidence=1.00
[buoy_visualizer-5] [INFO] [1771741112.374106286] [buoy_visualizer]: Buoy 4: range=8.43m, bearing=-21.0°, position=(7.87, -3.02), confidence=0.25
[buoy_visualizer-5] [INFO] [1771741112.380413833] [buoy_visualizer]: Buoy 5: range=9.82m, bearing=-24.4°, position=(8.94, -4.06), confidence=0.88
[buoy_visualizer-5] [INFO] [1771741112.382839380] [buoy_visualizer]: Buoy 6: range=3.99m, bearing=-1.1°, position=(3.99, -0.08), confidence=0.75
[buoy_visualizer-5] [INFO] [1771741112.384141007] [buoy_visualizer]: Buoy 7: range=9.73m, bearing=35.2°, position=(7.95, 5.60), confidence=0.62
[buoy_visualizer-5] [INFO] [1771741112.385087186] [buoy_visualizer]: Buoy 8: range=0.32m, bearing=-162.4°, position=(-0.30, -0.10), confidence=1.00
[buoy_visualizer-5] [INFO] [1771741112.386527575] [buoy_visualizer]: Published 9 buoy markers
[buoy_visualizer-5] [INFO] [1771741112.507697812] [buoy_visualizer]: Buoy 0: range=6.97m, bearing=-31.4°, position=(5.94, -3.63), confidence=1.00
[buoy_visualizer-5] [INFO] [1771741112.508746782] [buoy_visualizer]: Buoy 1: range=9.82m, bearing=-24.3°, position=(8.95, -4.03), confidence=0.88
[buoy_visualizer-5] [INFO] [1771741112.509689824] [buoy_visualizer]: Buoy 2: range=1.49m, bearing=40.0°, position=(1.14, 0.96), confidence=1.00
[buoy_visualizer-5] [INFO] [1771741112.510566334] [buoy_visualizer]: Buoy 3: range=7.06m, bearing=55.1°, position=(4.04, 5.79), confidence=1.00
[buoy_visualizer-5] [INFO] [1771741112.511885626] [buoy_visualizer]: Buoy 4: range=0.32m, bearing=-162.4°, position=(-0.30, -0.10), confidence=1.00
[buoy_visualizer-5] [INFO] [1771741112.513927658] [buoy_visualizer]: Buoy 5: range=9.74m, bearing=35.4°, position=(7.94, 5.65), confidence=0.75
[buoy_visualizer-5] [INFO] [1771741112.515597343] [buoy_visualizer]: Buoy 6: range=12.12m, bearing=-28.6°, position=(10.64, -5.80), confidence=1.00
[buoy_visualizer-5] [INFO] [1771741112.519726241] [buoy_visualizer]: Buoy 7: range=6.92m, bearing=23.5°, position=(6.34, 2.76), confidence=0.25
[buoy_visualizer-5] [INFO] [1771741112.523123119] [buoy_visualizer]: Buoy 8: range=3.97m, bearing=-0.4°, position=(3.97, -0.03), confidence=0.75
[buoy_visualizer-5] [INFO] [1771741112.525890226] [buoy_visualizer]: Published 9 buoy markers
[buoy_visualizer-5] [INFO] [1771741112.615987657] [buoy_visualizer]: Buoy 0: range=1.52m, bearing=40.5°, position=(1.16, 0.99), confidence=1.00
[buoy_visualizer-5] [INFO] [1771741112.616878152] [buoy_visualizer]: Buoy 1: range=9.83m, bearing=-24.4°, position=(8.95, -4.06), confidence=0.88
[buoy_visualizer-5] [INFO] [1771741112.617625244] [buoy_visualizer]: Buoy 2: range=12.11m, bearing=-28.3°, position=(10.67, -5.74), confidence=1.00
[buoy_visualizer-5] [INFO] [1771741112.618335086] [buoy_visualizer]: Buoy 3: range=7.41m, bearing=-33.3°, position=(6.19, -4.07), confidence=0.75
[buoy_visualizer-5] [INFO] [1771741112.619061409] [buoy_visualizer]: Buoy 4: range=6.02m, bearing=-28.9°, position=(5.27, -2.91), confidence=0.50
[buoy_visualizer-5] [INFO] [1771741112.619776307] [buoy_visualizer]: Buoy 5: range=0.32m, bearing=-162.7°, position=(-0.30, -0.09), confidence=1.00
[buoy_visualizer-5] [INFO] [1771741112.632240030] [buoy_visualizer]: Buoy 6: range=6.92m, bearing=23.5°, position=(6.34, 2.76), confidence=0.25
[buoy_visualizer-5] [INFO] [1771741112.633712934] [buoy_visualizer]: Buoy 7: range=3.97m, bearing=-0.4°, position=(3.97, -0.03), confidence=0.75
[buoy_visualizer-5] [INFO] [1771741112.634594084] [buoy_visualizer]: Buoy 8: range=8.45m, bearing=17.9°, position=(8.04, 2.59), confidence=0.25
[buoy_visualizer-5] [INFO] [1771741112.636616882] [buoy_visualizer]: Buoy 9: range=9.78m, bearing=36.2°, position=(7.89, 5.78), confidence=0.38
[buoy_visualizer-5] [INFO] [1771741112.638794155] [buoy_visualizer]: Buoy 10: range=3.59m, bearing=-115.0°, position=(-1.51, -3.25), confidence=0.38
[buoy_visualizer-5] [INFO] [1771741112.640870204] [buoy_visualizer]: Buoy 11: range=7.04m, bearing=55.7°, position=(3.96, 5.82), confidence=1.00
[buoy_visualizer-5] [INFO] [1771741112.643159869] [buoy_visualizer]: Published 12 buoy markers
[buoy_visualizer-5] [INFO] [1771741112.741967128] [buoy_visualizer]: Buoy 0: range=6.91m, bearing=23.9°, position=(6.32, 2.80), confidence=0.62
[buoy_visualizer-5] [INFO] [1771741112.742847542] [buoy_visualizer]: Buoy 1: range=9.82m, bearing=-24.0°, position=(8.98, -3.99), confidence=0.75
[buoy_visualizer-5] [INFO] [1771741112.743586794] [buoy_visualizer]: Buoy 2: range=4.00m, bearing=0.1°, position=(4.00, 0.01), confidence=1.00
[buoy_visualizer-5] [INFO] [1771741112.744353568] [buoy_visualizer]: Buoy 3: range=0.32m, bearing=-162.6°, position=(-0.30, -0.10), confidence=1.00
[buoy_visualizer-5] [INFO] [1771741112.745113877] [buoy_visualizer]: Buoy 4: range=8.45m, bearing=17.9°, position=(8.04, 2.59), confidence=0.25
[buoy_visualizer-5] [INFO] [1771741112.745827655] [buoy_visualizer]: Buoy 5: range=1.56m, bearing=41.5°, position=(1.17, 1.03), confidence=1.00
[buoy_visualizer-5] [INFO] [1771741112.746543289] [buoy_visualizer]: Buoy 6: range=9.78m, bearing=36.2°, position=(7.89, 5.78), confidence=0.38
[buoy_visualizer-5] [INFO] [1771741112.747256588] [buoy_visualizer]: Buoy 7: range=3.54m, bearing=-114.8°, position=(-1.49, -3.21), confidence=0.75
[buoy_visualizer-5] [INFO] [1771741112.752210887] [buoy_visualizer]: Buoy 8: range=7.08m, bearing=55.5°, position=(4.01, 5.84), confidence=1.00
[buoy_visualizer-5] [INFO] [1771741112.755442282] [buoy_visualizer]: Buoy 9: range=5.96m, bearing=-29.3°, position=(5.19, -2.92), confidence=0.62
[buoy_visualizer-5] [INFO] [1771741112.758239599] [buoy_visualizer]: Buoy 10: range=12.17m, bearing=-28.8°, position=(10.66, -5.87), confidence=1.00
[buoy_visualizer-5] [INFO] [1771741112.760901738] [buoy_visualizer]: Buoy 11: range=7.38m, bearing=-33.5°, position=(6.16, -4.07), confidence=0.25
[buoy_visualizer-5] [INFO] [1771741112.763151592] [buoy_visualizer]: Published 12 buoy markers
[buoy_visualizer-5] [INFO] [1771741112.878781440] [buoy_visualizer]: Buoy 0: range=5.96m, bearing=-29.3°, position=(5.19, -2.92), confidence=0.62
[buoy_visualizer-5] [INFO] [1771741112.883626164] [buoy_visualizer]: Buoy 1: range=12.17m, bearing=-28.8°, position=(10.66, -5.87), confidence=1.00
[buoy_visualizer-5] [INFO] [1771741112.890094971] [buoy_visualizer]: Buoy 2: range=1.60m, bearing=41.9°, position=(1.19, 1.07), confidence=1.00
[buoy_visualizer-5] [INFO] [1771741112.898323292] [buoy_visualizer]: Buoy 3: range=7.05m, bearing=55.3°, position=(4.02, 5.80), confidence=1.00
[buoy_visualizer-5] [INFO] [1771741112.902227631] [buoy_visualizer]: Buoy 4: range=9.83m, bearing=-24.0°, position=(8.98, -4.00), confidence=0.75
[buoy_visualizer-5] [INFO] [1771741112.905311719] [buoy_visualizer]: Buoy 5: range=7.38m, bearing=-33.5°, position=(6.16, -4.07), confidence=0.25
[buoy_visualizer-5] [INFO] [1771741112.907858138] [buoy_visualizer]: Buoy 6: range=0.31m, bearing=-160.8°, position=(-0.30, -0.10), confidence=1.00
[buoy_visualizer-5] [INFO] [1771741112.910587898] [buoy_visualizer]: Buoy 7: range=9.77m, bearing=35.5°, position=(7.95, 5.68), confidence=0.62
[buoy_visualizer-5] [INFO] [1771741112.913019397] [buoy_visualizer]: Buoy 8: range=8.54m, bearing=-22.0°, position=(7.92, -3.20), confidence=0.38
[buoy_visualizer-5] [INFO] [1771741112.914897832] [buoy_visualizer]: Buoy 9: range=3.99m, bearing=0.0°, position=(3.99, 0.00), confidence=1.00
[buoy_visualizer-5] [INFO] [1771741112.918449378] [buoy_visualizer]: Buoy 10: range=3.54m, bearing=-114.5°, position=(-1.47, -3.22), confidence=0.75
[buoy_visualizer-5] [INFO] [1771741112.922127812] [buoy_visualizer]: Buoy 11: range=6.92m, bearing=24.2°, position=(6.31, 2.83), confidence=0.50
[buoy_visualizer-5] [INFO] [1771741112.925452430] [buoy_visualizer]: Published 12 buoy markers
[buoy_visualizer-5] [INFO] [1771741113.000651407] [buoy_visualizer]: Buoy 0: range=1.59m, bearing=43.3°, position=(1.16, 1.09), confidence=1.00
[buoy_visualizer-5] [INFO] [1771741113.002402730] [buoy_visualizer]: Buoy 1: range=9.76m, bearing=35.7°, position=(7.93, 5.69), confidence=0.88
[buoy_visualizer-5] [INFO] [1771741113.004018107] [buoy_visualizer]: Buoy 2: range=6.98m, bearing=56.4°, position=(3.86, 5.82), confidence=1.00
[buoy_visualizer-5] [INFO] [1771741113.006522539] [buoy_visualizer]: Buoy 3: range=9.83m, bearing=-23.9°, position=(8.99, -3.98), confidence=0.75
[buoy_visualizer-5] [INFO] [1771741113.008067287] [buoy_visualizer]: Buoy 4: range=8.54m, bearing=-22.0°, position=(7.92, -3.20), confidence=0.38
[buoy_visualizer-5] [INFO] [1771741113.009169605] [buoy_visualizer]: Buoy 5: range=3.99m, bearing=0.0°, position=(3.99, 0.00), confidence=1.00
[buoy_visualizer-5] [INFO] [1771741113.010061891] [buoy_visualizer]: Buoy 6: range=0.32m, bearing=-159.8°, position=(-0.30, -0.11), confidence=1.00
[buoy_visualizer-5] [INFO] [1771741113.011428835] [buoy_visualizer]: Buoy 7: range=3.54m, bearing=-114.5°, position=(-1.47, -3.22), confidence=0.75
[buoy_visualizer-5] [INFO] [1771741113.012483341] [buoy_visualizer]: Buoy 8: range=6.01m, bearing=-28.9°, position=(5.26, -2.90), confidence=0.62
[buoy_visualizer-5] [INFO] [1771741113.013319080] [buoy_visualizer]: Buoy 9: range=12.33m, bearing=-30.3°, position=(10.65, -6.22), confidence=1.00
[buoy_visualizer-5] [INFO] [1771741113.014116416] [buoy_visualizer]: Buoy 10: range=7.38m, bearing=-32.8°, position=(6.20, -4.00), confidence=0.25
[buoy_visualizer-5] [INFO] [1771741113.020347606] [buoy_visualizer]: Buoy 11: range=6.92m, bearing=24.2°, position=(6.31, 2.83), confidence=0.50
[buoy_visualizer-5] [INFO] [1771741113.021548778] [buoy_visualizer]: Buoy 12: range=11.00m, bearing=-43.6°, position=(7.96, -7.59), confidence=0.25
[buoy_visualizer-5] [INFO] [1771741113.022357347] [buoy_visualizer]: Buoy 13: range=8.42m, bearing=-41.9°, position=(6.26, -5.63), confidence=0.25
[buoy_visualizer-5] [INFO] [1771741113.024057818] [buoy_visualizer]: Published 14 buoy markers
[buoy_visualizer-5] [INFO] [1771741113.132275144] [buoy_visualizer]: Buoy 0: range=0.31m, bearing=-159.8°, position=(-0.29, -0.11), confidence=1.00
[buoy_visualizer-5] [INFO] [1771741113.133169415] [buoy_visualizer]: Buoy 1: range=8.47m, bearing=17.9°, position=(8.06, 2.60), confidence=0.25
[buoy_visualizer-5] [INFO] [1771741113.133945533] [buoy_visualizer]: Buoy 2: range=1.62m, bearing=42.7°, position=(1.19, 1.10), confidence=1.00
[buoy_visualizer-5] [INFO] [1771741113.134732053] [buoy_visualizer]: Buoy 3: range=3.51m, bearing=-114.6°, position=(-1.46, -3.19), confidence=1.00
[buoy_visualizer-5] [INFO] [1771741113.152811562] [buoy_visualizer]: Buoy 4: range=7.01m, bearing=56.6°, position=(3.85, 5.85), confidence=1.00
[buoy_visualizer-5] [INFO] [1771741113.158382001] [buoy_visualizer]: Buoy 5: range=12.40m, bearing=-31.0°, position=(10.63, -6.39), confidence=1.00
[buoy_visualizer-5] [INFO] [1771741113.162284899] [buoy_visualizer]: Buoy 6: range=9.86m, bearing=-24.7°, position=(8.96, -4.13), confidence=0.62
[buoy_visualizer-5] [INFO] [1771741113.163215140] [buoy_visualizer]: Buoy 7: range=8.58m, bearing=-23.2°, position=(7.89, -3.38), confidence=0.25
[buoy_visualizer-5] [INFO] [1771741113.167029584] [buoy_visualizer]: Buoy 8: range=6.48m, bearing=13.7°, position=(6.29, 1.53), confidence=0.38
[buoy_visualizer-5] [INFO] [1771741113.168522297] [buoy_visualizer]: Buoy 9: range=7.38m, bearing=-32.8°, position=(6.20, -4.00), confidence=0.25
[buoy_visualizer-5] [INFO] [1771741113.169939132] [buoy_visualizer]: Buoy 10: range=6.91m, bearing=23.9°, position=(6.32, 2.80), confidence=1.00
[buoy_visualizer-5] [INFO] [1771741113.170793400] [buoy_visualizer]: Buoy 11: range=6.71m, bearing=-39.6°, position=(5.17, -4.28), confidence=0.25
[buoy_visualizer-5] [INFO] [1771741113.171557518] [buoy_visualizer]: Buoy 12: range=4.02m, bearing=0.0°, position=(4.02, 0.00), confidence=0.75
[buoy_visualizer-5] [INFO] [1771741113.172314243] [buoy_visualizer]: Buoy 13: range=9.75m, bearing=35.7°, position=(7.91, 5.69), confidence=0.75
[buoy_visualizer-5] [INFO] [1771741113.173041142] [buoy_visualizer]: Buoy 14: range=11.00m, bearing=-43.6°, position=(7.96, -7.59), confidence=0.25
[buoy_visualizer-5] [INFO] [1771741113.174168805] [buoy_visualizer]: Buoy 15: range=8.42m, bearing=-41.9°, position=(6.26, -5.63), confidence=0.25
[buoy_visualizer-5] [INFO] [1771741113.176418147] [buoy_visualizer]: Published 16 buoy markers
